year,country_of_production,product_type,forest_500_palm_oil,zero_deforestation_indonesia_palm_oil,province_of_production,kabupaten_of_production,mill,mill_trase_id,mill_group,refinery,refinery_trase_id,refinery_group,exporter,exporter_group,port_of_export,importer,importer_group,country_of_first_import,economic_bloc,province_of_production_trase_id,kabupaten_of_production_trase_id,country_of_production_trase_id,country_of_first_import_trase_id,palm_oil_deforestation_10_year_total_exposure,palm_oil_deforestation_annual_exposure,total_emission_exposure,net_emission_luc_exposure,emission_subsidence_exposure,gross_emission_luc_exposure,emissions_fire_on_peat_exposure,volume,oil_palm_ha,fob
2022,INDONESIA,PALM OIL,3,NDPE COMMITMENT,KALIMANTAN TIMUR,BERAU,AGRI EASTBORNEO KENCANA,ID-PALM-MILL-00401,KENCANA AGRI,NOT REFINED,ID-PALM-REFINERY-0000,NOT REFINED,SUMBER HIJAU UTAMA,ROYAL GOLDEN EAGLE,DUMAI,AAA OILS & FATS,AAA OILS & FATS,SPAIN,EUROPEAN UNION,ID-64,ID-6403,ID,ES,0.112106416967823,0.0,64.073673208816,0.0,64.073673208816,0.0,0.0,6.57246503820699,2.346020059839799,7860.86754719923
2022,INDONESIA,PALM OIL,3,NDPE COMMITMENT,KALIMANTAN TIMUR,BERAU,AGRO INDOMAS (BUMI JAYA),ID-PALM-MILL-00011,GOODHOPE,NOT REFINED,ID-PALM-REFINERY-0000,NOT REFINED,SUMBER HIJAU UTAMA,ROYAL GOLDEN EAGLE,DUMAI,AAA OILS & FATS,AAA OILS & FATS,SPAIN,EUROPEAN UNION,ID-64,ID-6403,ID,ES,0.0,0.0,0.0,0.0,0.0,0.0,0.0,0.011103952117379,0.0021778219127388,13.280663546743
2022,INDONESIA,PALM OIL,3,NDPE COMMITMENT,KALIMANTAN TIMUR,BERAU,ANUGERAH AGUNG PRIMA ABADI,ID-PALM-MILL-01343,TRIPUTRA AGRO PERSADA,NOT REFINED,ID-PALM-REFINERY-0000,NOT REFINED,SUMBER HIJAU UTAMA,ROYAL GOLDEN EAGLE,DUMAI,AAA OILS & FATS,AAA OILS & FATS,SPAIN,EUROPEAN UNION,ID-64,ID-6405,ID,ES,1.12355780320658,0.0,0.0,0.0,0.0,0.0,0.0,7.00310860971779,2.49854516561695,8375.93032136695
2022,INDONESIA,PALM OIL,3,NDPE COMMITMENT,KALIMANTAN TIMUR,BERAU,BRAU AGRO ASIA,ID-PALM-MILL-01445,UNKNOWN AFFILIATION,NOT REFINED,ID-PALM-REFINERY-0000,NOT REFINED,SUMBER HIJAU UTAMA,ROYAL GOLDEN EAGLE,DUMAI,AAA OILS & FATS,AAA OILS & FATS,SPAIN,EUROPEAN UNION,ID-64,ID-6405,ID,ES,0.8622839738736691,0.0,0.0526860831553771,0.0,0.0526860831553771,0.0,0.0,4.09191722613912,1.244342157479307,4894.05712191625
2022,INDONESIA,PALM OIL,3,NDPE COMMITMENT,KALIMANTAN TIMUR,BERAU,CAHAYA ANUGERAH PLANTATION (FELIZA),ID-PALM-MILL-00154,TELADAN PRIMA,NOT REFINED,ID-PALM-REFINERY-0000,NOT REFINED,SUMBER HIJAU UTAMA,ROYAL GOLDEN EAGLE,DUMAI,AAA OILS & FATS,AAA OILS & FATS,SPAIN,EUROPEAN UNION,ID-64,ID-6403,ID,ES,0.0,0.0,0.0,0.0,0.0,0.0,0.0,6.32611618534241,2.25222525483924,7566.22684671385
2022,INDONESIA,PALM OIL,3,NDPE COMMITMENT,KALIMANTAN TIMUR,BERAU,DWIWIRA LESTARI JAYA,ID-PALM-MILL-00914,TRIPUTRA AGRO PERSADA,NOT REFINED,ID-PALM-REFINERY-0000,NOT REFINED,SUMBER HIJAU UTAMA,ROYAL GOLDEN EAGLE,DUMAI,AAA OILS & FATS,AAA OILS & FATS,SPAIN,EUROPEAN UNION,ID-64,ID-6405,ID,ES,1.12915610223961,0.0,0.0,0.0,0.0,0.0,0.0,6.20168722241958,2.21271582563012,7417.40603277483
2022,INDONESIA,PALM OIL,3,NDPE COMMITMENT,KALIMANTAN TIMUR,BERAU,ETAM BERSAMA LESTARI,ID-PALM-MILL-00913,TRIPUTRA AGRO PERSADA,NOT REFINED,ID-PALM-REFINERY-0000,NOT REFINED,SUMBER HIJAU UTAMA,ROYAL GOLDEN EAGLE,DUMAI,AAA OILS & FATS,AAA OILS & FATS,SPAIN,EUROPEAN UNION,ID-64,ID-6405,ID,ES,0.0620421706986282,0.0,0.0,0.0,0.0,0.0,0.0,0.210474443871963,0.0751107176565917,251.733819157642
2022,INDONESIA,PALM OIL,3,NDPE COMMITMENT,KALIMANTAN TIMUR,BERAU,HUTAN HIJAU MAS (BERAU),ID-PALM-MILL-00311,KUALA LUMPUR KEPONG (KLK),NOT REFINED,ID-PALM-REFINERY-0000,NOT REFINED,SUMBER HIJAU UTAMA,ROYAL GOLDEN EAGLE,DUMAI,AAA OILS & FATS,AAA OILS & FATS,SPAIN,EUROPEAN UNION,ID-64,ID-6405,ID,ES,0.5447943947794599,0.0190423854064769,18.5482658657379,13.4821047326249,5.06616113311298,27.1828526074111,0.0,12.225646200453875,4.349383070471416,14622.24369426319
2022,INDONESIA,PALM OIL,3,NDPE COMMITMENT,KALIMANTAN TIMUR,BERAU,JABONTARA EKA KARSA (JABON),ID-PALM-MILL-00419,KUALA LUMPUR KEPONG (KLK),NOT REFINED,ID-PALM-REFINERY-0000,NOT REFINED,SUMBER HIJAU UTAMA,ROYAL GOLDEN EAGLE,DUMAI,AAA OILS & FATS,AAA OILS & FATS,SPAIN,EUROPEAN UNION,ID-64,ID-6405,ID,ES,2.4197569570392696,0.06002841494047753,20.659164535544196,20.659164535544196,0.0,32.288652888924,0.0,7.795539713800228,2.7863306832398007,9323.701958532223
2022,INDONESIA,PALM OIL,3,NDPE COMMITMENT,KALIMANTAN TIMUR,BERAU,JAYA MANDIRI SUKSES (BANGKIRAI),ID-PALM-MILL-00676,EAGLE HIGH PLANTATIONS,NOT REFINED,ID-PALM-REFINERY-0000,NOT REFINED,SUMBER HIJAU UTAMA,ROYAL GOLDEN EAGLE,DUMAI,AAA OILS & FATS,AAA OILS & FATS,SPAIN,EUROPEAN UNION,ID-64,ID-6403,ID,ES,0.0,0.0,0.0,0.0,0.0,0.0,0.0,11.8566023924052,4.13230030787192,14180.8561056917
2022,INDONESIA,PALM OIL,3,NDPE COMMITMENT,KALIMANTAN TIMUR,BERAU,MAJU KALIMANTAN HADAPAN (SEGUNTUNG),ID-PALM-MILL-00997,MKH BERHAD,NOT REFINED,ID-PALM-REFINERY-0000,NOT REFINED,SUMBER HIJAU UTAMA,ROYAL GOLDEN EAGLE,DUMAI,AAA OILS & FATS,AAA OILS & FATS,SPAIN,EUROPEAN UNION,ID-64,ID-6403,ID,ES,0.0,0.0,115.0751994055237,0.0,115.0751994055237,0.0,0.0,12.90642744022894,4.605837219876639,15436.478707059801
2022,INDONESIA,PALM OIL,3,NDPE COMMITMENT,KALIMANTAN TIMUR,BERAU,NALA PALMA CADUDASA,ID-PALM-MILL-00721,NPC RESOURCES BERHAD,NOT REFINED,ID-PALM-REFINERY-0000,NOT REFINED,SUMBER HIJAU UTAMA,ROYAL GOLDEN EAGLE,DUMAI,AAA OILS & FATS,AAA OILS & FATS,SPAIN,EUROPEAN UNION,ID-64,ID-6403,ID,ES,0.0503017038555923,0.0,0.184494871106176,0.184494871106176,0.0,1.35139959406842,0.0,2.17091374182396,0.772721467796628,2596.47868519181
2022,INDONESIA,PALM OIL,3,NDPE COMMITMENT,KALIMANTAN TIMUR,BERAU,NIAGA MAS GEMILANG,ID-PALM-MILL-00373,JC CHEMICAL,NOT REFINED,ID-PALM-REFINERY-0000,NOT REFINED,SUMBER HIJAU UTAMA,ROYAL GOLDEN EAGLE,DUMAI,AAA OILS & FATS,AAA OILS & FATS,SPAIN,EUROPEAN UNION,ID-64,ID-6403,ID,ES,0.000925349809211128,0.0,0.21649126282969,0.21649126282969,0.0,0.833270829623205,0.0,8.9951598651013,2.48108350361812,10758.484047369511
2022,INDONESIA,PALM OIL,3,NDPE COMMITMENT,KALIMANTAN TIMUR,BERAU,PERKEBUNAN KALTIM UTAMA I,ID-PALM-MILL-01012,TOBA BARA,NOT REFINED,ID-PALM-REFINERY-0000,NOT REFINED,SUMBER HIJAU UTAMA,ROYAL GOLDEN EAGLE,DUMAI,AAA OILS & FATS,AAA OILS & FATS,SPAIN,EUROPEAN UNION,ID-64,ID-6403,ID,ES,0.0,0.0,0.0,0.0,0.0,0.0,0.0,0.980219832224318,0.289398641890606,1172.37265218763
2022,INDONESIA,PALM OIL,3,NDPE COMMITMENT,KALIMANTAN TIMUR,BERAU,PERSADA KARYA SAWIT,ID-PALM-MILL-01424,UNKNOWN AFFILIATION,NOT REFINED,ID-PALM-REFINERY-0000,NOT REFINED,SUMBER HIJAU UTAMA,ROYAL GOLDEN EAGLE,DUMAI,AAA OILS & FATS,AAA OILS & FATS,SPAIN,EUROPEAN UNION,ID-64,ID-6403,ID,ES,0.0,0.0,0.0,0.0,0.0,0.0,0.0,6.82619676338363,2.43602334243762,8164.33838691328
2022,INDONESIA,PALM OIL,3,NDPE COMMITMENT,KALIMANTAN TIMUR,BERAU,PRIMA MITRAJAYA MANDIRI (BUMI PERMAI),ID-PALM-MILL-00495,MP EVANS,NOT REFINED,ID-PALM-REFINERY-0000,NOT REFINED,SUMBER HIJAU UTAMA,ROYAL GOLDEN EAGLE,DUMAI,AAA OILS & FATS,AAA OILS & FATS,SPAIN,EUROPEAN UNION,ID-64,ID-6403,ID,ES,0.00270776633981801,0.0,0.329323678196489,0.0,0.329323678196489,0.0,0.0,12.199124492655917,4.184191556282521,14590.522927258171
2022,INDONESIA,PALM OIL,3,NDPE COMMITMENT,KALIMANTAN TIMUR,BERAU,REA KALTIM PLANTATIONS (CAKRA),ID-PALM-MILL-00680,REA HOLDINGS,NOT REFINED,ID-PALM-REFINERY-0000,NOT REFINED,SUMBER HIJAU UTAMA,ROYAL GOLDEN EAGLE,DUMAI,AAA OILS & FATS,AAA OILS & FATS,SPAIN,EUROPEAN UNION,ID-64,ID-6403,ID,ES,0.0,0.0,-1.9375116269999,-1.9375116269999,0.0,1.5336883422939,0.0,12.744191431783479,4.213116299379824,15242.43951988081
2022,INDONESIA,PALM OIL,3,NDPE COMMITMENT,KALIMANTAN TIMUR,BERAU,REA KALTIM PLANTATIONS (PERDANA),ID-PALM-MILL-00681,REA HOLDINGS,NOT REFINED,ID-PALM-REFINERY-0000,NOT REFINED,SUMBER HIJAU UTAMA,ROYAL GOLDEN EAGLE,DUMAI,AAA OILS & FATS,AAA OILS & FATS,SPAIN,EUROPEAN UNION,ID-64,ID-6403,ID,ES,0.0,0.0,0.0,0.0,0.0,0.0,0.0,6.294708352832112,2.1069804643362384,7528.662126342907
2022,INDONESIA,PALM OIL,3,NDPE COMMITMENT,KALIMANTAN TIMUR,BERAU,SASANA YUDHA BAKTI (SATRIA),ID-PALM-MILL-01013,REA HOLDINGS,NOT REFINED,ID-PALM-REFINERY-0000,NOT REFINED,SUMBER HIJAU UTAMA,ROYAL GOLDEN EAGLE,DUMAI,AAA OILS & FATS,AAA OILS & FATS,SPAIN,EUROPEAN UNION,ID-64,ID-6403,ID,ES,0.00747673069799724,0.0,0.0,0.0,0.0,0.0,0.0,6.886702776174949,2.273191617284361,8236.705413530663
2022,INDONESIA,PALM OIL,3,NDPE COMMITMENT,KALIMANTAN TIMUR,BERAU,SATU SEMBILAN DELAPAN,ID-PALM-MILL-00420,KUALA LUMPUR KEPONG (KLK),NOT REFINED,ID-PALM-REFINERY-0000,NOT REFINED,SUMBER HIJAU UTAMA,ROYAL GOLDEN EAGLE,DUMAI,AAA OILS & FATS,AAA OILS & FATS,SPAIN,EUROPEAN UNION,ID-64,ID-6405,ID,ES,0.5622906631101277,0.012316616162627443,20.03601902337305,8.721825736578415,11.314193286794668,17.757295232646637,0.0,7.681134347384004,2.5274155416136455,9186.869670059197
2022,INDONESIA,PALM OIL,3,NDPE COMMITMENT,KALIMANTAN TIMUR,BERAU,SAWIT KALTIM LESTARI,ID-PALM-MILL-00717,KENCANA AGRI,NOT REFINED,ID-PALM-REFINERY-0000,NOT REFINED,SUMBER HIJAU UTAMA,ROYAL GOLDEN EAGLE,DUMAI,AAA OILS & FATS,AAA OILS & FATS,SPAIN,EUROPEAN UNION,ID-64,ID-6403,ID,ES,0.0,0.0,94.87164726261663,0.0,94.87164726261663,0.0,0.0,5.2785087273227,1.875069210263271,6313.2565500171295
2022,INDONESIA,PALM OIL,3,NDPE COMMITMENT,KALIMANTAN TIMUR,BERAU,SAWIT SUKSES SEJAHTERA,ID-PALM-MILL-00218,EAGLE HIGH PLANTATIONS,NOT REFINED,ID-PALM-REFINERY-0000,NOT REFINED,SUMBER HIJAU UTAMA,ROYAL GOLDEN EAGLE,DUMAI,AAA OILS & FATS,AAA OILS & FATS,SPAIN,EUROPEAN UNION,ID-64,ID-6403,ID,ES,0.0,0.0,0.0,0.0,0.0,0.0,0.0,1.37917291978765,0.487102357340444,1649.53264629193
2022,INDONESIA,PALM OIL,3,NDPE COMMITMENT,KALIMANTAN TIMUR,BERAU,SENTOSA KALIMANTAN JAYA,ID-PALM-MILL-01144,UNKNOWN AFFILIATION,NOT REFINED,ID-PALM-REFINERY-0000,NOT REFINED,SUMBER HIJAU UTAMA,ROYAL GOLDEN EAGLE,DUMAI,AAA OILS & FATS,AAA OILS & FATS,SPAIN,EUROPEAN UNION,ID-64,ID-6405,ID,ES,0.738053194810443,5.4749253311522e-07,0.0237609701464144,0.0237609701464144,0.0,0.0452635794669645,0.0,5.51065977999582,1.96581587642755,6590.91625081398
2022,INDONESIA,PALM OIL,3,NDPE COMMITMENT,KALIMANTAN TIMUR,BERAU,TANJUNG BUYU PERKASA PLANTATION (TALISAYAN),ID-PALM-MILL-00880,TELADAN PRIMA,NOT REFINED,ID-PALM-REFINERY-0000,NOT REFINED,SUMBER HIJAU UTAMA,ROYAL GOLDEN EAGLE,DUMAI,AAA OILS & FATS,AAA OILS & FATS,SPAIN,EUROPEAN UNION,ID-64,ID-6405,ID,ES,0.085119933058389,0.0,0.008395946561665,0.0,0.008395946561665,0.0,0.0,12.33776069250892,4.154897173888029,14756.33602751152
2022,INDONESIA,PALM OIL,3,NDPE COMMITMENT,KALIMANTAN TIMUR,BERAU,TEGUH JAYAPRIMA ABADI (RAHAYU),ID-PALM-MILL-01360,MP EVANS,NOT REFINED,ID-PALM-REFINERY-0000,NOT REFINED,SUMBER HIJAU UTAMA,ROYAL GOLDEN EAGLE,DUMAI,AAA OILS & FATS,AAA OILS & FATS,SPAIN,EUROPEAN UNION,ID-64,ID-6403,ID,ES,0.0096094918231794,0.0,1.611683262206039,0.0,1.611683262206039,0.0,0.0,7.23043306153557,2.37049568492335,8647.81726113631
2022,INDONESIA,PALM OIL,3,NDPE COMMITMENT,KALIMANTAN TIMUR,BERAU,TELEN (PENGADAN BAAY),ID-PALM-MILL-00879,TELADAN PRIMA,NOT REFINED,ID-PALM-REFINERY-0000,NOT REFINED,SUMBER HIJAU UTAMA,ROYAL GOLDEN EAGLE,DUMAI,AAA OILS & FATS,AAA OILS & FATS,SPAIN,EUROPEAN UNION,ID-64,ID-6405,ID,ES,0.210859051445583,0.0,0.0,0.0,0.0,0.0,0.0,1.44951969663914,0.51728116092879,1733.66952522355
2022,INDONESIA,PALM OIL,3,NDPE COMMITMENT,KALIMANTAN TIMUR,BERAU,YUDHA WAHANA ABADI,ID-PALM-MILL-00990,TRIPUTRA AGRO PERSADA,NOT REFINED,ID-PALM-REFINERY-0000,NOT REFINED,SUMBER HIJAU UTAMA,ROYAL GOLDEN EAGLE,DUMAI,AAA OILS & FATS,AAA OILS & FATS,SPAIN,EUROPEAN UNION,ID-64,ID-6405,ID,ES,0.32233045250102,4.65043783251094e-05,0.0450612157573802,0.0450612157573802,0.0,0.0853766034270742,0.0,4.21019942117246,1.49755754499232,5035.52621501054
2022,INDONESIA,PALM OIL,3,NDPE COMMITMENT,KALIMANTAN TIMUR,KOTA SAMARINDA,PERKEBUNAN KALTIM UTAMA I,ID-PALM-MILL-01012,TOBA BARA,NOT REFINED,ID-PALM-REFINERY-0000,NOT REFINED,SUMBER HIJAU UTAMA,ROYAL GOLDEN EAGLE,DUMAI,AAA OILS & FATS,AAA OILS & FATS,SPAIN,EUROPEAN UNION,ID-64,ID-6472,ID,ES,0.0,0.0,0.0,0.0,0.0,0.0,0.0,0.114747818291758,0.0227832426666557,137.241871303688
2022,INDONESIA,PALM OIL,3,NDPE COMMITMENT,KALIMANTAN TIMUR,KUTAI KARTANEGARA,FARINDA BERSAUDARA,ID-PALM-MILL-00886,TSH RESOURCES,NOT REFINED,ID-PALM-REFINERY-0000,NOT REFINED,SUMBER HIJAU UTAMA,ROYAL GOLDEN EAGLE,DUMAI,AAA OILS & FATS,AAA OILS & FATS,SPAIN,EUROPEAN UNION,ID-64,ID-6402,ID,ES,0.17142148701746157,0.0,0.0,0.0,0.0,0.0,0.0,10.233483618908924,3.451786792765196,12239.5568187947
2022,INDONESIA,PALM OIL,3,NDPE COMMITMENT,KALIMANTAN TIMUR,KUTAI KARTANEGARA,JAYA MANDIRI SUKSES (BANGKIRAI),ID-PALM-MILL-00676,EAGLE HIGH PLANTATIONS,NOT REFINED,ID-PALM-REFINERY-0000,NOT REFINED,SUMBER HIJAU UTAMA,ROYAL GOLDEN EAGLE,DUMAI,AAA OILS & FATS,AAA OILS & FATS,SPAIN,EUROPEAN UNION,ID-64,ID-6402,ID,ES,0.0,0.0,0.0,0.0,0.0,0.0,0.0,0.0266726710203895,0.00951851172667002,31.9013235981398
2022,INDONESIA,PALM OIL,3,NDPE COMMITMENT,KALIMANTAN TIMUR,KUTAI KARTANEGARA,PUTRA BONGAN JAYA,ID-PALM-MILL-01431,KUALA LUMPUR KEPONG (KLK),NOT REFINED,ID-PALM-REFINERY-0000,NOT REFINED,SUMBER HIJAU UTAMA,ROYAL GOLDEN EAGLE,DUMAI,AAA OILS & FATS,AAA OILS & FATS,SPAIN,EUROPEAN UNION,ID-64,ID-6402,ID,ES,0.0198670960316486,0.0,0.0,0.0,0.0,0.0,0.0,3.91763512329973,1.39689833232148,4685.61044044991
2022,INDONESIA,PALM OIL,3,NDPE COMMITMENT,KALIMANTAN TIMUR,KUTAI KARTANEGARA,REA KALTIM PLANTATIONS (PERDANA),ID-PALM-MILL-00681,REA HOLDINGS,NOT REFINED,ID-PALM-REFINERY-0000,NOT REFINED,SUMBER HIJAU UTAMA,ROYAL GOLDEN EAGLE,DUMAI,AAA OILS & FATS,AAA OILS & FATS,SPAIN,EUROPEAN UNION,ID-64,ID-6402,ID,ES,0.0,0.0,0.064622060740216,0.064622060740216,0.0,0.773892586034857,0.0,4.90864656522739,1.66793651227424,5870.89018518287
2022,INDONESIA,PALM OIL,3,NDPE COMMITMENT,KALIMANTAN TIMUR,KUTAI KARTANEGARA,SASANA YUDHA BAKTI (SATRIA),ID-PALM-MILL-01013,REA HOLDINGS,NOT REFINED,ID-PALM-REFINERY-0000,NOT REFINED,SUMBER HIJAU UTAMA,ROYAL GOLDEN EAGLE,DUMAI,AAA OILS & FATS,AAA OILS & FATS,SPAIN,EUROPEAN UNION,ID-64,ID-6402,ID,ES,0.00124084412831253,0.0,0.0,0.0,0.0,0.0,0.0,2.23555917415314,0.486057829434593,2673.7965831368
2022,INDONESIA,PALM OIL,3,NDPE COMMITMENT,KALIMANTAN TIMUR,KUTAI TIMUR,AGRI EASTBORNEO KENCANA,ID-PALM-MILL-00401,KENCANA AGRI,NOT REFINED,ID-PALM-REFINERY-0000,NOT REFINED,SUMBER HIJAU UTAMA,ROYAL GOLDEN EAGLE,DUMAI,AAA OILS & FATS,AAA OILS & FATS,SPAIN,EUROPEAN UNION,ID-64,ID-6404,ID,ES,0.0,0.0,0.0,0.0,0.0,0.0,0.0,0.32627892913698,0.116437083249128,390.239496213053
2022,INDONESIA,PALM OIL,3,NDPE COMMITMENT,KALIMANTAN TIMUR,KUTAI TIMUR,BIMA AGRI SAWIT (POM 10),ID-PALM-MILL-00116,DHARMA SATYA NUSANTARA (DSN),NOT REFINED,ID-PALM-REFINERY-0000,NOT REFINED,SUMBER HIJAU UTAMA,ROYAL GOLDEN EAGLE,DUMAI,AAA OILS & FATS,AAA OILS & FATS,SPAIN,EUROPEAN UNION,ID-64,ID-6404,ID,ES,0.0,0.0,0.241036364176206,0.241036364176206,0.0,0.658032403374272,0.0,5.84838100721539,2.000738226927,6994.84108261116
2022,INDONESIA,PALM OIL,3,NDPE COMMITMENT,KALIMANTAN TIMUR,KUTAI TIMUR,BIMA PALMA NUGRAHA (POM 9),ID-PALM-MILL-00117,DHARMA SATYA NUSANTARA (DSN),NOT REFINED,ID-PALM-REFINERY-0000,NOT REFINED,SUMBER HIJAU UTAMA,ROYAL GOLDEN EAGLE,DUMAI,AAA OILS & FATS,AAA OILS & FATS,SPAIN,EUROPEAN UNION,ID-64,ID-6404,ID,ES,0.0,0.0,0.0,0.0,0.0,0.0,0.0,9.54436815052112,3.37926524266455,11415.35381577643
2022,INDONESIA,PALM OIL,3,NDPE COMMITMENT,KALIMANTAN TIMUR,KUTAI TIMUR,BUMI MAS AGRO (BENUANG),ID-PALM-MILL-01422,MP EVANS,NOT REFINED,ID-PALM-REFINERY-0000,NOT REFINED,SUMBER HIJAU UTAMA,ROYAL GOLDEN EAGLE,DUMAI,AAA OILS & FATS,AAA OILS & FATS,SPAIN,EUROPEAN UNION,ID-64,ID-6404,ID,ES,0.0,0.0,0.0,0.0,0.0,0.0,0.0,9.67301793434043,3.45195436833428,11569.2228595371
2022,INDONESIA,PALM OIL,3,NDPE COMMITMENT,KALIMANTAN TIMUR,KUTAI TIMUR,DEWATA SAWIT NUSANTARA (POM 6),ID-PALM-MILL-01143,DHARMA SATYA NUSANTARA (DSN),NOT REFINED,ID-PALM-REFINERY-0000,NOT REFINED,SUMBER HIJAU UTAMA,ROYAL GOLDEN EAGLE,DUMAI,AAA OILS & FATS,AAA OILS & FATS,SPAIN,EUROPEAN UNION,ID-64,ID-6404,ID,ES,0.0,0.0,0.0,0.0,0.0,0.0,0.0,10.295933629829053,3.6573326720270605,12314.248926141097
2022,INDONESIA,PALM OIL,3,NDPE COMMITMENT,KALIMANTAN TIMUR,KUTAI TIMUR,DHARMA AGROTAMA NUSANTARA (POM 2),ID-PALM-MILL-00199,DHARMA SATYA NUSANTARA (DSN),NOT REFINED,ID-PALM-REFINERY-0000,NOT REFINED,SUMBER HIJAU UTAMA,ROYAL GOLDEN EAGLE,DUMAI,AAA OILS & FATS,AAA OILS & FATS,SPAIN,EUROPEAN UNION,ID-64,ID-6404,ID,ES,0.0,0.0,0.0,0.0,0.0,0.0,0.0,11.211790149789419,4.001082241742033,13409.64110453926
2022,INDONESIA,PALM OIL,3,NDPE COMMITMENT,KALIMANTAN TIMUR,KUTAI TIMUR,DHARMA INTISAWIT NUGRAHA (POM 11),ID-PALM-MILL-01449,DHARMA SATYA NUSANTARA (DSN),NOT REFINED,ID-PALM-REFINERY-0000,NOT REFINED,SUMBER HIJAU UTAMA,ROYAL GOLDEN EAGLE,DUMAI,AAA OILS & FATS,AAA OILS & FATS,SPAIN,EUROPEAN UNION,ID-64,ID-6404,ID,ES,0.0,0.0,0.0,0.0,0.0,0.0,0.0,6.01181672604832,2.14539998494107,7190.31515980419
2022,INDONESIA,PALM OIL,3,NDPE COMMITMENT,KALIMANTAN TIMUR,KUTAI TIMUR,DHARMA INTISAWIT NUGRAHA (POM 3),ID-PALM-MILL-00200,DHARMA SATYA NUSANTARA (DSN),NOT REFINED,ID-PALM-REFINERY-0000,NOT REFINED,SUMBER HIJAU UTAMA,ROYAL GOLDEN EAGLE,DUMAI,AAA OILS & FATS,AAA OILS & FATS,SPAIN,EUROPEAN UNION,ID-64,ID-6404,ID,ES,0.0,0.0,0.0,0.0,0.0,0.0,0.0,8.72925846204913,3.1073817253094047,10440.457903775494
2022,INDONESIA,PALM OIL,3,NDPE COMMITMENT,KALIMANTAN TIMUR,KUTAI TIMUR,DINAMIKA PRIMA ARTHA,ID-PALM-MILL-01400,MINANGA,NOT REFINED,ID-PALM-REFINERY-0000,NOT REFINED,SUMBER HIJAU UTAMA,ROYAL GOLDEN EAGLE,DUMAI,AAA OILS & FATS,AAA OILS & FATS,SPAIN,EUROPEAN UNION,ID-64,ID-6404,ID,ES,0.0,0.0,0.0,0.0,0.0,0.0,0.0,7.53250774898714,2.658220646363366,9009.107750110321
2022,INDONESIA,PALM OIL,3,NDPE COMMITMENT,KALIMANTAN TIMUR,KUTAI TIMUR,DWIWIRA LESTARI JAYA,ID-PALM-MILL-00914,TRIPUTRA AGRO PERSADA,NOT REFINED,ID-PALM-REFINERY-0000,NOT REFINED,SUMBER HIJAU UTAMA,ROYAL GOLDEN EAGLE,DUMAI,AAA OILS & FATS,AAA OILS & FATS,SPAIN,EUROPEAN UNION,ID-64,ID-6404,ID,ES,0.124452254217222,0.0,0.0,0.0,0.0,0.0,0.0,4.5652650491461,1.18955998874378,5460.19547621445
2022,INDONESIA,PALM OIL,3,NDPE COMMITMENT,KALIMANTAN TIMUR,KUTAI TIMUR,ETAM BERSAMA LESTARI,ID-PALM-MILL-00913,TRIPUTRA AGRO PERSADA,NOT REFINED,ID-PALM-REFINERY-0000,NOT REFINED,SUMBER HIJAU UTAMA,ROYAL GOLDEN EAGLE,DUMAI,AAA OILS & FATS,AAA OILS & FATS,SPAIN,EUROPEAN UNION,ID-64,ID-6404,ID,ES,0.0407541319908457,0.0,0.0,0.0,0.0,0.0,0.0,10.292464560791199,3.62136064065988,12310.09981434513
2022,INDONESIA,PALM OIL,3,NDPE COMMITMENT,KALIMANTAN TIMUR,KUTAI TIMUR,FAIRCO AGRO MANDIRI (KAUBUN),ID-PALM-MILL-01105,FAIRCO,NOT REFINED,ID-PALM-REFINERY-0000,NOT REFINED,SUMBER HIJAU UTAMA,ROYAL GOLDEN EAGLE,DUMAI,AAA OILS & FATS,AAA OILS & FATS,SPAIN,EUROPEAN UNION,ID-64,ID-6404,ID,ES,0.0,0.0,0.0,0.0,0.0,0.0,0.0,5.1650122990401295,1.837311402457118,6177.51137912265
2022,INDONESIA,PALM OIL,3,NDPE COMMITMENT,KALIMANTAN TIMUR,KUTAI TIMUR,HAMPARAN PERKASA MANDIRI,ID-PALM-MILL-01019,TRIPUTRA AGRO PERSADA,NOT REFINED,ID-PALM-REFINERY-0000,NOT REFINED,SUMBER HIJAU UTAMA,ROYAL GOLDEN EAGLE,DUMAI,AAA OILS & FATS,AAA OILS & FATS,SPAIN,EUROPEAN UNION,ID-64,ID-6404,ID,ES,0.0,0.0,0.927391240293999,0.927391240293999,0.0,2.44409196682153,0.0,12.27076754748678,4.304207626376288,14676.21019397296
2022,INDONESIA,PALM OIL,3,NDPE COMMITMENT,KALIMANTAN TIMUR,KUTAI TIMUR,HANUSENTRA AGRO LESTARI,ID-PALM-MILL-01319,DHARMA AGUNG WIJAYA (DAW),NOT REFINED,ID-PALM-REFINERY-0000,NOT REFINED,SUMBER HIJAU UTAMA,ROYAL GOLDEN EAGLE,DUMAI,AAA OILS & FATS,AAA OILS & FATS,SPAIN,EUROPEAN UNION,ID-64,ID-6404,ID,ES,0.11517963230853101,0.0,0.0,0.0,0.0,0.0,0.0,9.74301448471397,3.32338486426916,11652.94085697774
2022,INDONESIA,PALM OIL,3,NDPE COMMITMENT,KALIMANTAN TIMUR,KUTAI TIMUR,INDONESIA PLANTATION SYNERGY,ID-PALM-MILL-00342,KUALA LUMPUR KEPONG (KLK),NOT REFINED,ID-PALM-REFINERY-0000,NOT REFINED,SUMBER HIJAU UTAMA,ROYAL GOLDEN EAGLE,DUMAI,AAA OILS & FATS,AAA OILS & FATS,SPAIN,EUROPEAN UNION,ID-64,ID-6404,ID,ES,0.00266384615302022,0.0,0.421184604284276,0.421184604284276,0.0,1.10171931659276,0.0,1.86754155429323,0.591978738297275,2233.63634676626
2022,INDONESIA,PALM OIL,3,NDPE COMMITMENT,KALIMANTAN TIMUR,KUTAI TIMUR,JABONTARA EKA KARSA (JABON),ID-PALM-MILL-00419,KUALA LUMPUR KEPONG (KLK),NOT REFINED,ID-PALM-REFINERY-0000,NOT REFINED,SUMBER HIJAU UTAMA,ROYAL GOLDEN EAGLE,DUMAI,AAA OILS & FATS,AAA OILS & FATS,SPAIN,EUROPEAN UNION,ID-64,ID-6404,ID,ES,0.4618323098495116,0.0,0.0,0.0,0.0,0.0,0.0,2.5217466028392947,0.8999201689424793,3016.085428721765
2022,INDONESIA,PALM OIL,3,NDPE COMMITMENT,KALIMANTAN TIMUR,KUTAI TIMUR,KALIMANTAN AGRO NUSANTARA,ID-PALM-MILL-01296,PUPUK KALTIM,NOT REFINED,ID-PALM-REFINERY-0000,NOT REFINED,SUMBER HIJAU UTAMA,ROYAL GOLDEN EAGLE,DUMAI,AAA OILS & FATS,AAA OILS & FATS,SPAIN,EUROPEAN UNION,ID-64,ID-6404,ID,ES,0.0,0.0,0.0,0.0,0.0,0.0,0.0,5.79516537273765,1.87043392899802,6931.19356959467
2022,INDONESIA,PALM OIL,3,NDPE COMMITMENT,KALIMANTAN TIMUR,KUTAI TIMUR,KARYANUSA EKADAYA (KARYANUSA EKA DAYA 1),ID-PALM-MILL-00394,ASTRA AGRO LESTARI,NOT REFINED,ID-PALM-REFINERY-0000,NOT REFINED,SUMBER HIJAU UTAMA,ROYAL GOLDEN EAGLE,DUMAI,AAA OILS & FATS,AAA OILS & FATS,SPAIN,EUROPEAN UNION,ID-64,ID-6404,ID,ES,0.0,0.0,0.0,0.0,0.0,0.0,0.0,7.8866569165524405,2.803020876927511,9432.68089686701
2022,INDONESIA,PALM OIL,3,NDPE COMMITMENT,KALIMANTAN TIMUR,KUTAI TIMUR,KARYA PRIMA AGRO SEJAHTERA (POM 7),ID-PALM-MILL-01290,DHARMA SATYA NUSANTARA (DSN),NOT REFINED,ID-PALM-REFINERY-0000,NOT REFINED,SUMBER HIJAU UTAMA,ROYAL GOLDEN EAGLE,DUMAI,AAA OILS & FATS,AAA OILS & FATS,SPAIN,EUROPEAN UNION,ID-64,ID-6404,ID,ES,0.0182205420520245,0.0,0.0,0.0,0.0,0.0,0.0,14.36305474253551,4.00601244216071,17178.64914425542
2022,INDONESIA,PALM OIL,3,NDPE COMMITMENT,KALIMANTAN TIMUR,KUTAI TIMUR,KEMILAU INDAH NUSANTARA (SUNGAI BENGALON),ID-PALM-MILL-00228,KALIMANTAN PLANTATION UNIT (KPU),NOT REFINED,ID-PALM-REFINERY-0000,NOT REFINED,SUMBER HIJAU UTAMA,ROYAL GOLDEN EAGLE,DUMAI,AAA OILS & FATS,AAA OILS & FATS,SPAIN,EUROPEAN UNION,ID-64,ID-6404,ID,ES,0.0,0.0,0.0,0.0,0.0,0.0,0.0,9.148397887830821,3.25872332731632,10941.76137069783
2022,INDONESIA,PALM OIL,3,NDPE COMMITMENT,KALIMANTAN TIMUR,KUTAI TIMUR,KUTAI BALIAN NAULI,ID-PALM-MILL-01095,CHELLAM PLANTATIONS,NOT REFINED,ID-PALM-REFINERY-0000,NOT REFINED,SUMBER HIJAU UTAMA,ROYAL GOLDEN EAGLE,DUMAI,AAA OILS & FATS,AAA OILS & FATS,SPAIN,EUROPEAN UNION,ID-64,ID-6404,ID,ES,0.0,0.0,0.0,0.0,0.0,0.0,0.0,6.57235129816953,2.30577099870768,7860.73151066437
2022,INDONESIA,PALM OIL,3,NDPE COMMITMENT,KALIMANTAN TIMUR,KUTAI TIMUR,NALA PALMA CADUDASA,ID-PALM-MILL-00721,NPC RESOURCES BERHAD,NOT REFINED,ID-PALM-REFINERY-0000,NOT REFINED,SUMBER HIJAU UTAMA,ROYAL GOLDEN EAGLE,DUMAI,AAA OILS & FATS,AAA OILS & FATS,SPAIN,EUROPEAN UNION,ID-64,ID-6404,ID,ES,0.0,0.0,0.111946182738312,0.0,0.111946182738312,0.0,0.0,3.92528851411998,1.39581892905088,4694.7641280199805
2022,INDONESIA,PALM OIL,3,NDPE COMMITMENT,KALIMANTAN TIMUR,KUTAI TIMUR,REA KALTIM PLANTATIONS (CAKRA),ID-PALM-MILL-00680,REA HOLDINGS,NOT REFINED,ID-PALM-REFINERY-0000,NOT REFINED,SUMBER HIJAU UTAMA,ROYAL GOLDEN EAGLE,DUMAI,AAA OILS & FATS,AAA OILS & FATS,SPAIN,EUROPEAN UNION,ID-64,ID-6404,ID,ES,0.0,0.0,0.0,0.0,0.0,0.0,0.0,4.5212677124756535,1.3508495161981786,5407.573326992603
2022,INDONESIA,PALM OIL,3,NDPE COMMITMENT,KALIMANTAN TIMUR,KUTAI TIMUR,SAWIT SUKSES SEJAHTERA,ID-PALM-MILL-00218,EAGLE HIGH PLANTATIONS,NOT REFINED,ID-PALM-REFINERY-0000,NOT REFINED,SUMBER HIJAU UTAMA,ROYAL GOLDEN EAGLE,DUMAI,AAA OILS & FATS,AAA OILS & FATS,SPAIN,EUROPEAN UNION,ID-64,ID-6404,ID,ES,0.00047857205248601,0.0,0.0,0.0,0.0,0.0,0.0,6.67292089900429,2.38383040675462,7981.01580382394
2022,INDONESIA,PALM OIL,3,NDPE COMMITMENT,KALIMANTAN TIMUR,KUTAI TIMUR,SINERGI AGRO INDUSTRI,ID-PALM-MILL-01052,IJM PLANTATIONS BERHAD,NOT REFINED,ID-PALM-REFINERY-0000,NOT REFINED,SUMBER HIJAU UTAMA,ROYAL GOLDEN EAGLE,DUMAI,AAA OILS & FATS,AAA OILS & FATS,SPAIN,EUROPEAN UNION,ID-64,ID-6404,ID,ES,0.1577723832564964,0.0,0.0,0.0,0.0,0.0,0.0,7.602773775268259,2.715054179525521,9093.14804891039
2022,INDONESIA,PALM OIL,3,NDPE COMMITMENT,KALIMANTAN TIMUR,KUTAI TIMUR,SUMBER KHARISMA PERSADA,ID-PALM-MILL-00084,ASTRA AGRO LESTARI,NOT REFINED,ID-PALM-REFINERY-0000,NOT REFINED,SUMBER HIJAU UTAMA,ROYAL GOLDEN EAGLE,DUMAI,AAA OILS & FATS,AAA OILS & FATS,SPAIN,EUROPEAN UNION,ID-64,ID-6404,ID,ES,0.0452651405120868,0.0,0.0,0.0,0.0,0.0,0.0,4.77752400015201,1.6172539379103559,5714.063620033459
2022,INDONESIA,PALM OIL,3,NDPE COMMITMENT,KALIMANTAN TIMUR,KUTAI TIMUR,SWAKARSA SINARSENTOSA (POM 1),ID-PALM-MILL-00196,DHARMA SATYA NUSANTARA (DSN),NOT REFINED,ID-PALM-REFINERY-0000,NOT REFINED,SUMBER HIJAU UTAMA,ROYAL GOLDEN EAGLE,DUMAI,AAA OILS & FATS,AAA OILS & FATS,SPAIN,EUROPEAN UNION,ID-64,ID-6404,ID,ES,0.0,0.0,0.0,0.0,0.0,0.0,0.0,2.951314977491973,1.0481359461843487,3529.862234833401
2022,INDONESIA,PALM OIL,3,NDPE COMMITMENT,KALIMANTAN TIMUR,KUTAI TIMUR,SWAKARSA SINARSENTOSA (POM 4),ID-PALM-MILL-00197,DHARMA SATYA NUSANTARA (DSN),NOT REFINED,ID-PALM-REFINERY-0000,NOT REFINED,SUMBER HIJAU UTAMA,ROYAL GOLDEN EAGLE,DUMAI,AAA OILS & FATS,AAA OILS & FATS,SPAIN,EUROPEAN UNION,ID-64,ID-6404,ID,ES,0.0,0.0,0.0,0.0,0.0,0.0,0.0,11.889302724288742,4.222390919109685,14219.966694518187
2022,INDONESIA,PALM OIL,3,NDPE COMMITMENT,KALIMANTAN TIMUR,KUTAI TIMUR,TELEN (PENGADAN BAAY),ID-PALM-MILL-00879,TELADAN PRIMA,NOT REFINED,ID-PALM-REFINERY-0000,NOT REFINED,SUMBER HIJAU UTAMA,ROYAL GOLDEN EAGLE,DUMAI,AAA OILS & FATS,AAA OILS & FATS,SPAIN,EUROPEAN UNION,ID-64,ID-6404,ID,ES,0.07281308071404044,0.0,0.0,0.0,0.0,0.0,0.0,7.015210562957536,2.4728636303123377,8390.40462452825
2022,INDONESIA,PALM OIL,3,NDPE COMMITMENT,KALIMANTAN TIMUR,KUTAI TIMUR,TELEN PRIMA SAWIT (MUARA BENGKAL),ID-PALM-MILL-00876,TELADAN PRIMA,NOT REFINED,ID-PALM-REFINERY-0000,NOT REFINED,SUMBER HIJAU UTAMA,ROYAL GOLDEN EAGLE,DUMAI,AAA OILS & FATS,AAA OILS & FATS,SPAIN,EUROPEAN UNION,ID-64,ID-6404,ID,ES,0.0,0.0,0.0,0.0,0.0,0.0,0.0,11.320808195450489,3.8864651481702137,13540.029993976399
2022,INDONESIA,PALM OIL,3,NDPE COMMITMENT,KALIMANTAN TIMUR,KUTAI TIMUR,YUDHA WAHANA ABADI,ID-PALM-MILL-00990,TRIPUTRA AGRO PERSADA,NOT REFINED,ID-PALM-REFINERY-0000,NOT REFINED,SUMBER HIJAU UTAMA,ROYAL GOLDEN EAGLE,DUMAI,AAA OILS & FATS,AAA OILS & FATS,SPAIN,EUROPEAN UNION,ID-64,ID-6404,ID,ES,0.08360079585974867,0.0160480729228684,10.0050395261683,10.0050395261683,0.0,20.5806021399521,0.0,3.822605856937229,1.30003209036322,4571.952555373221
2022,INDONESIA,PALM OIL,3,NDPE COMMITMENT,KALIMANTAN TIMUR,PASER,AGRO INTI KENCANAMAS,ID-PALM-MILL-00399,KENCANA AGRI,NOT REFINED,ID-PALM-REFINERY-0000,NOT REFINED,SUMBER HIJAU UTAMA,ROYAL GOLDEN EAGLE,DUMAI,AAA OILS & FATS,AAA OILS & FATS,SPAIN,EUROPEAN UNION,ID-64,ID-6401,ID,ES,0.0268619524423427,0.0,0.00385458973967391,0.00385458973967391,0.0,0.0292517634170273,0.0,3.62675743193112,1.23795848164561,4337.71189842776
2022,INDONESIA,PALM OIL,3,NDPE COMMITMENT,KALIMANTAN TIMUR,PASER,BORNEO INDAH MARJAYA,ID-PALM-MILL-00070,ASTRA AGRO LESTARI,NOT REFINED,ID-PALM-REFINERY-0000,NOT REFINED,SUMBER HIJAU UTAMA,ROYAL GOLDEN EAGLE,DUMAI,AAA OILS & FATS,AAA OILS & FATS,SPAIN,EUROPEAN UNION,ID-64,ID-6401,ID,ES,0.19713153372301412,0.0,0.0,0.0,0.0,0.0,0.0,8.762646154500429,2.987773102425403,10480.39059669064
2022,INDONESIA,PALM OIL,3,NDPE COMMITMENT,KALIMANTAN TIMUR,PASER,BUANA WIRASUBUR SAKTI,ID-PALM-MILL-00131,UNKNOWN AFFILIATION,NOT REFINED,ID-PALM-REFINERY-0000,NOT REFINED,SUMBER HIJAU UTAMA,ROYAL GOLDEN EAGLE,DUMAI,AAA OILS & FATS,AAA OILS & FATS,SPAIN,EUROPEAN UNION,ID-64,ID-6401,ID,ES,0.006859156930402653,0.0,0.0,0.0,0.0,0.0,0.0,4.7807961589063,1.236185367565576,5717.97722115745
2022,INDONESIA,PALM OIL,3,NDPE COMMITMENT,KALIMANTAN TIMUR,PASER,CAHAYA BINTANG SAWIT SEJATI (CAHAYA BINTANG SAWIT SEJATI 1),ID-PALM-MILL-00155,SUPERVENTURE,NOT REFINED,ID-PALM-REFINERY-0000,NOT REFINED,SUMBER HIJAU UTAMA,ROYAL GOLDEN EAGLE,DUMAI,AAA OILS & FATS,AAA OILS & FATS,SPAIN,EUROPEAN UNION,ID-64,ID-6401,ID,ES,0.116983596424466,0.0,0.0,0.0,0.0,0.0,0.0,7.56138,1.97016129457671,9043.63983809896
2022,INDONESIA,PALM OIL,3,NDPE COMMITMENT,KALIMANTAN TIMUR,PASER,CAHAYA BINTANG SAWIT SEJATI (CAHAYA BINTANG SAWIT SEJATI 2),ID-PALM-MILL-01106,SUPERVENTURE,NOT REFINED,ID-PALM-REFINERY-0000,NOT REFINED,SUMBER HIJAU UTAMA,ROYAL GOLDEN EAGLE,DUMAI,AAA OILS & FATS,AAA OILS & FATS,SPAIN,EUROPEAN UNION,ID-64,ID-6401,ID,ES,0.0,0.0,0.0,0.0,0.0,0.0,0.0,4.13169,1.47169915444511,4941.62656587489
2022,INDONESIA,PALM OIL,3,NDPE COMMITMENT,KALIMANTAN TIMUR,PASER,MUARATOYU SUBUR LESTARI,ID-PALM-MILL-00910,TRIPUTRA AGRO PERSADA,NOT REFINED,ID-PALM-REFINERY-0000,NOT REFINED,SUMBER HIJAU UTAMA,ROYAL GOLDEN EAGLE,DUMAI,AAA OILS & FATS,AAA OILS & FATS,SPAIN,EUROPEAN UNION,ID-64,ID-6401,ID,ES,0.469945850284372,0.0,0.0,0.0,0.0,0.0,0.0,2.14822318920492,0.766623170297431,2569.34009599062
2022,INDONESIA,PALM OIL,3,NDPE COMMITMENT,KALIMANTAN TIMUR,PASER,MULTI MAKMUR MITRA ALAM (PASER),ID-PALM-MILL-00533,PADASA ENAM UTAMA,NOT REFINED,ID-PALM-REFINERY-0000,NOT REFINED,SUMBER HIJAU UTAMA,ROYAL GOLDEN EAGLE,DUMAI,AAA OILS & FATS,AAA OILS & FATS,SPAIN,EUROPEAN UNION,ID-64,ID-6401,ID,ES,0.156822076061752,0.0265283124384483,-1.15757595389688,-1.15757595389688,0.0,31.3429950814092,0.0,7.45862755209197,2.40359530857202,8920.74479362781
2022,INDONESIA,PALM OIL,3,NDPE COMMITMENT,KALIMANTAN TIMUR,PASER,PERKEBUNAN NUSANTARA XIII (LONG PINANG),ID-PALM-MILL-01054,PTPN III,NOT REFINED,ID-PALM-REFINERY-0000,NOT REFINED,SUMBER HIJAU UTAMA,ROYAL GOLDEN EAGLE,DUMAI,AAA OILS & FATS,AAA OILS & FATS,SPAIN,EUROPEAN UNION,ID-64,ID-6401,ID,ES,0.000601560337699113,0.0,0.0,0.0,0.0,0.0,0.0,2.54700265430587,0.6795114281951591,3046.2924323634497
2022,INDONESIA,PALM OIL,3,NDPE COMMITMENT,KALIMANTAN TIMUR,PASER,PUCUK JAYA,ID-PALM-MILL-00170,CHELLAM PLANTATIONS,NOT REFINED,ID-PALM-REFINERY-0000,NOT REFINED,SUMBER HIJAU UTAMA,ROYAL GOLDEN EAGLE,DUMAI,AAA OILS & FATS,AAA OILS & FATS,SPAIN,EUROPEAN UNION,ID-64,ID-6401,ID,ES,1.27805998580809,0.0,0.0,0.0,0.0,0.0,0.0,5.67433660526327,2.00677097536349,6786.67869861614
2022,INDONESIA,PALM OIL,3,NDPE COMMITMENT,KALIMANTAN TIMUR,PASER,SARASWANTI SAWIT MAKMUR,ID-PALM-MILL-00708,SARASWANTI,NOT REFINED,ID-PALM-REFINERY-0000,NOT REFINED,SUMBER HIJAU UTAMA,ROYAL GOLDEN EAGLE,DUMAI,AAA OILS & FATS,AAA OILS & FATS,SPAIN,EUROPEAN UNION,ID-64,ID-6401,ID,ES,0.596236655209635,0.0,0.0,0.0,0.0,0.0,0.0,2.86067101343156,1.0158190497106,3421.44930432865
2022,INDONESIA,PALM OIL,3,NDPE COMMITMENT,KALIMANTAN TIMUR,PASER,SUMBER BUNGA SAWIT LESTARI (BABULU),ID-PALM-MILL-00818,SUPERVENTURE,NOT REFINED,ID-PALM-REFINERY-0000,NOT REFINED,SUMBER HIJAU UTAMA,ROYAL GOLDEN EAGLE,DUMAI,AAA OILS & FATS,AAA OILS & FATS,SPAIN,EUROPEAN UNION,ID-64,ID-6401,ID,ES,0.0233080254612067,0.0,0.0,0.0,0.0,0.0,0.0,6.40156,1.43099871946455,7656.45993746919
2022,INDONESIA,PALM OIL,3,NDPE COMMITMENT,KALIMANTAN TIMUR,PASER,WARU KALTIM PLANTATION,ID-PALM-MILL-00943,ASTRA AGRO LESTARI,NOT REFINED,ID-PALM-REFINERY-0000,NOT REFINED,SUMBER HIJAU UTAMA,ROYAL GOLDEN EAGLE,DUMAI,AAA OILS & FATS,AAA OILS & FATS,SPAIN,EUROPEAN UNION,ID-64,ID-6401,ID,ES,0.0437986652047775,0.0,0.0,0.0,0.0,0.0,0.0,0.897933726236926,0.318890768370083,1073.95597345576
2022,INDONESIA,PALM OIL,3,NDPE COMMITMENT,KALIMANTAN TIMUR,PENAJAM PASER UTARA,AGRO INDOMAS (BUMI JAYA),ID-PALM-MILL-00011,GOODHOPE,NOT REFINED,ID-PALM-REFINERY-0000,NOT REFINED,SUMBER HIJAU UTAMA,ROYAL GOLDEN EAGLE,DUMAI,AAA OILS & FATS,AAA OILS & FATS,SPAIN,EUROPEAN UNION,ID-64,ID-6409,ID,ES,0.0,0.0,0.0,0.0,0.0,0.0,0.0,4.523231487226632,0.902651009802149,5409.922061161633
2022,INDONESIA,PALM OIL,3,NDPE COMMITMENT,KALIMANTAN TIMUR,PENAJAM PASER UTARA,ALAM PERMAI MAKMUR RAYA,ID-PALM-MILL-01232,PADASA ENAM UTAMA,NOT REFINED,ID-PALM-REFINERY-0000,NOT REFINED,SUMBER HIJAU UTAMA,ROYAL GOLDEN EAGLE,DUMAI,AAA OILS & FATS,AAA OILS & FATS,SPAIN,EUROPEAN UNION,ID-64,ID-6409,ID,ES,0.0,0.0,0.0,0.0,0.0,0.0,0.0,4.88447,1.66219509904678,5841.97427982712
2022,INDONESIA,PALM OIL,3,NDPE COMMITMENT,KALIMANTAN TIMUR,PENAJAM PASER UTARA,MEGA HIJAU LESTARI,ID-PALM-MILL-00477,UNKNOWN AFFILIATION,NOT REFINED,ID-PALM-REFINERY-0000,NOT REFINED,SUMBER HIJAU UTAMA,ROYAL GOLDEN EAGLE,DUMAI,AAA OILS & FATS,AAA OILS & FATS,SPAIN,EUROPEAN UNION,ID-64,ID-6409,ID,ES,0.0,0.0,3.10784194990662,3.10784194990662,0.0,8.22936676046121,0.0,5.62294649093266,1.773419462939913,6725.21456306883
2022,INDONESIA,PALM OIL,3,NDPE COMMITMENT,KALIMANTAN TIMUR,PENAJAM PASER UTARA,MUARATOYU SUBUR LESTARI,ID-PALM-MILL-00910,TRIPUTRA AGRO PERSADA,NOT REFINED,ID-PALM-REFINERY-0000,NOT REFINED,SUMBER HIJAU UTAMA,ROYAL GOLDEN EAGLE,DUMAI,AAA OILS & FATS,AAA OILS & FATS,SPAIN,EUROPEAN UNION,ID-64,ID-6409,ID,ES,0.685296484288196,0.0,0.0,0.0,0.0,0.0,0.0,2.86386292796548,1.01432071710825,3425.26693093104
2022,INDONESIA,PALM OIL,3,NDPE COMMITMENT,KALIMANTAN TIMUR,PENAJAM PASER UTARA,PERKEBUNAN NUSANTARA XIII (LONG PINANG),ID-PALM-MILL-01054,PTPN III,NOT REFINED,ID-PALM-REFINERY-0000,NOT REFINED,SUMBER HIJAU UTAMA,ROYAL GOLDEN EAGLE,DUMAI,AAA OILS & FATS,AAA OILS & FATS,SPAIN,EUROPEAN UNION,ID-64,ID-6409,ID,ES,0.0,0.0,0.0,0.0,0.0,0.0,0.0,0.456958533938743,0.163071975827726,546.536267438974
2022,INDONESIA,PALM OIL,3,NDPE COMMITMENT,KALIMANTAN TIMUR,PENAJAM PASER UTARA,WARU KALTIM PLANTATION,ID-PALM-MILL-00943,ASTRA AGRO LESTARI,NOT REFINED,ID-PALM-REFINERY-0000,NOT REFINED,SUMBER HIJAU UTAMA,ROYAL GOLDEN EAGLE,DUMAI,AAA OILS & FATS,AAA OILS & FATS,SPAIN,EUROPEAN UNION,ID-64,ID-6409,ID,ES,0.043889930532154,0.0,0.0,0.0,0.0,0.0,0.0,5.273357536102173,1.7157234640084962,6307.095569067145
2022,INDONESIA,REFINED PALM OIL,3,NDPE COMMITMENT,KALIMANTAN TIMUR,BERAU,AGRI EASTBORNEO KENCANA,ID-PALM-MILL-00401,KENCANA AGRI,KUTAI REFINERY NUSANTARA,ID-PALM-REFINERY-0039,ROYAL GOLDEN EAGLE,KUTAI REFINERY NUSANTARA,ROYAL GOLDEN EAGLE,BALIKPAPAN,AAA OILS & FATS,AAA OILS & FATS,NETHERLANDS,EUROPEAN UNION,ID-64,ID-6403,ID,NL,0.418848168391466,0.0,239.389870727283,0.0,239.389870727283,0.0,0.0,24.555819528690165,8.76512006761911,37903.893986282696
2022,INDONESIA,REFINED PALM OIL,3,NDPE COMMITMENT,KALIMANTAN TIMUR,BERAU,AGRI EASTBORNEO KENCANA,ID-PALM-MILL-00401,KENCANA AGRI,KUTAI REFINERY NUSANTARA,ID-PALM-REFINERY-0039,ROYAL GOLDEN EAGLE,KUTAI REFINERY NUSANTARA,ROYAL GOLDEN EAGLE,BALIKPAPAN,AAA OILS & FATS,AAA OILS & FATS,SPAIN,EUROPEAN UNION,ID-64,ID-6403,ID,ES,0.335086710902505,0.0,191.516569628183,0.0,191.516569628183,0.0,0.0,19.645134968559454,7.01226715495377,23912.76553803785
2022,INDONESIA,REFINED PALM OIL,3,NDPE COMMITMENT,KALIMANTAN TIMUR,BERAU,AGRI EASTBORNEO KENCANA,ID-PALM-MILL-00401,KENCANA AGRI,KUTAI REFINERY NUSANTARA,ID-PALM-REFINERY-0039,ROYAL GOLDEN EAGLE,KUTAI REFINERY NUSANTARA,ROYAL GOLDEN EAGLE,BALIKPAPAN,APICAL (MALAYSIA) SDN BHD,APICAL (MALAYSIA) SDN BHD,ITALY,EUROPEAN UNION,ID-64,ID-6403,ID,IT,0.335088888985728,0.0,191.517814497089,0.0,191.517814497089,0.0,0.0,19.64526266308605,7.01231273510051,20656.58113132069
2022,INDONESIA,REFINED PALM OIL,3,NDPE COMMITMENT,KALIMANTAN TIMUR,BERAU,AGRI EASTBORNEO KENCANA,ID-PALM-MILL-00401,KENCANA AGRI,KUTAI REFINERY NUSANTARA,ID-PALM-REFINERY-0039,ROYAL GOLDEN EAGLE,KUTAI REFINERY NUSANTARA,ROYAL GOLDEN EAGLE,BALIKPAPAN,APICAL (MALAYSIA) SDN BHD,APICAL (MALAYSIA) SDN BHD,SPAIN,EUROPEAN UNION,ID-64,ID-6403,ID,ES,0.0837582741365578,0.0,47.8714816753139,0.0,47.8714816753139,0.0,0.0,4.910497929668821,1.7527862955278029,6707.997989632369
2022,INDONESIA,REFINED PALM OIL,3,NDPE COMMITMENT,KALIMANTAN TIMUR,BERAU,AGRI EASTBORNEO KENCANA,ID-PALM-MILL-00401,KENCANA AGRI,KUTAI REFINERY NUSANTARA,ID-PALM-REFINERY-0039,ROYAL GOLDEN EAGLE,KUTAI REFINERY NUSANTARA,ROYAL GOLDEN EAGLE,BALIKPAPAN,APICAL MIDDLE EAST FZCO,APICAL MIDDLE EAST FZCO,BELGIUM,EUROPEAN UNION,ID-64,ID-6403,ID,BE,0.628286284469505,0.0,359.092825919456,0.0,359.092825919456,0.0,0.0,36.83455194046589,13.147973742758541,29044.0442050574
2022,INDONESIA,REFINED PALM OIL,3,NDPE COMMITMENT,KALIMANTAN TIMUR,BERAU,AGRI EASTBORNEO KENCANA,ID-PALM-MILL-00401,KENCANA AGRI,KUTAI REFINERY NUSANTARA,ID-PALM-REFINERY-0039,ROYAL GOLDEN EAGLE,KUTAI REFINERY NUSANTARA,ROYAL GOLDEN EAGLE,BALIKPAPAN,APICAL MIDDLE EAST FZCO,APICAL MIDDLE EAST FZCO,SPAIN,EUROPEAN UNION,ID-64,ID-6403,ID,ES,0.967533553191274,0.0,552.987334556735,0.0,552.987334556735,0.0,0.0,56.723608011368626,20.247307743376588,43214.889156429505
2022,INDONESIA,REFINED PALM OIL,3,NDPE COMMITMENT,KALIMANTAN TIMUR,BERAU,AGRO INDOMAS (BUMI JAYA),ID-PALM-MILL-00011,GOODHOPE,KUTAI REFINERY NUSANTARA,ID-PALM-REFINERY-0039,ROYAL GOLDEN EAGLE,KUTAI REFINERY NUSANTARA,ROYAL GOLDEN EAGLE,BALIKPAPAN,AAA OILS & FATS,AAA OILS & FATS,NETHERLANDS,EUROPEAN UNION,ID-64,ID-6403,ID,NL,0.0,0.0,0.0,0.0,0.0,0.0,0.0,0.04148620687436326,0.00813670389176081,64.0373165074625
2022,INDONESIA,REFINED PALM OIL,3,NDPE COMMITMENT,KALIMANTAN TIMUR,BERAU,AGRO INDOMAS (BUMI JAYA),ID-PALM-MILL-00011,GOODHOPE,KUTAI REFINERY NUSANTARA,ID-PALM-REFINERY-0039,ROYAL GOLDEN EAGLE,KUTAI REFINERY NUSANTARA,ROYAL GOLDEN EAGLE,BALIKPAPAN,AAA OILS & FATS,AAA OILS & FATS,SPAIN,EUROPEAN UNION,ID-64,ID-6403,ID,ES,0.0,0.0,0.0,0.0,0.0,0.0,0.0,0.03318977533729747,0.00650952194717367,40.3997894222225
2022,INDONESIA,REFINED PALM OIL,3,NDPE COMMITMENT,KALIMANTAN TIMUR,BERAU,AGRO INDOMAS (BUMI JAYA),ID-PALM-MILL-00011,GOODHOPE,KUTAI REFINERY NUSANTARA,ID-PALM-REFINERY-0039,ROYAL GOLDEN EAGLE,KUTAI REFINERY NUSANTARA,ROYAL GOLDEN EAGLE,BALIKPAPAN,APICAL (MALAYSIA) SDN BHD,APICAL (MALAYSIA) SDN BHD,ITALY,EUROPEAN UNION,ID-64,ID-6403,ID,IT,0.0,0.0,0.0,0.0,0.0,0.0,0.0,0.033189991072778736,0.00650956425944713,34.8985786090255
2022,INDONESIA,REFINED PALM OIL,3,NDPE COMMITMENT,KALIMANTAN TIMUR,BERAU,AGRO INDOMAS (BUMI JAYA),ID-PALM-MILL-00011,GOODHOPE,KUTAI REFINERY NUSANTARA,ID-PALM-REFINERY-0039,ROYAL GOLDEN EAGLE,KUTAI REFINERY NUSANTARA,ROYAL GOLDEN EAGLE,BALIKPAPAN,APICAL (MALAYSIA) SDN BHD,APICAL (MALAYSIA) SDN BHD,SPAIN,EUROPEAN UNION,ID-64,ID-6403,ID,ES,0.0,0.0,0.0,0.0,0.0,0.0,0.0,0.008296116231362442,0.00162712010357208,11.3329303461266
2022,INDONESIA,REFINED PALM OIL,3,NDPE COMMITMENT,KALIMANTAN TIMUR,BERAU,AGRO INDOMAS (BUMI JAYA),ID-PALM-MILL-00011,GOODHOPE,KUTAI REFINERY NUSANTARA,ID-PALM-REFINERY-0039,ROYAL GOLDEN EAGLE,KUTAI REFINERY NUSANTARA,ROYAL GOLDEN EAGLE,BALIKPAPAN,APICAL MIDDLE EAST FZCO,APICAL MIDDLE EAST FZCO,BELGIUM,EUROPEAN UNION,ID-64,ID-6403,ID,BE,0.0,0.0,0.0,0.0,0.0,0.0,0.0,0.062230700145895684,0.0122053284263261,49.0689070650388
2022,INDONESIA,REFINED PALM OIL,3,NDPE COMMITMENT,KALIMANTAN TIMUR,BERAU,AGRO INDOMAS (BUMI JAYA),ID-PALM-MILL-00011,GOODHOPE,KUTAI REFINERY NUSANTARA,ID-PALM-REFINERY-0039,ROYAL GOLDEN EAGLE,KUTAI REFINERY NUSANTARA,ROYAL GOLDEN EAGLE,BALIKPAPAN,APICAL MIDDLE EAST FZCO,APICAL MIDDLE EAST FZCO,SPAIN,EUROPEAN UNION,ID-64,ID-6403,ID,ES,0.0,0.0,0.0,0.0,0.0,0.0,0.0,0.09583257174009115,0.0187956749527975,73.0100589598179
2022,INDONESIA,REFINED PALM OIL,3,NDPE COMMITMENT,KALIMANTAN TIMUR,BERAU,ANUGERAH AGUNG PRIMA ABADI,ID-PALM-MILL-01343,TRIPUTRA AGRO PERSADA,KUTAI REFINERY NUSANTARA,ID-PALM-REFINERY-0039,ROYAL GOLDEN EAGLE,KUTAI REFINERY NUSANTARA,ROYAL GOLDEN EAGLE,BALIKPAPAN,AAA OILS & FATS,AAA OILS & FATS,NETHERLANDS,EUROPEAN UNION,ID-64,ID-6405,ID,NL,4.19779831238465,0.0,0.0,0.0,0.0,0.0,0.0,26.164775340814945,9.33497916147286,40387.4474453777
2022,INDONESIA,REFINED PALM OIL,3,NDPE COMMITMENT,KALIMANTAN TIMUR,BERAU,ANUGERAH AGUNG PRIMA ABADI,ID-PALM-MILL-01343,TRIPUTRA AGRO PERSADA,KUTAI REFINERY NUSANTARA,ID-PALM-REFINERY-0039,ROYAL GOLDEN EAGLE,KUTAI REFINERY NUSANTARA,ROYAL GOLDEN EAGLE,BALIKPAPAN,AAA OILS & FATS,AAA OILS & FATS,SPAIN,EUROPEAN UNION,ID-64,ID-6405,ID,ES,3.3583205936677,0.0,0.0,0.0,0.0,0.0,0.0,20.93233102612579,7.46816555405783,25479.5869202951
2022,INDONESIA,REFINED PALM OIL,3,NDPE COMMITMENT,KALIMANTAN TIMUR,BERAU,ANUGERAH AGUNG PRIMA ABADI,ID-PALM-MILL-01343,TRIPUTRA AGRO PERSADA,KUTAI REFINERY NUSANTARA,ID-PALM-REFINERY-0039,ROYAL GOLDEN EAGLE,KUTAI REFINERY NUSANTARA,ROYAL GOLDEN EAGLE,BALIKPAPAN,APICAL (MALAYSIA) SDN BHD,APICAL (MALAYSIA) SDN BHD,ITALY,EUROPEAN UNION,ID-64,ID-6405,ID,IT,3.35834242294802,0.0,0.0,0.0,0.0,0.0,0.0,20.932467087502,7.46821409757082,22010.0495517508
2022,INDONESIA,REFINED PALM OIL,3,NDPE COMMITMENT,KALIMANTAN TIMUR,BERAU,ANUGERAH AGUNG PRIMA ABADI,ID-PALM-MILL-01343,TRIPUTRA AGRO PERSADA,KUTAI REFINERY NUSANTARA,ID-PALM-REFINERY-0039,ROYAL GOLDEN EAGLE,KUTAI REFINERY NUSANTARA,ROYAL GOLDEN EAGLE,BALIKPAPAN,APICAL (MALAYSIA) SDN BHD,APICAL (MALAYSIA) SDN BHD,SPAIN,EUROPEAN UNION,ID-64,ID-6405,ID,ES,0.839445814384172,0.0,0.0,0.0,0.0,0.0,0.0,5.2322454557546845,1.86674265920373,7147.52200309606
2022,INDONESIA,REFINED PALM OIL,3,NDPE COMMITMENT,KALIMANTAN TIMUR,BERAU,ANUGERAH AGUNG PRIMA ABADI,ID-PALM-MILL-01343,TRIPUTRA AGRO PERSADA,KUTAI REFINERY NUSANTARA,ID-PALM-REFINERY-0039,ROYAL GOLDEN EAGLE,KUTAI REFINERY NUSANTARA,ROYAL GOLDEN EAGLE,BALIKPAPAN,APICAL MIDDLE EAST FZCO,APICAL MIDDLE EAST FZCO,BELGIUM,EUROPEAN UNION,ID-64,ID-6405,ID,BE,6.29683809951751,0.0,0.0,0.0,0.0,0.0,0.0,39.248039560473046,14.0027814744565,30947.079193433
2022,INDONESIA,REFINED PALM OIL,3,NDPE COMMITMENT,KALIMANTAN TIMUR,BERAU,ANUGERAH AGUNG PRIMA ABADI,ID-PALM-MILL-01343,TRIPUTRA AGRO PERSADA,KUTAI REFINERY NUSANTARA,ID-PALM-REFINERY-0039,ROYAL GOLDEN EAGLE,KUTAI REFINERY NUSANTARA,ROYAL GOLDEN EAGLE,BALIKPAPAN,APICAL MIDDLE EAST FZCO,APICAL MIDDLE EAST FZCO,SPAIN,EUROPEAN UNION,ID-64,ID-6405,ID,ES,9.69685681653945,0.0,0.0,0.0,0.0,0.0,0.0,60.44027398083252,21.5636744736219,46046.4316751928
2022,INDONESIA,REFINED PALM OIL,3,NDPE COMMITMENT,KALIMANTAN TIMUR,BERAU,BRAU AGRO ASIA,ID-PALM-MILL-01445,UNKNOWN AFFILIATION,KUTAI REFINERY NUSANTARA,ID-PALM-REFINERY-0039,ROYAL GOLDEN EAGLE,KUTAI REFINERY NUSANTARA,ROYAL GOLDEN EAGLE,BALIKPAPAN,AAA OILS & FATS,AAA OILS & FATS,NETHERLANDS,EUROPEAN UNION,ID-64,ID-6405,ID,NL,3.221635987563834,0.0,0.196843982358955,0.0,0.196843982358955,0.0,0.0,15.288082549622704,4.64906892975982,23598.39220749271
2022,INDONESIA,REFINED PALM OIL,3,NDPE COMMITMENT,KALIMANTAN TIMUR,BERAU,BRAU AGRO ASIA,ID-PALM-MILL-01445,UNKNOWN AFFILIATION,KUTAI REFINERY NUSANTARA,ID-PALM-REFINERY-0039,ROYAL GOLDEN EAGLE,KUTAI REFINERY NUSANTARA,ROYAL GOLDEN EAGLE,BALIKPAPAN,AAA OILS & FATS,AAA OILS & FATS,SPAIN,EUROPEAN UNION,ID-64,ID-6405,ID,ES,2.577371678486019,0.0,0.15747902841004,0.0,0.15747902841004,0.0,0.0,12.23076447303721,3.7193458966645103,14887.726842436
2022,INDONESIA,REFINED PALM OIL,3,NDPE COMMITMENT,KALIMANTAN TIMUR,BERAU,BRAU AGRO ASIA,ID-PALM-MILL-01445,UNKNOWN AFFILIATION,KUTAI REFINERY NUSANTARA,ID-PALM-REFINERY-0039,ROYAL GOLDEN EAGLE,KUTAI REFINERY NUSANTARA,ROYAL GOLDEN EAGLE,BALIKPAPAN,APICAL (MALAYSIA) SDN BHD,APICAL (MALAYSIA) SDN BHD,ITALY,EUROPEAN UNION,ID-64,ID-6405,ID,IT,2.577388431552714,0.0,0.157480052032937,0.0,0.157480052032937,0.0,0.0,12.23084397372179,3.7193700726304204,12860.475585416301
2022,INDONESIA,REFINED PALM OIL,3,NDPE COMMITMENT,KALIMANTAN TIMUR,BERAU,BRAU AGRO ASIA,ID-PALM-MILL-01445,UNKNOWN AFFILIATION,KUTAI REFINERY NUSANTARA,ID-PALM-REFINERY-0039,ROYAL GOLDEN EAGLE,KUTAI REFINERY NUSANTARA,ROYAL GOLDEN EAGLE,BALIKPAPAN,APICAL (MALAYSIA) SDN BHD,APICAL (MALAYSIA) SDN BHD,SPAIN,EUROPEAN UNION,ID-64,ID-6405,ID,ES,0.6442398238265045,0.0,0.0393634578846807,0.0,0.0393634578846807,0.0,0.0,3.0572018832772736,0.929687698991284,4176.29828596777
2022,INDONESIA,REFINED PALM OIL,3,NDPE COMMITMENT,KALIMANTAN TIMUR,BERAU,BRAU AGRO ASIA,ID-PALM-MILL-01445,UNKNOWN AFFILIATION,KUTAI REFINERY NUSANTARA,ID-PALM-REFINERY-0039,ROYAL GOLDEN EAGLE,KUTAI REFINERY NUSANTARA,ROYAL GOLDEN EAGLE,BALIKPAPAN,APICAL MIDDLE EAST FZCO,APICAL MIDDLE EAST FZCO,BELGIUM,EUROPEAN UNION,ID-64,ID-6405,ID,BE,4.83256190975615,0.0,0.295272568032098,0.0,0.295272568032098,0.0,0.0,22.932635992305915,6.97375914365089,18082.38347993314
2022,INDONESIA,REFINED PALM OIL,3,NDPE COMMITMENT,KALIMANTAN TIMUR,BERAU,BRAU AGRO ASIA,ID-PALM-MILL-01445,UNKNOWN AFFILIATION,KUTAI REFINERY NUSANTARA,ID-PALM-REFINERY-0039,ROYAL GOLDEN EAGLE,KUTAI REFINERY NUSANTARA,ROYAL GOLDEN EAGLE,BALIKPAPAN,APICAL MIDDLE EAST FZCO,APICAL MIDDLE EAST FZCO,SPAIN,EUROPEAN UNION,ID-64,ID-6405,ID,ES,7.441935167359388,0.0,0.454706913026483,0.0,0.454706913026483,0.0,0.0,35.31526206148578,10.73928578443155,26904.9376268783
2022,INDONESIA,REFINED PALM OIL,3,NDPE COMMITMENT,KALIMANTAN TIMUR,BERAU,CAHAYA ANUGERAH PLANTATION (FELIZA),ID-PALM-MILL-00154,TELADAN PRIMA,KUTAI REFINERY NUSANTARA,ID-PALM-REFINERY-0039,ROYAL GOLDEN EAGLE,KUTAI REFINERY NUSANTARA,ROYAL GOLDEN EAGLE,BALIKPAPAN,AAA OILS & FATS,AAA OILS & FATS,NETHERLANDS,EUROPEAN UNION,ID-64,ID-6403,ID,NL,0.0,0.0,0.0,0.0,0.0,0.0,0.0,23.63448219040484,8.4143534697659,36481.7352692761
2022,INDONESIA,REFINED PALM OIL,3,NDPE COMMITMENT,KALIMANTAN TIMUR,BERAU,CAHAYA ANUGERAH PLANTATION (FELIZA),ID-PALM-MILL-00154,TELADAN PRIMA,KUTAI REFINERY NUSANTARA,ID-PALM-REFINERY-0039,ROYAL GOLDEN EAGLE,KUTAI REFINERY NUSANTARA,ROYAL GOLDEN EAGLE,BALIKPAPAN,AAA OILS & FATS,AAA OILS & FATS,SPAIN,EUROPEAN UNION,ID-64,ID-6403,ID,ES,0.0,0.0,0.0,0.0,0.0,0.0,0.0,18.90804711282568,6.73164702947852,23015.5556637709
2022,INDONESIA,REFINED PALM OIL,3,NDPE COMMITMENT,KALIMANTAN TIMUR,BERAU,CAHAYA ANUGERAH PLANTATION (FELIZA),ID-PALM-MILL-00154,TELADAN PRIMA,KUTAI REFINERY NUSANTARA,ID-PALM-REFINERY-0039,ROYAL GOLDEN EAGLE,KUTAI REFINERY NUSANTARA,ROYAL GOLDEN EAGLE,BALIKPAPAN,APICAL (MALAYSIA) SDN BHD,APICAL (MALAYSIA) SDN BHD,ITALY,EUROPEAN UNION,ID-64,ID-6403,ID,IT,0.0,0.0,0.0,0.0,0.0,0.0,0.0,18.908170016238106,6.73169078557802,19881.5436924207
2022,INDONESIA,REFINED PALM OIL,3,NDPE COMMITMENT,KALIMANTAN TIMUR,BERAU,CAHAYA ANUGERAH PLANTATION (FELIZA),ID-PALM-MILL-00154,TELADAN PRIMA,KUTAI REFINERY NUSANTARA,ID-PALM-REFINERY-0039,ROYAL GOLDEN EAGLE,KUTAI REFINERY NUSANTARA,ROYAL GOLDEN EAGLE,BALIKPAPAN,APICAL (MALAYSIA) SDN BHD,APICAL (MALAYSIA) SDN BHD,SPAIN,EUROPEAN UNION,ID-64,ID-6403,ID,ES,0.0,0.0,0.0,0.0,0.0,0.0,0.0,4.726255449514957,1.68264248906504,6456.31308839052
2022,INDONESIA,REFINED PALM OIL,3,NDPE COMMITMENT,KALIMANTAN TIMUR,BERAU,CAHAYA ANUGERAH PLANTATION (FELIZA),ID-PALM-MILL-00154,TELADAN PRIMA,KUTAI REFINERY NUSANTARA,ID-PALM-REFINERY-0039,ROYAL GOLDEN EAGLE,KUTAI REFINERY NUSANTARA,ROYAL GOLDEN EAGLE,BALIKPAPAN,APICAL MIDDLE EAST FZCO,APICAL MIDDLE EAST FZCO,BELGIUM,EUROPEAN UNION,ID-64,ID-6403,ID,BE,0.0,0.0,0.0,0.0,0.0,0.0,0.0,35.45251506720621,12.6218120949052,27954.3081304921
2022,INDONESIA,REFINED PALM OIL,3,NDPE COMMITMENT,KALIMANTAN TIMUR,BERAU,CAHAYA ANUGERAH PLANTATION (FELIZA),ID-PALM-MILL-00154,TELADAN PRIMA,KUTAI REFINERY NUSANTARA,ID-PALM-REFINERY-0039,ROYAL GOLDEN EAGLE,KUTAI REFINERY NUSANTARA,ROYAL GOLDEN EAGLE,BALIKPAPAN,APICAL MIDDLE EAST FZCO,APICAL MIDDLE EAST FZCO,SPAIN,EUROPEAN UNION,ID-64,ID-6403,ID,ES,0.0,0.0,0.0,0.0,0.0,0.0,0.0,54.595331332918946,19.4370416890566,41593.4612540474
2022,INDONESIA,REFINED PALM OIL,3,NDPE COMMITMENT,KALIMANTAN TIMUR,BERAU,DWIWIRA LESTARI JAYA,ID-PALM-MILL-00914,TRIPUTRA AGRO PERSADA,KUTAI REFINERY NUSANTARA,ID-PALM-REFINERY-0039,ROYAL GOLDEN EAGLE,KUTAI REFINERY NUSANTARA,ROYAL GOLDEN EAGLE,BALIKPAPAN,AAA OILS & FATS,AAA OILS & FATS,NETHERLANDS,EUROPEAN UNION,ID-64,ID-6405,ID,NL,4.2148589110617,0.0,0.0,0.0,0.0,0.0,0.0,23.149356055541894,8.25951787959722,35732.9038338464
2022,INDONESIA,REFINED PALM OIL,3,NDPE COMMITMENT,KALIMANTAN TIMUR,BERAU,DWIWIRA LESTARI JAYA,ID-PALM-MILL-00914,TRIPUTRA AGRO PERSADA,KUTAI REFINERY NUSANTARA,ID-PALM-REFINERY-0039,ROYAL GOLDEN EAGLE,KUTAI REFINERY NUSANTARA,ROYAL GOLDEN EAGLE,BALIKPAPAN,AAA OILS & FATS,AAA OILS & FATS,SPAIN,EUROPEAN UNION,ID-64,ID-6405,ID,ES,3.37196940564335,0.0,0.0,0.0,0.0,0.0,0.0,18.519936734956843,6.60777553485191,22543.1337392736
2022,INDONESIA,REFINED PALM OIL,3,NDPE COMMITMENT,KALIMANTAN TIMUR,BERAU,DWIWIRA LESTARI JAYA,ID-PALM-MILL-00914,TRIPUTRA AGRO PERSADA,KUTAI REFINERY NUSANTARA,ID-PALM-REFINERY-0039,ROYAL GOLDEN EAGLE,KUTAI REFINERY NUSANTARA,ROYAL GOLDEN EAGLE,BALIKPAPAN,APICAL (MALAYSIA) SDN BHD,APICAL (MALAYSIA) SDN BHD,ITALY,EUROPEAN UNION,ID-64,ID-6405,ID,IT,3.37199132364175,0.0,0.0,0.0,0.0,0.0,0.0,18.52005711562905,6.60781848577944,19473.4511279672
2022,INDONESIA,REFINED PALM OIL,3,NDPE COMMITMENT,KALIMANTAN TIMUR,BERAU,DWIWIRA LESTARI JAYA,ID-PALM-MILL-00914,TRIPUTRA AGRO PERSADA,KUTAI REFINERY NUSANTARA,ID-PALM-REFINERY-0039,ROYAL GOLDEN EAGLE,KUTAI REFINERY NUSANTARA,ROYAL GOLDEN EAGLE,BALIKPAPAN,APICAL (MALAYSIA) SDN BHD,APICAL (MALAYSIA) SDN BHD,SPAIN,EUROPEAN UNION,ID-64,ID-6405,ID,ES,0.842857471420692,0.0,0.0,0.0,0.0,0.0,0.0,4.629243379602579,1.65167957031276,6323.78950742932
2022,INDONESIA,REFINED PALM OIL,3,NDPE COMMITMENT,KALIMANTAN TIMUR,BERAU,DWIWIRA LESTARI JAYA,ID-PALM-MILL-00914,TRIPUTRA AGRO PERSADA,KUTAI REFINERY NUSANTARA,ID-PALM-REFINERY-0039,ROYAL GOLDEN EAGLE,KUTAI REFINERY NUSANTARA,ROYAL GOLDEN EAGLE,BALIKPAPAN,APICAL MIDDLE EAST FZCO,APICAL MIDDLE EAST FZCO,BELGIUM,EUROPEAN UNION,ID-64,ID-6405,ID,BE,6.32242956908224,0.0,0.0,0.0,0.0,0.0,0.0,34.72480961264337,12.3895535224867,27380.5123795693
2022,INDONESIA,REFINED PALM OIL,3,NDPE COMMITMENT,KALIMANTAN TIMUR,BERAU,DWIWIRA LESTARI JAYA,ID-PALM-MILL-00914,TRIPUTRA AGRO PERSADA,KUTAI REFINERY NUSANTARA,ID-PALM-REFINERY-0039,ROYAL GOLDEN EAGLE,KUTAI REFINERY NUSANTARA,ROYAL GOLDEN EAGLE,BALIKPAPAN,APICAL MIDDLE EAST FZCO,APICAL MIDDLE EAST FZCO,SPAIN,EUROPEAN UNION,ID-64,ID-6405,ID,ES,9.73626656666674,0.0,0.0,0.0,0.0,0.0,0.0,53.47469658163779,19.079373588724,40739.7055029719
2022,INDONESIA,REFINED PALM OIL,3,NDPE COMMITMENT,KALIMANTAN TIMUR,BERAU,DWIWIRA LESTARI JAYA,ID-PALM-MILL-00914,TRIPUTRA AGRO PERSADA,LDC EAST INDONESIA,ID-PALM-REFINERY-0075,LOUIS DREYFUS,LDC EAST INDONESIA,LOUIS DREYFUS,BALIKPAPAN,LOUIS DREYFUS,LOUIS DREYFUS,GREECE,EUROPEAN UNION,ID-64,ID-6405,ID,GR,26.629212432112126,0.0,0.0,0.0,0.0,0.0,0.0,194.8074315066963,67.37036225218458,37775.63843265854
2022,INDONESIA,REFINED PALM OIL,3,NDPE COMMITMENT,KALIMANTAN TIMUR,BERAU,DWIWIRA LESTARI JAYA,ID-PALM-MILL-00914,TRIPUTRA AGRO PERSADA,LDC EAST INDONESIA,ID-PALM-REFINERY-0075,LOUIS DREYFUS,LDC EAST INDONESIA,LOUIS DREYFUS,BALIKPAPAN,LOUIS DREYFUS,LOUIS DREYFUS,ITALY,EUROPEAN UNION,ID-64,ID-6405,ID,IT,364.6142200471669,0.0,0.0,0.0,0.0,0.0,0.0,2667.354878755318,922.4528194177269,1418818.669670818
2022,INDONESIA,REFINED PALM OIL,3,NDPE COMMITMENT,KALIMANTAN TIMUR,BERAU,DWIWIRA LESTARI JAYA,ID-PALM-MILL-00914,TRIPUTRA AGRO PERSADA,LDC EAST INDONESIA,ID-PALM-REFINERY-0075,LOUIS DREYFUS,LDC EAST INDONESIA,LOUIS DREYFUS,BALIKPAPAN,LOUIS DREYFUS,LOUIS DREYFUS,SPAIN,EUROPEAN UNION,ID-64,ID-6405,ID,ES,599.1417482343704,0.0,0.0,0.0,0.0,0.0,0.0,4383.053587466242,1515.793856910368,1532704.2723493266
2022,INDONESIA,REFINED PALM OIL,3,NDPE COMMITMENT,KALIMANTAN TIMUR,BERAU,ETAM BERSAMA LESTARI,ID-PALM-MILL-00913,TRIPUTRA AGRO PERSADA,KUTAI REFINERY NUSANTARA,ID-PALM-REFINERY-0039,ROYAL GOLDEN EAGLE,KUTAI REFINERY NUSANTARA,ROYAL GOLDEN EAGLE,BALIKPAPAN,AAA OILS & FATS,AAA OILS & FATS,NETHERLANDS,EUROPEAN UNION,ID-64,ID-6405,ID,NL,0.231543018754193,0.0,0.0,0.0,0.0,0.0,0.0,0.7854961803553052,0.280315180967477,1212.47690031405
2022,INDONESIA,REFINED PALM OIL,3,NDPE COMMITMENT,KALIMANTAN TIMUR,BERAU,ETAM BERSAMA LESTARI,ID-PALM-MILL-00913,TRIPUTRA AGRO PERSADA,KUTAI REFINERY NUSANTARA,ID-PALM-REFINERY-0039,ROYAL GOLDEN EAGLE,KUTAI REFINERY NUSANTARA,ROYAL GOLDEN EAGLE,BALIKPAPAN,AAA OILS & FATS,AAA OILS & FATS,SPAIN,EUROPEAN UNION,ID-64,ID-6405,ID,ES,0.185238934874044,0.0,0.0,0.0,0.0,0.0,0.0,0.6284122776818201,0.224257616709077,764.926048178307
2022,INDONESIA,REFINED PALM OIL,3,NDPE COMMITMENT,KALIMANTAN TIMUR,BERAU,ETAM BERSAMA LESTARI,ID-PALM-MILL-00913,TRIPUTRA AGRO PERSADA,KUTAI REFINERY NUSANTARA,ID-PALM-REFINERY-0039,ROYAL GOLDEN EAGLE,KUTAI REFINERY NUSANTARA,ROYAL GOLDEN EAGLE,BALIKPAPAN,APICAL (MALAYSIA) SDN BHD,APICAL (MALAYSIA) SDN BHD,ITALY,EUROPEAN UNION,ID-64,ID-6405,ID,IT,0.185240138937957,0.0,0.0,0.0,0.0,0.0,0.0,0.6284163623983874,0.224259074396705,660.766608049646
2022,INDONESIA,REFINED PALM OIL,3,NDPE COMMITMENT,KALIMANTAN TIMUR,BERAU,ETAM BERSAMA LESTARI,ID-PALM-MILL-00913,TRIPUTRA AGRO PERSADA,KUTAI REFINERY NUSANTARA,ID-PALM-REFINERY-0039,ROYAL GOLDEN EAGLE,KUTAI REFINERY NUSANTARA,ROYAL GOLDEN EAGLE,BALIKPAPAN,APICAL (MALAYSIA) SDN BHD,APICAL (MALAYSIA) SDN BHD,SPAIN,EUROPEAN UNION,ID-64,ID-6405,ID,ES,0.0463023240944294,0.0,0.0,0.0,0.0,0.0,0.0,0.1570779327031179,0.0560554337918674,214.57670319376
2022,INDONESIA,REFINED PALM OIL,3,NDPE COMMITMENT,KALIMANTAN TIMUR,BERAU,ETAM BERSAMA LESTARI,ID-PALM-MILL-00913,TRIPUTRA AGRO PERSADA,KUTAI REFINERY NUSANTARA,ID-PALM-REFINERY-0039,ROYAL GOLDEN EAGLE,KUTAI REFINERY NUSANTARA,ROYAL GOLDEN EAGLE,BALIKPAPAN,APICAL MIDDLE EAST FZCO,APICAL MIDDLE EAST FZCO,BELGIUM,EUROPEAN UNION,ID-64,ID-6405,ID,BE,0.347322285081499,0.0,0.0,0.0,0.0,0.0,0.0,1.1782705855339157,0.420482162323434,929.066356693497
2022,INDONESIA,REFINED PALM OIL,3,NDPE COMMITMENT,KALIMANTAN TIMUR,BERAU,ETAM BERSAMA LESTARI,ID-PALM-MILL-00913,TRIPUTRA AGRO PERSADA,KUTAI REFINERY NUSANTARA,ID-PALM-REFINERY-0039,ROYAL GOLDEN EAGLE,KUTAI REFINERY NUSANTARA,ROYAL GOLDEN EAGLE,BALIKPAPAN,APICAL MIDDLE EAST FZCO,APICAL MIDDLE EAST FZCO,SPAIN,EUROPEAN UNION,ID-64,ID-6405,ID,ES,0.534861213580616,0.0,0.0,0.0,0.0,0.0,0.0,1.8144854573818525,0.647524242726148,1382.36601418222
2022,INDONESIA,REFINED PALM OIL,3,NDPE COMMITMENT,KALIMANTAN TIMUR,BERAU,ETAM BERSAMA LESTARI,ID-PALM-MILL-00913,TRIPUTRA AGRO PERSADA,LDC EAST INDONESIA,ID-PALM-REFINERY-0075,LOUIS DREYFUS,LDC EAST INDONESIA,LOUIS DREYFUS,BALIKPAPAN,LOUIS DREYFUS,LOUIS DREYFUS,GREECE,EUROPEAN UNION,ID-64,ID-6405,ID,GR,1.43227728079624,0.0,0.0,0.0,0.0,0.0,0.0,4.858917100279695,1.73397180067099,942.205819022455
2022,INDONESIA,REFINED PALM OIL,3,NDPE COMMITMENT,KALIMANTAN TIMUR,BERAU,ETAM BERSAMA LESTARI,ID-PALM-MILL-00913,TRIPUTRA AGRO PERSADA,LDC EAST INDONESIA,ID-PALM-REFINERY-0075,LOUIS DREYFUS,LDC EAST INDONESIA,LOUIS DREYFUS,BALIKPAPAN,LOUIS DREYFUS,LOUIS DREYFUS,ITALY,EUROPEAN UNION,ID-64,ID-6405,ID,IT,19.61111936600286,0.0,0.0,0.0,0.0,0.0,0.0,66.52957812060262,23.74200053032842,35388.39480065034
2022,INDONESIA,REFINED PALM OIL,3,NDPE COMMITMENT,KALIMANTAN TIMUR,BERAU,ETAM BERSAMA LESTARI,ID-PALM-MILL-00913,TRIPUTRA AGRO PERSADA,LDC EAST INDONESIA,ID-PALM-REFINERY-0075,LOUIS DREYFUS,LDC EAST INDONESIA,LOUIS DREYFUS,BALIKPAPAN,LOUIS DREYFUS,LOUIS DREYFUS,SPAIN,EUROPEAN UNION,ID-64,ID-6405,ID,ES,32.22540344219138,0.0,0.0,0.0,0.0,0.0,0.0,109.3228007928943,39.013354176044515,38228.94712481176
2022,INDONESIA,REFINED PALM OIL,3,NDPE COMMITMENT,KALIMANTAN TIMUR,BERAU,ETAM BERSAMA LESTARI,ID-PALM-MILL-00913,TRIPUTRA AGRO PERSADA,SMART TBK (TARJUN REFINERY & KERNEL CRUSHING PLANT),ID-PALM-REFINERY-0020,SINAR MAS,SINAR MAS AGRO RESOURCES AND TECHNOLOGY,SINAR MAS,TARJUN,CASA OLEARIA ITALIANA S P A,CASA OLEARIA ITALIANA S P A,ITALY,EUROPEAN UNION,ID-64,ID-6405,ID,IT,0.110474604864377,0.0,0.0,0.0,0.0,0.0,0.0,0.3747786506979631,0.133744947360057,356.039718163065
2022,INDONESIA,REFINED PALM OIL,3,NDPE COMMITMENT,KALIMANTAN TIMUR,BERAU,ETAM BERSAMA LESTARI,ID-PALM-MILL-00913,TRIPUTRA AGRO PERSADA,SMART TBK (TARJUN REFINERY & KERNEL CRUSHING PLANT),ID-PALM-REFINERY-0020,SINAR MAS,SINAR MAS AGRO RESOURCES AND TECHNOLOGY,SINAR MAS,TARJUN,GOLDEN AGRI INTERNATIONAL,GOLDEN AGRI INTERNATIONAL,ITALY,EUROPEAN UNION,ID-64,ID-6405,ID,IT,5.73967324426598,0.0,0.0,0.0,0.0,0.0,0.0,19.471506565459052,6.94867654752589,20035.9677247965
2022,INDONESIA,REFINED PALM OIL,3,NDPE COMMITMENT,KALIMANTAN TIMUR,BERAU,ETAM BERSAMA LESTARI,ID-PALM-MILL-00913,TRIPUTRA AGRO PERSADA,SMART TBK (TARJUN REFINERY & KERNEL CRUSHING PLANT),ID-PALM-REFINERY-0020,SINAR MAS,SINAR MAS AGRO RESOURCES AND TECHNOLOGY,SINAR MAS,TARJUN,GOLDEN AGRI INTERNATIONAL,GOLDEN AGRI INTERNATIONAL,NETHERLANDS,EUROPEAN UNION,ID-64,ID-6405,ID,NL,0.552618520987486,0.0,0.0,0.0,0.0,0.0,0.0,1.8747260866028947,0.669021944820705,2368.71641042276
2022,INDONESIA,REFINED PALM OIL,3,NDPE COMMITMENT,KALIMANTAN TIMUR,BERAU,ETAM BERSAMA LESTARI,ID-PALM-MILL-00913,TRIPUTRA AGRO PERSADA,SMART TBK (TARJUN REFINERY & KERNEL CRUSHING PLANT),ID-PALM-REFINERY-0020,SINAR MAS,SINAR MAS AGRO RESOURCES AND TECHNOLOGY,SINAR MAS,TARJUN,GOLDEN AGRI INTERNATIONAL,GOLDEN AGRI INTERNATIONAL,SPAIN,EUROPEAN UNION,ID-64,ID-6405,ID,ES,0.110523682090639,0.0,0.0,0.0,0.0,0.0,0.0,0.3749451423243505,0.133804362200699,361.540853486256
2022,INDONESIA,REFINED PALM OIL,3,NDPE COMMITMENT,KALIMANTAN TIMUR,BERAU,ETAM BERSAMA LESTARI,ID-PALM-MILL-00913,TRIPUTRA AGRO PERSADA,SMART TBK (TARJUN REFINERY & KERNEL CRUSHING PLANT),ID-PALM-REFINERY-0020,SINAR MAS,SINAR MAS AGRO RESOURCES AND TECHNOLOGY,SINAR MAS,TARJUN,ITAL BI OIL SRL,ITAL BI OIL SRL,ITALY,EUROPEAN UNION,ID-64,ID-6405,ID,IT,0.71844671036069,0.0,0.0,0.0,0.0,0.0,0.0,2.437288542809663,0.869780141564294,2315.42411566918
2022,INDONESIA,REFINED PALM OIL,3,NDPE COMMITMENT,KALIMANTAN TIMUR,BERAU,HANUSENTRA AGRO LESTARI,ID-PALM-MILL-01319,DHARMA AGUNG WIJAYA (DAW),KUTAI REFINERY NUSANTARA,ID-PALM-REFINERY-0039,ROYAL GOLDEN EAGLE,KUTAI REFINERY NUSANTARA,ROYAL GOLDEN EAGLE,BALIKPAPAN,AAA OILS & FATS,AAA OILS & FATS,NETHERLANDS,EUROPEAN UNION,ID-64,ID-6405,ID,NL,6.43511148557664,0.0,0.0,0.0,0.0,0.0,0.0,20.650753001906946,7.39132796698314,31876.1078858175
2022,INDONESIA,REFINED PALM OIL,3,NDPE COMMITMENT,KALIMANTAN TIMUR,BERAU,HANUSENTRA AGRO LESTARI,ID-PALM-MILL-01319,DHARMA AGUNG WIJAYA (DAW),KUTAI REFINERY NUSANTARA,ID-PALM-REFINERY-0039,ROYAL GOLDEN EAGLE,KUTAI REFINERY NUSANTARA,ROYAL GOLDEN EAGLE,BALIKPAPAN,AAA OILS & FATS,AAA OILS & FATS,SPAIN,EUROPEAN UNION,ID-64,ID-6405,ID,ES,5.14821480603314,0.0,0.0,0.0,0.0,0.0,0.0,16.52100551768821,5.9132066571275,20109.962697094
2022,INDONESIA,REFINED PALM OIL,3,NDPE COMMITMENT,KALIMANTAN TIMUR,BERAU,HANUSENTRA AGRO LESTARI,ID-PALM-MILL-01319,DHARMA AGUNG WIJAYA (DAW),KUTAI REFINERY NUSANTARA,ID-PALM-REFINERY-0039,ROYAL GOLDEN EAGLE,KUTAI REFINERY NUSANTARA,ROYAL GOLDEN EAGLE,BALIKPAPAN,APICAL (MALAYSIA) SDN BHD,APICAL (MALAYSIA) SDN BHD,ITALY,EUROPEAN UNION,ID-64,ID-6405,ID,IT,5.14824826973055,0.0,0.0,0.0,0.0,0.0,0.0,16.52111290519063,5.9132450933167,17371.6032693741
2022,INDONESIA,REFINED PALM OIL,3,NDPE COMMITMENT,KALIMANTAN TIMUR,BERAU,HANUSENTRA AGRO LESTARI,ID-PALM-MILL-01319,DHARMA AGUNG WIJAYA (DAW),KUTAI REFINERY NUSANTARA,ID-PALM-REFINERY-0039,ROYAL GOLDEN EAGLE,KUTAI REFINERY NUSANTARA,ROYAL GOLDEN EAGLE,BALIKPAPAN,APICAL (MALAYSIA) SDN BHD,APICAL (MALAYSIA) SDN BHD,SPAIN,EUROPEAN UNION,ID-64,ID-6405,ID,ES,1.28684777106267,0.0,0.0,0.0,0.0,0.0,0.0,4.129590533253737,1.47806513388682,5641.237485857
2022,INDONESIA,REFINED PALM OIL,3,NDPE COMMITMENT,KALIMANTAN TIMUR,BERAU,HANUSENTRA AGRO LESTARI,ID-PALM-MILL-01319,DHARMA AGUNG WIJAYA (DAW),KUTAI REFINERY NUSANTARA,ID-PALM-REFINERY-0039,ROYAL GOLDEN EAGLE,KUTAI REFINERY NUSANTARA,ROYAL GOLDEN EAGLE,BALIKPAPAN,APICAL MIDDLE EAST FZCO,APICAL MIDDLE EAST FZCO,BELGIUM,EUROPEAN UNION,ID-64,ID-6405,ID,BE,9.65288281180021,0.0,0.0,0.0,0.0,0.0,0.0,30.97682132619284,11.087239568232,24425.2236157031
2022,INDONESIA,REFINED PALM OIL,3,NDPE COMMITMENT,KALIMANTAN TIMUR,BERAU,HANUSENTRA AGRO LESTARI,ID-PALM-MILL-01319,DHARMA AGUNG WIJAYA (DAW),KUTAI REFINERY NUSANTARA,ID-PALM-REFINERY-0039,ROYAL GOLDEN EAGLE,KUTAI REFINERY NUSANTARA,ROYAL GOLDEN EAGLE,BALIKPAPAN,APICAL MIDDLE EAST FZCO,APICAL MIDDLE EAST FZCO,SPAIN,EUROPEAN UNION,ID-64,ID-6405,ID,ES,14.8650197152176,0.0,0.0,0.0,0.0,0.0,0.0,47.70295762481715,17.0738667383007,36342.505324717
2022,INDONESIA,REFINED PALM OIL,3,NDPE COMMITMENT,KALIMANTAN TIMUR,BERAU,HANUSENTRA AGRO LESTARI,ID-PALM-MILL-01319,DHARMA AGUNG WIJAYA (DAW),SMART TBK (TARJUN REFINERY & KERNEL CRUSHING PLANT),ID-PALM-REFINERY-0020,SINAR MAS,SINAR MAS AGRO RESOURCES AND TECHNOLOGY,SINAR MAS,TARJUN,CASA OLEARIA ITALIANA S P A,CASA OLEARIA ITALIANA S P A,ITALY,EUROPEAN UNION,ID-64,ID-6405,ID,IT,0.676432333731453,0.0,0.0,0.0,0.0,0.0,0.0,2.1707218402821473,0.776945859801673,2062.18574826804
2022,INDONESIA,REFINED PALM OIL,3,NDPE COMMITMENT,KALIMANTAN TIMUR,BERAU,HANUSENTRA AGRO LESTARI,ID-PALM-MILL-01319,DHARMA AGUNG WIJAYA (DAW),SMART TBK (TARJUN REFINERY & KERNEL CRUSHING PLANT),ID-PALM-REFINERY-0020,SINAR MAS,SINAR MAS AGRO RESOURCES AND TECHNOLOGY,SINAR MAS,TARJUN,GOLDEN AGRI INTERNATIONAL,GOLDEN AGRI INTERNATIONAL,ITALY,EUROPEAN UNION,ID-64,ID-6405,ID,IT,35.1438285046699,0.0,0.0,0.0,0.0,0.0,0.0,112.77916841347158,40.3659770426105,116048.533315349
2022,INDONESIA,REFINED PALM OIL,3,NDPE COMMITMENT,KALIMANTAN TIMUR,BERAU,HANUSENTRA AGRO LESTARI,ID-PALM-MILL-01319,DHARMA AGUNG WIJAYA (DAW),SMART TBK (TARJUN REFINERY & KERNEL CRUSHING PLANT),ID-PALM-REFINERY-0020,SINAR MAS,SINAR MAS AGRO RESOURCES AND TECHNOLOGY,SINAR MAS,TARJUN,GOLDEN AGRI INTERNATIONAL,GOLDEN AGRI INTERNATIONAL,NETHERLANDS,EUROPEAN UNION,ID-64,ID-6405,ID,NL,3.38366483658116,0.0,0.0,0.0,0.0,0.0,0.0,10.858432979458211,3.88645582808869,13719.6300695454
2022,INDONESIA,REFINED PALM OIL,3,NDPE COMMITMENT,KALIMANTAN TIMUR,BERAU,HANUSENTRA AGRO LESTARI,ID-PALM-MILL-01319,DHARMA AGUNG WIJAYA (DAW),SMART TBK (TARJUN REFINERY & KERNEL CRUSHING PLANT),ID-PALM-REFINERY-0020,SINAR MAS,SINAR MAS AGRO RESOURCES AND TECHNOLOGY,SINAR MAS,TARJUN,GOLDEN AGRI INTERNATIONAL,GOLDEN AGRI INTERNATIONAL,SPAIN,EUROPEAN UNION,ID-64,ID-6405,ID,ES,0.676732831956671,0.0,0.0,0.0,0.0,0.0,0.0,2.171686161512695,0.77729101014461,2094.04838123862
2022,INDONESIA,REFINED PALM OIL,3,NDPE COMMITMENT,KALIMANTAN TIMUR,BERAU,HANUSENTRA AGRO LESTARI,ID-PALM-MILL-01319,DHARMA AGUNG WIJAYA (DAW),SMART TBK (TARJUN REFINERY & KERNEL CRUSHING PLANT),ID-PALM-REFINERY-0020,SINAR MAS,SINAR MAS AGRO RESOURCES AND TECHNOLOGY,SINAR MAS,TARJUN,ITAL BI OIL SRL,ITAL BI OIL SRL,ITALY,EUROPEAN UNION,ID-64,ID-6405,ID,IT,4.39902532846872,0.0,0.0,0.0,0.0,0.0,0.0,14.116800573067263,5.05269240644158,13410.9605444139
2022,INDONESIA,REFINED PALM OIL,3,NDPE COMMITMENT,KALIMANTAN TIMUR,BERAU,HUTAN HIJAU MAS (BERAU),ID-PALM-MILL-00311,KUALA LUMPUR KEPONG (KLK),KUTAI REFINERY NUSANTARA,ID-PALM-REFINERY-0039,ROYAL GOLDEN EAGLE,KUTAI REFINERY NUSANTARA,ROYAL GOLDEN EAGLE,BALIKPAPAN,AAA OILS & FATS,AAA OILS & FATS,NETHERLANDS,EUROPEAN UNION,ID-64,ID-6405,ID,NL,3.7475738894860795,0.14683028988843172,96.66749857180832,77.4002281007233,19.267270471085034,146.8423180099409,0.0,45.62877643207828,14.770570120650163,70431.7077499528
2022,INDONESIA,REFINED PALM OIL,3,NDPE COMMITMENT,KALIMANTAN TIMUR,BERAU,HUTAN HIJAU MAS (BERAU),ID-PALM-MILL-00311,KUALA LUMPUR KEPONG (KLK),KUTAI REFINERY NUSANTARA,ID-PALM-REFINERY-0039,ROYAL GOLDEN EAGLE,KUTAI REFINERY NUSANTARA,ROYAL GOLDEN EAGLE,BALIKPAPAN,AAA OILS & FATS,AAA OILS & FATS,SPAIN,EUROPEAN UNION,ID-64,ID-6405,ID,ES,2.998132266674573,0.11746709813373579,77.33588587004502,61.9216933834953,15.414192486549712,117.4767208657401,0.0,36.503911849128016,11.816744427679165,44433.87569830501
2022,INDONESIA,REFINED PALM OIL,3,NDPE COMMITMENT,KALIMANTAN TIMUR,BERAU,HUTAN HIJAU MAS (BERAU),ID-PALM-MILL-00311,KUALA LUMPUR KEPONG (KLK),KUTAI REFINERY NUSANTARA,ID-PALM-REFINERY-0039,ROYAL GOLDEN EAGLE,KUTAI REFINERY NUSANTARA,ROYAL GOLDEN EAGLE,BALIKPAPAN,APICAL (MALAYSIA) SDN BHD,APICAL (MALAYSIA) SDN BHD,ITALY,EUROPEAN UNION,ID-64,ID-6405,ID,IT,2.998151754709693,0.11746786167674561,77.33638855782728,61.9220958781247,15.414292679702575,117.47748447129811,0.0,36.50414912669057,11.816821237209226,38383.3462039779
2022,INDONESIA,REFINED PALM OIL,3,NDPE COMMITMENT,KALIMANTAN TIMUR,BERAU,HUTAN HIJAU MAS (BERAU),ID-PALM-MILL-00311,KUALA LUMPUR KEPONG (KLK),KUTAI REFINERY NUSANTARA,ID-PALM-REFINERY-0039,ROYAL GOLDEN EAGLE,KUTAI REFINERY NUSANTARA,ROYAL GOLDEN EAGLE,BALIKPAPAN,APICAL (MALAYSIA) SDN BHD,APICAL (MALAYSIA) SDN BHD,SPAIN,EUROPEAN UNION,ID-64,ID-6405,ID,ES,0.7494131402986394,0.0293620758072201,19.330878004235235,15.47794645584646,3.8529315483887947,29.364481105308343,0.0,9.124517792666524,2.953713432888616,12464.570372744216
2022,INDONESIA,REFINED PALM OIL,3,NDPE COMMITMENT,KALIMANTAN TIMUR,BERAU,HUTAN HIJAU MAS (BERAU),ID-PALM-MILL-00311,KUALA LUMPUR KEPONG (KLK),KUTAI REFINERY NUSANTARA,ID-PALM-REFINERY-0039,ROYAL GOLDEN EAGLE,KUTAI REFINERY NUSANTARA,ROYAL GOLDEN EAGLE,BALIKPAPAN,APICAL MIDDLE EAST FZCO,APICAL MIDDLE EAST FZCO,BELGIUM,EUROPEAN UNION,ID-64,ID-6405,ID,BE,5.621486382147731,0.220250353811653,145.00448632707983,116.10293514533231,28.901551181747216,220.26839639687242,0.0,68.44469326318352,22.156350011601667,53968.64063802029
2022,INDONESIA,REFINED PALM OIL,3,NDPE COMMITMENT,KALIMANTAN TIMUR,BERAU,HUTAN HIJAU MAS (BERAU),ID-PALM-MILL-00311,KUALA LUMPUR KEPONG (KLK),KUTAI REFINERY NUSANTARA,ID-PALM-REFINERY-0039,ROYAL GOLDEN EAGLE,KUTAI REFINERY NUSANTARA,ROYAL GOLDEN EAGLE,BALIKPAPAN,APICAL MIDDLE EAST FZCO,APICAL MIDDLE EAST FZCO,SPAIN,EUROPEAN UNION,ID-64,ID-6405,ID,ES,8.656844543611447,0.33917596592921795,223.30060253213125,178.7934706738796,44.50713185825174,339.20375072576303,0.0,105.4018508870203,34.119815412769725,80300.41569380055
2022,INDONESIA,REFINED PALM OIL,3,NDPE COMMITMENT,KALIMANTAN TIMUR,BERAU,HUTAN HIJAU MAS (BERAU),ID-PALM-MILL-00311,KUALA LUMPUR KEPONG (KLK),LDC EAST INDONESIA,ID-PALM-REFINERY-0075,LOUIS DREYFUS,LDC EAST INDONESIA,LOUIS DREYFUS,BALIKPAPAN,LOUIS DREYFUS,LOUIS DREYFUS,GREECE,EUROPEAN UNION,ID-64,ID-6405,ID,GR,14.633362718991318,0.43960383208297,431.8286875621426,311.241726206738,120.58696135540458,627.530948360073,0.0,282.23536853988014,85.67951665519315,54729.02728818214
2022,INDONESIA,REFINED PALM OIL,3,NDPE COMMITMENT,KALIMANTAN TIMUR,BERAU,HUTAN HIJAU MAS (BERAU),ID-PALM-MILL-00311,KUALA LUMPUR KEPONG (KLK),LDC EAST INDONESIA,ID-PALM-REFINERY-0075,LOUIS DREYFUS,LDC EAST INDONESIA,LOUIS DREYFUS,BALIKPAPAN,LOUIS DREYFUS,LOUIS DREYFUS,ITALY,EUROPEAN UNION,ID-64,ID-6405,ID,IT,200.36387287286826,6.01917194409361,5912.71260878872,4261.60403865924,1651.108570129475,8592.31972688197,0.0,3864.4413173030102,1173.1466042750594,2055572.5571077114
2022,INDONESIA,REFINED PALM OIL,3,NDPE COMMITMENT,KALIMANTAN TIMUR,BERAU,HUTAN HIJAU MAS (BERAU),ID-PALM-MILL-00311,KUALA LUMPUR KEPONG (KLK),LDC EAST INDONESIA,ID-PALM-REFINERY-0075,LOUIS DREYFUS,LDC EAST INDONESIA,LOUIS DREYFUS,BALIKPAPAN,LOUIS DREYFUS,LOUIS DREYFUS,SPAIN,EUROPEAN UNION,ID-64,ID-6405,ID,ES,329.24212626849857,9.890829822931751,9715.893606066189,7002.757307914795,2713.136298151393,14119.08033067602,0.0,6350.131178368593,1927.739152163757,2220569.0605509114
2022,INDONESIA,REFINED PALM OIL,3,NDPE COMMITMENT,KALIMANTAN TIMUR,BERAU,JABONTARA EKA KARSA (JABON),ID-PALM-MILL-00419,KUALA LUMPUR KEPONG (KLK),KUTAI REFINERY NUSANTARA,ID-PALM-REFINERY-0039,ROYAL GOLDEN EAGLE,KUTAI REFINERY NUSANTARA,ROYAL GOLDEN EAGLE,BALIKPAPAN,AAA OILS & FATS,AAA OILS & FATS,NETHERLANDS,EUROPEAN UNION,ID-64,ID-6405,ID,NL,4.41402073329524,0.22405220388316183,77.1090049464615,77.1090049464615,0.0,120.51532340734357,0.0,15.460262986006969,5.329475957845146,23864.166640294396
2022,INDONESIA,REFINED PALM OIL,3,NDPE COMMITMENT,KALIMANTAN TIMUR,BERAU,JABONTARA EKA KARSA (JABON),ID-PALM-MILL-00419,KUALA LUMPUR KEPONG (KLK),KUTAI REFINERY NUSANTARA,ID-PALM-REFINERY-0039,ROYAL GOLDEN EAGLE,KUTAI REFINERY NUSANTARA,ROYAL GOLDEN EAGLE,BALIKPAPAN,AAA OILS & FATS,AAA OILS & FATS,SPAIN,EUROPEAN UNION,ID-64,ID-6405,ID,ES,3.531302751198798,0.1792461367516285,61.68870917522008,61.68870917522008,0.0,96.4146112635624,0.0,12.368512183218952,4.26368480112158,15055.398314393266
2022,INDONESIA,REFINED PALM OIL,3,NDPE COMMITMENT,KALIMANTAN TIMUR,BERAU,JABONTARA EKA KARSA (JABON),ID-PALM-MILL-00419,KUALA LUMPUR KEPONG (KLK),KUTAI REFINERY NUSANTARA,ID-PALM-REFINERY-0039,ROYAL GOLDEN EAGLE,KUTAI REFINERY NUSANTARA,ROYAL GOLDEN EAGLE,BALIKPAPAN,APICAL (MALAYSIA) SDN BHD,APICAL (MALAYSIA) SDN BHD,ITALY,EUROPEAN UNION,ID-64,ID-6405,ID,IT,3.531325704873269,0.17924730186200358,61.6891101554385,61.6891101554385,0.0,96.41523796417586,0.0,12.36859257927175,4.263712515322215,13005.315351372463
2022,INDONESIA,REFINED PALM OIL,3,NDPE COMMITMENT,KALIMANTAN TIMUR,BERAU,JABONTARA EKA KARSA (JABON),ID-PALM-MILL-00419,KUALA LUMPUR KEPONG (KLK),KUTAI REFINERY NUSANTARA,ID-PALM-REFINERY-0039,ROYAL GOLDEN EAGLE,KUTAI REFINERY NUSANTARA,ROYAL GOLDEN EAGLE,BALIKPAPAN,APICAL (MALAYSIA) SDN BHD,APICAL (MALAYSIA) SDN BHD,SPAIN,EUROPEAN UNION,ID-64,ID-6405,ID,ES,0.8826844344183719,0.04480436427790796,15.419709723229879,15.419709723229879,0.0,24.099796196730466,0.0,3.0916333008647094,1.0657506513534087,4223.333410157782
2022,INDONESIA,REFINED PALM OIL,3,NDPE COMMITMENT,KALIMANTAN TIMUR,BERAU,JABONTARA EKA KARSA (JABON),ID-PALM-MILL-00419,KUALA LUMPUR KEPONG (KLK),KUTAI REFINERY NUSANTARA,ID-PALM-REFINERY-0039,ROYAL GOLDEN EAGLE,KUTAI REFINERY NUSANTARA,ROYAL GOLDEN EAGLE,BALIKPAPAN,APICAL MIDDLE EAST FZCO,APICAL MIDDLE EAST FZCO,BELGIUM,EUROPEAN UNION,ID-64,ID-6405,ID,BE,6.621178974576434,0.33608581182427344,115.6660906576381,115.6660906576381,0.0,180.77702250919873,0.0,23.190912415119517,7.99439248017566,18286.034439321742
2022,INDONESIA,REFINED PALM OIL,3,NDPE COMMITMENT,KALIMANTAN TIMUR,BERAU,JABONTARA EKA KARSA (JABON),ID-PALM-MILL-00419,KUALA LUMPUR KEPONG (KLK),KUTAI REFINERY NUSANTARA,ID-PALM-REFINERY-0039,ROYAL GOLDEN EAGLE,KUTAI REFINERY NUSANTARA,ROYAL GOLDEN EAGLE,BALIKPAPAN,APICAL MIDDLE EAST FZCO,APICAL MIDDLE EAST FZCO,SPAIN,EUROPEAN UNION,ID-64,ID-6405,ID,ES,10.196327658173198,0.5175575334516088,178.1207491616993,178.1207491616993,0.0,278.38875246392973,0.0,35.7129965198807,12.311016734164275,27207.951682856226
2022,INDONESIA,REFINED PALM OIL,3,NDPE COMMITMENT,KALIMANTAN TIMUR,BERAU,JABONTARA EKA KARSA (JABON),ID-PALM-MILL-00419,KUALA LUMPUR KEPONG (KLK),LDC EAST INDONESIA,ID-PALM-REFINERY-0075,LOUIS DREYFUS,LDC EAST INDONESIA,LOUIS DREYFUS,BALIKPAPAN,LOUIS DREYFUS,LOUIS DREYFUS,GREECE,EUROPEAN UNION,ID-64,ID-6405,ID,GR,40.745710992171865,1.3868334589724183,484.6446711543487,484.6446711543487,0.0,757.4262296787473,0.0,166.67259378729517,56.40284803606879,32319.93559406799
2022,INDONESIA,REFINED PALM OIL,3,NDPE COMMITMENT,KALIMANTAN TIMUR,BERAU,JABONTARA EKA KARSA (JABON),ID-PALM-MILL-00419,KUALA LUMPUR KEPONG (KLK),LDC EAST INDONESIA,ID-PALM-REFINERY-0075,LOUIS DREYFUS,LDC EAST INDONESIA,LOUIS DREYFUS,BALIKPAPAN,LOUIS DREYFUS,LOUIS DREYFUS,ITALY,EUROPEAN UNION,ID-64,ID-6405,ID,IT,557.9010521453758,18.98889053770027,6635.8830259608585,6635.8830259608585,0.0,10370.880275999152,0.0,2282.125239036702,772.2827138631603,1213907.4262151327
2022,INDONESIA,REFINED PALM OIL,3,NDPE COMMITMENT,KALIMANTAN TIMUR,BERAU,JABONTARA EKA KARSA (JABON),ID-PALM-MILL-00419,KUALA LUMPUR KEPONG (KLK),LDC EAST INDONESIA,ID-PALM-REFINERY-0075,LOUIS DREYFUS,LDC EAST INDONESIA,LOUIS DREYFUS,BALIKPAPAN,LOUIS DREYFUS,LOUIS DREYFUS,SPAIN,EUROPEAN UNION,ID-64,ID-6405,ID,ES,916.754732387932,31.202943956264434,10904.2224319684,10904.2224319684,0.0,17041.648398923353,0.0,3750.0361484238147,1269.0311838504324,1311345.2325998656
2022,INDONESIA,REFINED PALM OIL,3,NDPE COMMITMENT,KALIMANTAN TIMUR,BERAU,JAYA MANDIRI SUKSES (BANGKIRAI),ID-PALM-MILL-00676,EAGLE HIGH PLANTATIONS,KUTAI REFINERY NUSANTARA,ID-PALM-REFINERY-0039,ROYAL GOLDEN EAGLE,KUTAI REFINERY NUSANTARA,ROYAL GOLDEN EAGLE,BALIKPAPAN,AAA OILS & FATS,AAA OILS & FATS,NETHERLANDS,EUROPEAN UNION,ID-64,ID-6403,ID,NL,0.0,0.0,0.0,0.0,0.0,0.0,0.0,44.29727413462231,15.4386251209402,68376.4262364894
2022,INDONESIA,REFINED PALM OIL,3,NDPE COMMITMENT,KALIMANTAN TIMUR,BERAU,JAYA MANDIRI SUKSES (BANGKIRAI),ID-PALM-MILL-00676,EAGLE HIGH PLANTATIONS,KUTAI REFINERY NUSANTARA,ID-PALM-REFINERY-0039,ROYAL GOLDEN EAGLE,KUTAI REFINERY NUSANTARA,ROYAL GOLDEN EAGLE,BALIKPAPAN,AAA OILS & FATS,AAA OILS & FATS,SPAIN,EUROPEAN UNION,ID-64,ID-6403,ID,ES,0.0,0.0,0.0,0.0,0.0,0.0,0.0,35.438684019370314,12.3512014687804,43137.2420341253
2022,INDONESIA,REFINED PALM OIL,3,NDPE COMMITMENT,KALIMANTAN TIMUR,BERAU,JAYA MANDIRI SUKSES (BANGKIRAI),ID-PALM-MILL-00676,EAGLE HIGH PLANTATIONS,KUTAI REFINERY NUSANTARA,ID-PALM-REFINERY-0039,ROYAL GOLDEN EAGLE,KUTAI REFINERY NUSANTARA,ROYAL GOLDEN EAGLE,BALIKPAPAN,APICAL (MALAYSIA) SDN BHD,APICAL (MALAYSIA) SDN BHD,ITALY,EUROPEAN UNION,ID-64,ID-6403,ID,IT,0.0,0.0,0.0,0.0,0.0,0.0,0.0,35.43891437288958,12.3512817523125,37263.2742307414
2022,INDONESIA,REFINED PALM OIL,3,NDPE COMMITMENT,KALIMANTAN TIMUR,BERAU,JAYA MANDIRI SUKSES (BANGKIRAI),ID-PALM-MILL-00676,EAGLE HIGH PLANTATIONS,KUTAI REFINERY NUSANTARA,ID-PALM-REFINERY-0039,ROYAL GOLDEN EAGLE,KUTAI REFINERY NUSANTARA,ROYAL GOLDEN EAGLE,BALIKPAPAN,APICAL (MALAYSIA) SDN BHD,APICAL (MALAYSIA) SDN BHD,SPAIN,EUROPEAN UNION,ID-64,ID-6403,ID,ES,0.0,0.0,0.0,0.0,0.0,0.0,0.0,8.858253444723768,3.08730631468987,12100.839293678
2022,INDONESIA,REFINED PALM OIL,3,NDPE COMMITMENT,KALIMANTAN TIMUR,BERAU,JAYA MANDIRI SUKSES (BANGKIRAI),ID-PALM-MILL-00676,EAGLE HIGH PLANTATIONS,KUTAI REFINERY NUSANTARA,ID-PALM-REFINERY-0039,ROYAL GOLDEN EAGLE,KUTAI REFINERY NUSANTARA,ROYAL GOLDEN EAGLE,BALIKPAPAN,APICAL MIDDLE EAST FZCO,APICAL MIDDLE EAST FZCO,BELGIUM,EUROPEAN UNION,ID-64,ID-6403,ID,BE,0.0,0.0,0.0,0.0,0.0,0.0,0.0,66.44739521018283,23.1584548926267,52393.7711232292
2022,INDONESIA,REFINED PALM OIL,3,NDPE COMMITMENT,KALIMANTAN TIMUR,BERAU,JAYA MANDIRI SUKSES (BANGKIRAI),ID-PALM-MILL-00676,EAGLE HIGH PLANTATIONS,KUTAI REFINERY NUSANTARA,ID-PALM-REFINERY-0039,ROYAL GOLDEN EAGLE,KUTAI REFINERY NUSANTARA,ROYAL GOLDEN EAGLE,BALIKPAPAN,APICAL MIDDLE EAST FZCO,APICAL MIDDLE EAST FZCO,SPAIN,EUROPEAN UNION,ID-64,ID-6403,ID,ES,0.0,0.0,0.0,0.0,0.0,0.0,0.0,102.32609875018431,35.6630133468567,77957.153473256
2022,INDONESIA,REFINED PALM OIL,3,NDPE COMMITMENT,KALIMANTAN TIMUR,BERAU,MAJU KALIMANTAN HADAPAN (SEGUNTUNG),ID-PALM-MILL-00997,MKH BERHAD,KUTAI REFINERY NUSANTARA,ID-PALM-REFINERY-0039,ROYAL GOLDEN EAGLE,KUTAI REFINERY NUSANTARA,ROYAL GOLDEN EAGLE,BALIKPAPAN,AAA OILS & FATS,AAA OILS & FATS,NETHERLANDS,EUROPEAN UNION,ID-64,ID-6403,ID,NL,0.0,0.0,429.9400319976407,0.0,429.9400319976407,0.0,0.0,48.22055364920695,17.20817180347742,74432.32555704057
2022,INDONESIA,REFINED PALM OIL,3,NDPE COMMITMENT,KALIMANTAN TIMUR,BERAU,MAJU KALIMANTAN HADAPAN (SEGUNTUNG),ID-PALM-MILL-00997,MKH BERHAD,KUTAI REFINERY NUSANTARA,ID-PALM-REFINERY-0039,ROYAL GOLDEN EAGLE,KUTAI REFINERY NUSANTARA,ROYAL GOLDEN EAGLE,BALIKPAPAN,AAA OILS & FATS,AAA OILS & FATS,SPAIN,EUROPEAN UNION,ID-64,ID-6403,ID,ES,0.0,0.0,343.9604183078538,0.0,343.9604183078538,0.0,0.0,38.57738421601214,13.7668733575151,46957.78091138974
2022,INDONESIA,REFINED PALM OIL,3,NDPE COMMITMENT,KALIMANTAN TIMUR,BERAU,MAJU KALIMANTAN HADAPAN (SEGUNTUNG),ID-PALM-MILL-00997,MKH BERHAD,KUTAI REFINERY NUSANTARA,ID-PALM-REFINERY-0039,ROYAL GOLDEN EAGLE,KUTAI REFINERY NUSANTARA,ROYAL GOLDEN EAGLE,BALIKPAPAN,APICAL (MALAYSIA) SDN BHD,APICAL (MALAYSIA) SDN BHD,ITALY,EUROPEAN UNION,ID-64,ID-6403,ID,IT,0.0,0.0,343.96265407069467,0.0,343.96265407069467,0.0,0.0,38.57763497126627,13.766962842997291,40563.573025460166
2022,INDONESIA,REFINED PALM OIL,3,NDPE COMMITMENT,KALIMANTAN TIMUR,BERAU,MAJU KALIMANTAN HADAPAN (SEGUNTUNG),ID-PALM-MILL-00997,MKH BERHAD,KUTAI REFINERY NUSANTARA,ID-PALM-REFINERY-0039,ROYAL GOLDEN EAGLE,KUTAI REFINERY NUSANTARA,ROYAL GOLDEN EAGLE,BALIKPAPAN,APICAL (MALAYSIA) SDN BHD,APICAL (MALAYSIA) SDN BHD,SPAIN,EUROPEAN UNION,ID-64,ID-6403,ID,ES,0.0,0.0,85.97634603640421,0.0,85.97634603640421,0.0,0.0,9.642802944746398,3.441167659488355,13172.575102203999
2022,INDONESIA,REFINED PALM OIL,3,NDPE COMMITMENT,KALIMANTAN TIMUR,BERAU,MAJU KALIMANTAN HADAPAN (SEGUNTUNG),ID-PALM-MILL-00997,MKH BERHAD,KUTAI REFINERY NUSANTARA,ID-PALM-REFINERY-0039,ROYAL GOLDEN EAGLE,KUTAI REFINERY NUSANTARA,ROYAL GOLDEN EAGLE,BALIKPAPAN,APICAL MIDDLE EAST FZCO,APICAL MIDDLE EAST FZCO,BELGIUM,EUROPEAN UNION,ID-64,ID-6403,ID,BE,0.0,0.0,644.9244514686088,0.0,644.9244514686088,0.0,0.0,72.33244591631342,25.81283419822644,57034.13360501318
2022,INDONESIA,REFINED PALM OIL,3,NDPE COMMITMENT,KALIMANTAN TIMUR,BERAU,MAJU KALIMANTAN HADAPAN (SEGUNTUNG),ID-PALM-MILL-00997,MKH BERHAD,KUTAI REFINERY NUSANTARA,ID-PALM-REFINERY-0039,ROYAL GOLDEN EAGLE,KUTAI REFINERY NUSANTARA,ROYAL GOLDEN EAGLE,BALIKPAPAN,APICAL MIDDLE EAST FZCO,APICAL MIDDLE EAST FZCO,SPAIN,EUROPEAN UNION,ID-64,ID-6403,ID,ES,0.0,0.0,993.15560675691,0.0,993.15560675691,0.0,0.0,111.38882089001441,39.75064203547719,84861.5896764288
2022,INDONESIA,REFINED PALM OIL,3,NDPE COMMITMENT,KALIMANTAN TIMUR,BERAU,MULIA INTI PERKASA,ID-PALM-MILL-01396,WIDYA,SMART TBK (TARJUN REFINERY & KERNEL CRUSHING PLANT),ID-PALM-REFINERY-0020,SINAR MAS,SINAR MAS AGRO RESOURCES AND TECHNOLOGY,SINAR MAS,TARJUN,CASA OLEARIA ITALIANA S P A,CASA OLEARIA ITALIANA S P A,ITALY,EUROPEAN UNION,ID-64,ID-6405,ID,IT,1.5248054546755,0.0,0.0,0.0,0.0,0.0,0.0,4.394048500096674,1.56878760756213,4174.34607509184
2022,INDONESIA,REFINED PALM OIL,3,NDPE COMMITMENT,KALIMANTAN TIMUR,BERAU,MULIA INTI PERKASA,ID-PALM-MILL-01396,WIDYA,SMART TBK (TARJUN REFINERY & KERNEL CRUSHING PLANT),ID-PALM-REFINERY-0020,SINAR MAS,SINAR MAS AGRO RESOURCES AND TECHNOLOGY,SINAR MAS,TARJUN,GOLDEN AGRI INTERNATIONAL,GOLDEN AGRI INTERNATIONAL,ITALY,EUROPEAN UNION,ID-64,ID-6405,ID,IT,79.2207863667489,0.0,0.0,0.0,0.0,0.0,0.0,228.29140363048737,81.5058652449086,234909.362540181
2022,INDONESIA,REFINED PALM OIL,3,NDPE COMMITMENT,KALIMANTAN TIMUR,BERAU,MULIA INTI PERKASA,ID-PALM-MILL-01396,WIDYA,SMART TBK (TARJUN REFINERY & KERNEL CRUSHING PLANT),ID-PALM-REFINERY-0020,SINAR MAS,SINAR MAS AGRO RESOURCES AND TECHNOLOGY,SINAR MAS,TARJUN,GOLDEN AGRI INTERNATIONAL,GOLDEN AGRI INTERNATIONAL,NETHERLANDS,EUROPEAN UNION,ID-64,ID-6405,ID,NL,7.62741569604056,0.0,0.0,0.0,0.0,0.0,0.0,21.980006955007575,7.84742419761334,27771.738787652
2022,INDONESIA,REFINED PALM OIL,3,NDPE COMMITMENT,KALIMANTAN TIMUR,BERAU,MULIA INTI PERKASA,ID-PALM-MILL-01396,WIDYA,SMART TBK (TARJUN REFINERY & KERNEL CRUSHING PLANT),ID-PALM-REFINERY-0020,SINAR MAS,SINAR MAS AGRO RESOURCES AND TECHNOLOGY,SINAR MAS,TARJUN,GOLDEN AGRI INTERNATIONAL,GOLDEN AGRI INTERNATIONAL,SPAIN,EUROPEAN UNION,ID-64,ID-6405,ID,ES,1.52548283408225,0.0,0.0,0.0,0.0,0.0,0.0,4.39600051171699,1.56948452559563,4238.84349342311
2022,INDONESIA,REFINED PALM OIL,3,NDPE COMMITMENT,KALIMANTAN TIMUR,BERAU,MULIA INTI PERKASA,ID-PALM-MILL-01396,WIDYA,SMART TBK (TARJUN REFINERY & KERNEL CRUSHING PLANT),ID-PALM-REFINERY-0020,SINAR MAS,SINAR MAS AGRO RESOURCES AND TECHNOLOGY,SINAR MAS,TARJUN,ITAL BI OIL SRL,ITAL BI OIL SRL,ITALY,EUROPEAN UNION,ID-64,ID-6405,ID,IT,9.91622884007161,0.0,0.0,0.0,0.0,0.0,0.0,28.57570474169442,10.2022568651981,27146.9195046097
2022,INDONESIA,REFINED PALM OIL,3,NDPE COMMITMENT,KALIMANTAN TIMUR,BERAU,NALA PALMA CADUDASA,ID-PALM-MILL-00721,NPC RESOURCES BERHAD,KUTAI REFINERY NUSANTARA,ID-PALM-REFINERY-0039,ROYAL GOLDEN EAGLE,KUTAI REFINERY NUSANTARA,ROYAL GOLDEN EAGLE,BALIKPAPAN,AAA OILS & FATS,AAA OILS & FATS,NETHERLANDS,EUROPEAN UNION,ID-64,ID-6403,ID,NL,0.187935508927487,0.0,0.689303439807742,0.689303439807742,0.0,5.04905303416301,0.0,8.110893819394967,2.88701557160889,12519.8207742628
2022,INDONESIA,REFINED PALM OIL,3,NDPE COMMITMENT,KALIMANTAN TIMUR,BERAU,NALA PALMA CADUDASA,ID-PALM-MILL-00721,NPC RESOURCES BERHAD,KUTAI REFINERY NUSANTARA,ID-PALM-REFINERY-0039,ROYAL GOLDEN EAGLE,KUTAI REFINERY NUSANTARA,ROYAL GOLDEN EAGLE,BALIKPAPAN,AAA OILS & FATS,AAA OILS & FATS,SPAIN,EUROPEAN UNION,ID-64,ID-6403,ID,ES,0.150352075765656,0.0,0.551456207498758,0.551456207498758,0.0,4.03934098813757,0.0,6.488873385451547,2.30966881371337,7898.49029394041
2022,INDONESIA,REFINED PALM OIL,3,NDPE COMMITMENT,KALIMANTAN TIMUR,BERAU,NALA PALMA CADUDASA,ID-PALM-MILL-00721,NPC RESOURCES BERHAD,KUTAI REFINERY NUSANTARA,ID-PALM-REFINERY-0039,ROYAL GOLDEN EAGLE,KUTAI REFINERY NUSANTARA,ROYAL GOLDEN EAGLE,BALIKPAPAN,APICAL (MALAYSIA) SDN BHD,APICAL (MALAYSIA) SDN BHD,ITALY,EUROPEAN UNION,ID-64,ID-6403,ID,IT,0.150353053062944,0.0,0.551459791996367,0.551459791996367,0.0,4.0393672440903,0.0,6.488915563508158,2.30968382669578,6822.95844502798
2022,INDONESIA,REFINED PALM OIL,3,NDPE COMMITMENT,KALIMANTAN TIMUR,BERAU,NALA PALMA CADUDASA,ID-PALM-MILL-00721,NPC RESOURCES BERHAD,KUTAI REFINERY NUSANTARA,ID-PALM-REFINERY-0039,ROYAL GOLDEN EAGLE,KUTAI REFINERY NUSANTARA,ROYAL GOLDEN EAGLE,BALIKPAPAN,APICAL (MALAYSIA) SDN BHD,APICAL (MALAYSIA) SDN BHD,SPAIN,EUROPEAN UNION,ID-64,ID-6403,ID,ES,0.037582004804256,0.0,0.137841993427864,0.137841993427864,0.0,1.00967367194069,0.0,1.6219587890914526,0.577324815844307,2215.68086420633
2022,INDONESIA,REFINED PALM OIL,3,NDPE COMMITMENT,KALIMANTAN TIMUR,BERAU,NALA PALMA CADUDASA,ID-PALM-MILL-00721,NPC RESOURCES BERHAD,KUTAI REFINERY NUSANTARA,ID-PALM-REFINERY-0039,ROYAL GOLDEN EAGLE,KUTAI REFINERY NUSANTARA,ROYAL GOLDEN EAGLE,BALIKPAPAN,APICAL MIDDLE EAST FZCO,APICAL MIDDLE EAST FZCO,BELGIUM,EUROPEAN UNION,ID-64,ID-6403,ID,BE,0.281909559441067,0.0,1.03397825214813,1.03397825214813,0.0,7.57374870017074,0.0,12.166612453110947,4.33062007566537,9593.37391927802
2022,INDONESIA,REFINED PALM OIL,3,NDPE COMMITMENT,KALIMANTAN TIMUR,BERAU,NALA PALMA CADUDASA,ID-PALM-MILL-00721,NPC RESOURCES BERHAD,KUTAI REFINERY NUSANTARA,ID-PALM-REFINERY-0039,ROYAL GOLDEN EAGLE,KUTAI REFINERY NUSANTARA,ROYAL GOLDEN EAGLE,BALIKPAPAN,APICAL MIDDLE EAST FZCO,APICAL MIDDLE EAST FZCO,SPAIN,EUROPEAN UNION,ID-64,ID-6403,ID,ES,0.43412846096888,0.0,1.59228153940697,1.59228153940697,0.0,11.6632436072375,0.0,18.736054037848422,6.66896657288617,14274.0655409687
2022,INDONESIA,REFINED PALM OIL,3,NDPE COMMITMENT,KALIMANTAN TIMUR,BERAU,NIAGA MAS GEMILANG,ID-PALM-MILL-00373,JC CHEMICAL,KUTAI REFINERY NUSANTARA,ID-PALM-REFINERY-0039,ROYAL GOLDEN EAGLE,KUTAI REFINERY NUSANTARA,ROYAL GOLDEN EAGLE,BALIKPAPAN,AAA OILS & FATS,AAA OILS & FATS,NETHERLANDS,EUROPEAN UNION,ID-64,ID-6403,ID,NL,0.00345423778847988,0.0,31.205238003158318,31.205238003158318,0.0,118.89166956133411,0.0,33.57804424717173,9.778383732672241,51830.42772913704
2022,INDONESIA,REFINED PALM OIL,3,NDPE COMMITMENT,KALIMANTAN TIMUR,BERAU,NIAGA MAS GEMILANG,ID-PALM-MILL-00373,JC CHEMICAL,KUTAI REFINERY NUSANTARA,ID-PALM-REFINERY-0039,ROYAL GOLDEN EAGLE,KUTAI REFINERY NUSANTARA,ROYAL GOLDEN EAGLE,BALIKPAPAN,AAA OILS & FATS,AAA OILS & FATS,SPAIN,EUROPEAN UNION,ID-64,ID-6403,ID,ES,0.00276345765975767,0.0,24.964799549118034,24.964799549118034,0.0,95.11565649197307,0.0,26.86309086305367,7.822897866563662,32698.72131004808
2022,INDONESIA,REFINED PALM OIL,3,NDPE COMMITMENT,KALIMANTAN TIMUR,BERAU,NIAGA MAS GEMILANG,ID-PALM-MILL-00373,JC CHEMICAL,KUTAI REFINERY NUSANTARA,ID-PALM-REFINERY-0039,ROYAL GOLDEN EAGLE,KUTAI REFINERY NUSANTARA,ROYAL GOLDEN EAGLE,BALIKPAPAN,APICAL (MALAYSIA) SDN BHD,APICAL (MALAYSIA) SDN BHD,ITALY,EUROPEAN UNION,ID-64,ID-6403,ID,IT,0.00276347562239412,0.0,24.96496182177549,24.96496182177549,0.0,95.11627474930464,0.0,26.863265474715718,7.822948715857428,28246.159506604563
2022,INDONESIA,REFINED PALM OIL,3,NDPE COMMITMENT,KALIMANTAN TIMUR,BERAU,NIAGA MAS GEMILANG,ID-PALM-MILL-00373,JC CHEMICAL,KUTAI REFINERY NUSANTARA,ID-PALM-REFINERY-0039,ROYAL GOLDEN EAGLE,KUTAI REFINERY NUSANTARA,ROYAL GOLDEN EAGLE,BALIKPAPAN,APICAL (MALAYSIA) SDN BHD,APICAL (MALAYSIA) SDN BHD,SPAIN,EUROPEAN UNION,ID-64,ID-6403,ID,ES,0.000690753875638172,0.0,6.240201286310128,6.240201286310128,0.0,23.7751094624917,0.0,6.714698182458086,1.9554115479099838,9172.630261541466
2022,INDONESIA,REFINED PALM OIL,3,NDPE COMMITMENT,KALIMANTAN TIMUR,BERAU,NIAGA MAS GEMILANG,ID-PALM-MILL-00373,JC CHEMICAL,KUTAI REFINERY NUSANTARA,ID-PALM-REFINERY-0039,ROYAL GOLDEN EAGLE,KUTAI REFINERY NUSANTARA,ROYAL GOLDEN EAGLE,BALIKPAPAN,APICAL MIDDLE EAST FZCO,APICAL MIDDLE EAST FZCO,BELGIUM,EUROPEAN UNION,ID-64,ID-6403,ID,BE,0.00518147240355081,0.0,46.80890241512733,46.80890241512733,0.0,178.34148734596337,0.0,50.36819127281156,14.667903185804793,39715.31881861198
2022,INDONESIA,REFINED PALM OIL,3,NDPE COMMITMENT,KALIMANTAN TIMUR,BERAU,NIAGA MAS GEMILANG,ID-PALM-MILL-00373,JC CHEMICAL,KUTAI REFINERY NUSANTARA,ID-PALM-REFINERY-0039,ROYAL GOLDEN EAGLE,KUTAI REFINERY NUSANTARA,ROYAL GOLDEN EAGLE,BALIKPAPAN,APICAL MIDDLE EAST FZCO,APICAL MIDDLE EAST FZCO,SPAIN,EUROPEAN UNION,ID-64,ID-6403,ID,ES,0.00797924215328526,0.0,72.08367394639495,72.08367394639495,0.0,274.6381342367683,0.0,77.56482398967036,22.587932982191596,59092.77263321758
2022,INDONESIA,REFINED PALM OIL,3,NDPE COMMITMENT,KALIMANTAN TIMUR,BERAU,NIAGA MAS GEMILANG,ID-PALM-MILL-00373,JC CHEMICAL,LDC EAST INDONESIA,ID-PALM-REFINERY-0075,LOUIS DREYFUS,LDC EAST INDONESIA,LOUIS DREYFUS,BALIKPAPAN,LOUIS DREYFUS,LOUIS DREYFUS,GREECE,EUROPEAN UNION,ID-64,ID-6403,ID,GR,0.0213622040234569,0.0,56.90136593689135,56.90136593689135,0.0,216.9347445720793,0.0,160.07016974101683,46.30791502898201,31039.64160516682
2022,INDONESIA,REFINED PALM OIL,3,NDPE COMMITMENT,KALIMANTAN TIMUR,BERAU,NIAGA MAS GEMILANG,ID-PALM-MILL-00373,JC CHEMICAL,LDC EAST INDONESIA,ID-PALM-REFINERY-0075,LOUIS DREYFUS,LDC EAST INDONESIA,LOUIS DREYFUS,BALIKPAPAN,LOUIS DREYFUS,LOUIS DREYFUS,ITALY,EUROPEAN UNION,ID-64,ID-6403,ID,IT,0.2924969477921353,0.0,779.1085528192067,779.1085528192067,0.0,2970.3279019208494,0.0,2191.7231026539025,634.0602210203459,1165820.7468236366
2022,INDONESIA,REFINED PALM OIL,3,NDPE COMMITMENT,KALIMANTAN TIMUR,BERAU,NIAGA MAS GEMILANG,ID-PALM-MILL-00373,JC CHEMICAL,LDC EAST INDONESIA,ID-PALM-REFINERY-0075,LOUIS DREYFUS,LDC EAST INDONESIA,LOUIS DREYFUS,BALIKPAPAN,LOUIS DREYFUS,LOUIS DREYFUS,SPAIN,EUROPEAN UNION,ID-64,ID-6403,ID,ES,0.4806371310222825,0.0,1280.2475458583738,1280.2475458583738,0.0,4880.905225682006,0.0,3601.4854582463754,1041.9010790606537,1259398.7361786314
2022,INDONESIA,REFINED PALM OIL,3,NDPE COMMITMENT,KALIMANTAN TIMUR,BERAU,PERKEBUNAN KALTIM UTAMA I,ID-PALM-MILL-01012,TOBA BARA,KUTAI REFINERY NUSANTARA,ID-PALM-REFINERY-0039,ROYAL GOLDEN EAGLE,KUTAI REFINERY NUSANTARA,ROYAL GOLDEN EAGLE,BALIKPAPAN,AAA OILS & FATS,AAA OILS & FATS,NETHERLANDS,EUROPEAN UNION,ID-64,ID-6403,ID,NL,0.0,0.0,0.0,0.0,0.0,0.0,0.0,3.6622638779543473,1.08124132738672,5653.00056948166
2022,INDONESIA,REFINED PALM OIL,3,NDPE COMMITMENT,KALIMANTAN TIMUR,BERAU,PERKEBUNAN KALTIM UTAMA I,ID-PALM-MILL-01012,TOBA BARA,KUTAI REFINERY NUSANTARA,ID-PALM-REFINERY-0039,ROYAL GOLDEN EAGLE,KUTAI REFINERY NUSANTARA,ROYAL GOLDEN EAGLE,BALIKPAPAN,AAA OILS & FATS,AAA OILS & FATS,SPAIN,EUROPEAN UNION,ID-64,ID-6403,ID,ES,0.0,0.0,0.0,0.0,0.0,0.0,0.0,2.9298825921421363,0.865014168445047,3566.35857132066
2022,INDONESIA,REFINED PALM OIL,3,NDPE COMMITMENT,KALIMANTAN TIMUR,BERAU,PERKEBUNAN KALTIM UTAMA I,ID-PALM-MILL-01012,TOBA BARA,KUTAI REFINERY NUSANTARA,ID-PALM-REFINERY-0039,ROYAL GOLDEN EAGLE,KUTAI REFINERY NUSANTARA,ROYAL GOLDEN EAGLE,BALIKPAPAN,APICAL (MALAYSIA) SDN BHD,APICAL (MALAYSIA) SDN BHD,ITALY,EUROPEAN UNION,ID-64,ID-6403,ID,IT,0.0,0.0,0.0,0.0,0.0,0.0,0.0,2.9299016365503894,0.865019791087746,3080.73004164583
2022,INDONESIA,REFINED PALM OIL,3,NDPE COMMITMENT,KALIMANTAN TIMUR,BERAU,PERKEBUNAN KALTIM UTAMA I,ID-PALM-MILL-01012,TOBA BARA,KUTAI REFINERY NUSANTARA,ID-PALM-REFINERY-0039,ROYAL GOLDEN EAGLE,KUTAI REFINERY NUSANTARA,ROYAL GOLDEN EAGLE,BALIKPAPAN,APICAL (MALAYSIA) SDN BHD,APICAL (MALAYSIA) SDN BHD,SPAIN,EUROPEAN UNION,ID-64,ID-6403,ID,ES,0.0,0.0,0.0,0.0,0.0,0.0,0.0,0.7323534516770811,0.216218941233116,1000.43326601739
2022,INDONESIA,REFINED PALM OIL,3,NDPE COMMITMENT,KALIMANTAN TIMUR,BERAU,PERKEBUNAN KALTIM UTAMA I,ID-PALM-MILL-01012,TOBA BARA,KUTAI REFINERY NUSANTARA,ID-PALM-REFINERY-0039,ROYAL GOLDEN EAGLE,KUTAI REFINERY NUSANTARA,ROYAL GOLDEN EAGLE,BALIKPAPAN,APICAL MIDDLE EAST FZCO,APICAL MIDDLE EAST FZCO,BELGIUM,EUROPEAN UNION,ID-64,ID-6403,ID,BE,0.0,0.0,0.0,0.0,0.0,0.0,0.0,5.493518506869284,1.62189821387439,4331.63934266643
2022,INDONESIA,REFINED PALM OIL,3,NDPE COMMITMENT,KALIMANTAN TIMUR,BERAU,PERKEBUNAN KALTIM UTAMA I,ID-PALM-MILL-01012,TOBA BARA,KUTAI REFINERY NUSANTARA,ID-PALM-REFINERY-0039,ROYAL GOLDEN EAGLE,KUTAI REFINERY NUSANTARA,ROYAL GOLDEN EAGLE,BALIKPAPAN,APICAL MIDDLE EAST FZCO,APICAL MIDDLE EAST FZCO,SPAIN,EUROPEAN UNION,ID-64,ID-6403,ID,ES,0.0,0.0,0.0,0.0,0.0,0.0,0.0,8.459779581152441,2.49765271115136,6445.08432563134
2022,INDONESIA,REFINED PALM OIL,3,NDPE COMMITMENT,KALIMANTAN TIMUR,BERAU,PERSADA KARYA SAWIT,ID-PALM-MILL-01424,UNKNOWN AFFILIATION,KUTAI REFINERY NUSANTARA,ID-PALM-REFINERY-0039,ROYAL GOLDEN EAGLE,KUTAI REFINERY NUSANTARA,ROYAL GOLDEN EAGLE,BALIKPAPAN,AAA OILS & FATS,AAA OILS & FATS,NETHERLANDS,EUROPEAN UNION,ID-64,ID-6403,ID,NL,0.0,0.0,0.0,0.0,0.0,0.0,0.0,25.503798632134252,7.56769461910251,39367.176423106896
2022,INDONESIA,REFINED PALM OIL,3,NDPE COMMITMENT,KALIMANTAN TIMUR,BERAU,PERSADA KARYA SAWIT,ID-PALM-MILL-01424,UNKNOWN AFFILIATION,KUTAI REFINERY NUSANTARA,ID-PALM-REFINERY-0039,ROYAL GOLDEN EAGLE,KUTAI REFINERY NUSANTARA,ROYAL GOLDEN EAGLE,BALIKPAPAN,AAA OILS & FATS,AAA OILS & FATS,SPAIN,EUROPEAN UNION,ID-64,ID-6403,ID,ES,0.0,0.0,0.0,0.0,0.0,0.0,0.0,20.403536756484915,6.054303421615032,24835.91949790186
2022,INDONESIA,REFINED PALM OIL,3,NDPE COMMITMENT,KALIMANTAN TIMUR,BERAU,PERSADA KARYA SAWIT,ID-PALM-MILL-01424,UNKNOWN AFFILIATION,KUTAI REFINERY NUSANTARA,ID-PALM-REFINERY-0039,ROYAL GOLDEN EAGLE,KUTAI REFINERY NUSANTARA,ROYAL GOLDEN EAGLE,BALIKPAPAN,APICAL (MALAYSIA) SDN BHD,APICAL (MALAYSIA) SDN BHD,ITALY,EUROPEAN UNION,ID-64,ID-6403,ID,IT,0.0,0.0,0.0,0.0,0.0,0.0,0.0,20.403669380667484,6.054342774941446,21454.02986799224
2022,INDONESIA,REFINED PALM OIL,3,NDPE COMMITMENT,KALIMANTAN TIMUR,BERAU,PERSADA KARYA SAWIT,ID-PALM-MILL-01424,UNKNOWN AFFILIATION,KUTAI REFINERY NUSANTARA,ID-PALM-REFINERY-0039,ROYAL GOLDEN EAGLE,KUTAI REFINERY NUSANTARA,ROYAL GOLDEN EAGLE,BALIKPAPAN,APICAL (MALAYSIA) SDN BHD,APICAL (MALAYSIA) SDN BHD,SPAIN,EUROPEAN UNION,ID-64,ID-6403,ID,ES,0.0,0.0,0.0,0.0,0.0,0.0,0.0,5.100068040305631,1.5133336810873241,6966.9607138325
2022,INDONESIA,REFINED PALM OIL,3,NDPE COMMITMENT,KALIMANTAN TIMUR,BERAU,PERSADA KARYA SAWIT,ID-PALM-MILL-01424,UNKNOWN AFFILIATION,KUTAI REFINERY NUSANTARA,ID-PALM-REFINERY-0039,ROYAL GOLDEN EAGLE,KUTAI REFINERY NUSANTARA,ROYAL GOLDEN EAGLE,BALIKPAPAN,APICAL MIDDLE EAST FZCO,APICAL MIDDLE EAST FZCO,BELGIUM,EUROPEAN UNION,ID-64,ID-6403,ID,BE,0.0,0.0,0.0,0.0,0.0,0.0,0.0,38.25655235399273,11.35179545489128,30165.291531123294
2022,INDONESIA,REFINED PALM OIL,3,NDPE COMMITMENT,KALIMANTAN TIMUR,BERAU,PERSADA KARYA SAWIT,ID-PALM-MILL-01424,UNKNOWN AFFILIATION,KUTAI REFINERY NUSANTARA,ID-PALM-REFINERY-0039,ROYAL GOLDEN EAGLE,KUTAI REFINERY NUSANTARA,ROYAL GOLDEN EAGLE,BALIKPAPAN,APICAL MIDDLE EAST FZCO,APICAL MIDDLE EAST FZCO,SPAIN,EUROPEAN UNION,ID-64,ID-6403,ID,ES,0.0,0.0,0.0,0.0,0.0,0.0,0.0,58.91342680376968,17.48127129791669,44883.20292743129
2022,INDONESIA,REFINED PALM OIL,3,NDPE COMMITMENT,KALIMANTAN TIMUR,BERAU,PRIMA MITRAJAYA MANDIRI (BUMI PERMAI),ID-PALM-MILL-00495,MP EVANS,KUTAI REFINERY NUSANTARA,ID-PALM-REFINERY-0039,ROYAL GOLDEN EAGLE,KUTAI REFINERY NUSANTARA,ROYAL GOLDEN EAGLE,BALIKPAPAN,AAA OILS & FATS,AAA OILS & FATS,NETHERLANDS,EUROPEAN UNION,ID-64,ID-6403,ID,NL,0.010112531944716,0.0,1.22990531603151,0.0,1.22990531603151,0.0,0.0,45.559335868633994,15.62644832144632,70324.52062259734
2022,INDONESIA,REFINED PALM OIL,3,NDPE COMMITMENT,KALIMANTAN TIMUR,BERAU,PRIMA MITRAJAYA MANDIRI (BUMI PERMAI),ID-PALM-MILL-00495,MP EVANS,KUTAI REFINERY NUSANTARA,ID-PALM-REFINERY-0039,ROYAL GOLDEN EAGLE,KUTAI REFINERY NUSANTARA,ROYAL GOLDEN EAGLE,BALIKPAPAN,AAA OILS & FATS,AAA OILS & FATS,SPAIN,EUROPEAN UNION,ID-64,ID-6403,ID,ES,0.00809022295898963,0.0,0.983948261378866,0.0,0.983948261378866,0.0,0.0,36.44835804284756,12.501463695616575,44366.253605280166
2022,INDONESIA,REFINED PALM OIL,3,NDPE COMMITMENT,KALIMANTAN TIMUR,BERAU,PRIMA MITRAJAYA MANDIRI (BUMI PERMAI),ID-PALM-MILL-00495,MP EVANS,KUTAI REFINERY NUSANTARA,ID-PALM-REFINERY-0039,ROYAL GOLDEN EAGLE,KUTAI REFINERY NUSANTARA,ROYAL GOLDEN EAGLE,BALIKPAPAN,APICAL (MALAYSIA) SDN BHD,APICAL (MALAYSIA) SDN BHD,ITALY,EUROPEAN UNION,ID-64,ID-6403,ID,IT,0.00809027554591215,0.0,0.983954657100127,0.0,0.983954657100127,0.0,0.0,36.44859495930705,12.501544955861906,38324.9321636354
2022,INDONESIA,REFINED PALM OIL,3,NDPE COMMITMENT,KALIMANTAN TIMUR,BERAU,PRIMA MITRAJAYA MANDIRI (BUMI PERMAI),ID-PALM-MILL-00495,MP EVANS,KUTAI REFINERY NUSANTARA,ID-PALM-REFINERY-0039,ROYAL GOLDEN EAGLE,KUTAI REFINERY NUSANTARA,ROYAL GOLDEN EAGLE,BALIKPAPAN,APICAL (MALAYSIA) SDN BHD,APICAL (MALAYSIA) SDN BHD,SPAIN,EUROPEAN UNION,ID-64,ID-6403,ID,ES,0.00202223212791654,0.0,0.245947707060037,0.0,0.245947707060037,0.0,0.0,9.11063156326865,3.124865860855748,12445.601054312798
2022,INDONESIA,REFINED PALM OIL,3,NDPE COMMITMENT,KALIMANTAN TIMUR,BERAU,PRIMA MITRAJAYA MANDIRI (BUMI PERMAI),ID-PALM-MILL-00495,MP EVANS,KUTAI REFINERY NUSANTARA,ID-PALM-REFINERY-0039,ROYAL GOLDEN EAGLE,KUTAI REFINERY NUSANTARA,ROYAL GOLDEN EAGLE,BALIKPAPAN,APICAL MIDDLE EAST FZCO,APICAL MIDDLE EAST FZCO,BELGIUM,EUROPEAN UNION,ID-64,ID-6403,ID,BE,0.0151691366982094,0.0,1.84489917725155,0.0,1.84489917725155,0.0,0.0,68.34053009168052,23.440195985673263,53886.50797729014
2022,INDONESIA,REFINED PALM OIL,3,NDPE COMMITMENT,KALIMANTAN TIMUR,BERAU,PRIMA MITRAJAYA MANDIRI (BUMI PERMAI),ID-PALM-MILL-00495,MP EVANS,KUTAI REFINERY NUSANTARA,ID-PALM-REFINERY-0039,ROYAL GOLDEN EAGLE,KUTAI REFINERY NUSANTARA,ROYAL GOLDEN EAGLE,BALIKPAPAN,APICAL MIDDLE EAST FZCO,APICAL MIDDLE EAST FZCO,SPAIN,EUROPEAN UNION,ID-64,ID-6403,ID,ES,0.0233598107920738,0.0,2.84106449618428,0.0,2.84106449618428,0.0,0.0,105.24144413308163,36.09688237690485,80178.20978457817
2022,INDONESIA,REFINED PALM OIL,3,NDPE COMMITMENT,KALIMANTAN TIMUR,BERAU,PRIMA MITRAJAYA MANDIRI (BUMI PERMAI),ID-PALM-MILL-00495,MP EVANS,SMART TBK (TARJUN REFINERY & KERNEL CRUSHING PLANT),ID-PALM-REFINERY-0020,SINAR MAS,SINAR MAS AGRO RESOURCES AND TECHNOLOGY,SINAR MAS,TARJUN,CASA OLEARIA ITALIANA S P A,CASA OLEARIA ITALIANA S P A,ITALY,EUROPEAN UNION,ID-64,ID-6403,ID,IT,0.00482154706439057,0.0,0.586405699226362,0.0,0.586405699226362,0.0,0.0,21.722215412765692,7.450527348128437,20636.104642127408
2022,INDONESIA,REFINED PALM OIL,3,NDPE COMMITMENT,KALIMANTAN TIMUR,BERAU,PRIMA MITRAJAYA MANDIRI (BUMI PERMAI),ID-PALM-MILL-00495,MP EVANS,SMART TBK (TARJUN REFINERY & KERNEL CRUSHING PLANT),ID-PALM-REFINERY-0020,SINAR MAS,SINAR MAS AGRO RESOURCES AND TECHNOLOGY,SINAR MAS,TARJUN,GOLDEN AGRI INTERNATIONAL,GOLDEN AGRI INTERNATIONAL,ITALY,EUROPEAN UNION,ID-64,ID-6403,ID,IT,0.250501956675253,0.0,30.4665231096921,0.0,30.4665231096921,0.0,0.0,1128.570849055254,387.08979795151294,1161287.085352154
2022,INDONESIA,REFINED PALM OIL,3,NDPE COMMITMENT,KALIMANTAN TIMUR,BERAU,PRIMA MITRAJAYA MANDIRI (BUMI PERMAI),ID-PALM-MILL-00495,MP EVANS,SMART TBK (TARJUN REFINERY & KERNEL CRUSHING PLANT),ID-PALM-REFINERY-0020,SINAR MAS,SINAR MAS AGRO RESOURCES AND TECHNOLOGY,SINAR MAS,TARJUN,GOLDEN AGRI INTERNATIONAL,GOLDEN AGRI INTERNATIONAL,NETHERLANDS,EUROPEAN UNION,ID-64,ID-6403,ID,NL,0.0241184497637815,0.0,2.93333160686959,0.0,2.93333160686959,0.0,0.0,108.65934817065775,37.269193302425734,137291.086413626
2022,INDONESIA,REFINED PALM OIL,3,NDPE COMMITMENT,KALIMANTAN TIMUR,BERAU,PRIMA MITRAJAYA MANDIRI (BUMI PERMAI),ID-PALM-MILL-00495,MP EVANS,SMART TBK (TARJUN REFINERY & KERNEL CRUSHING PLANT),ID-PALM-REFINERY-0020,SINAR MAS,SINAR MAS AGRO RESOURCES AND TECHNOLOGY,SINAR MAS,TARJUN,GOLDEN AGRI INTERNATIONAL,GOLDEN AGRI INTERNATIONAL,SPAIN,EUROPEAN UNION,ID-64,ID-6403,ID,ES,0.00482368898792587,0.0,0.586666204029411,0.0,0.586666204029411,0.0,0.0,21.731865287341233,7.4538371695745775,20954.951103318752
2022,INDONESIA,REFINED PALM OIL,3,NDPE COMMITMENT,KALIMANTAN TIMUR,BERAU,PRIMA MITRAJAYA MANDIRI (BUMI PERMAI),ID-PALM-MILL-00495,MP EVANS,SMART TBK (TARJUN REFINERY & KERNEL CRUSHING PLANT),ID-PALM-REFINERY-0020,SINAR MAS,SINAR MAS AGRO RESOURCES AND TECHNOLOGY,SINAR MAS,TARJUN,ITAL BI OIL SRL,ITAL BI OIL SRL,ITALY,EUROPEAN UNION,ID-64,ID-6403,ID,IT,0.0313558453683834,0.0,3.81355738781005,0.0,3.81355738781005,0.0,0.0,141.2655354070439,48.45282651417099,134202.2586366917
2022,INDONESIA,REFINED PALM OIL,3,NDPE COMMITMENT,KALIMANTAN TIMUR,BERAU,REA KALTIM PLANTATIONS (CAKRA),ID-PALM-MILL-00680,REA HOLDINGS,KUTAI REFINERY NUSANTARA,ID-PALM-REFINERY-0039,ROYAL GOLDEN EAGLE,KUTAI REFINERY NUSANTARA,ROYAL GOLDEN EAGLE,BALIKPAPAN,AAA OILS & FATS,AAA OILS & FATS,NETHERLANDS,EUROPEAN UNION,ID-64,ID-6403,ID,NL,0.0,0.0,-7.23155787420532,-7.23155787420532,0.0,5.72433003948778,0.0,47.56635243044127,15.725012726770506,73422.51305158462
2022,INDONESIA,REFINED PALM OIL,3,NDPE COMMITMENT,KALIMANTAN TIMUR,BERAU,REA KALTIM PLANTATIONS (CAKRA),ID-PALM-MILL-00680,REA HOLDINGS,KUTAI REFINERY NUSANTARA,ID-PALM-REFINERY-0039,ROYAL GOLDEN EAGLE,KUTAI REFINERY NUSANTARA,ROYAL GOLDEN EAGLE,BALIKPAPAN,AAA OILS & FATS,AAA OILS & FATS,SPAIN,EUROPEAN UNION,ID-64,ID-6403,ID,ES,0.0,0.0,-5.78538746408887,-5.78538746408887,0.0,4.5795757742448,0.0,38.05401047056529,12.580317143917387,46320.71154619253
2022,INDONESIA,REFINED PALM OIL,3,NDPE COMMITMENT,KALIMANTAN TIMUR,BERAU,REA KALTIM PLANTATIONS (CAKRA),ID-PALM-MILL-00680,REA HOLDINGS,KUTAI REFINERY NUSANTARA,ID-PALM-REFINERY-0039,ROYAL GOLDEN EAGLE,KUTAI REFINERY NUSANTARA,ROYAL GOLDEN EAGLE,BALIKPAPAN,APICAL (MALAYSIA) SDN BHD,APICAL (MALAYSIA) SDN BHD,ITALY,EUROPEAN UNION,ID-64,ID-6403,ID,IT,0.0,0.0,-5.78542506944583,-5.78542506944583,0.0,4.57960554175524,0.0,38.054257823859515,12.580398916714737,40013.25294610575
2022,INDONESIA,REFINED PALM OIL,3,NDPE COMMITMENT,KALIMANTAN TIMUR,BERAU,REA KALTIM PLANTATIONS (CAKRA),ID-PALM-MILL-00680,REA HOLDINGS,KUTAI REFINERY NUSANTARA,ID-PALM-REFINERY-0039,ROYAL GOLDEN EAGLE,KUTAI REFINERY NUSANTARA,ROYAL GOLDEN EAGLE,BALIKPAPAN,APICAL (MALAYSIA) SDN BHD,APICAL (MALAYSIA) SDN BHD,SPAIN,EUROPEAN UNION,ID-64,ID-6403,ID,ES,0.0,0.0,-1.4461154484409,-1.4461154484409,0.0,1.14471075888157,0.0,9.511980443522935,3.14457606876463,12993.864696910183
2022,INDONESIA,REFINED PALM OIL,3,NDPE COMMITMENT,KALIMANTAN TIMUR,BERAU,REA KALTIM PLANTATIONS (CAKRA),ID-PALM-MILL-00680,REA HOLDINGS,KUTAI REFINERY NUSANTARA,ID-PALM-REFINERY-0039,ROYAL GOLDEN EAGLE,KUTAI REFINERY NUSANTARA,ROYAL GOLDEN EAGLE,BALIKPAPAN,APICAL MIDDLE EAST FZCO,APICAL MIDDLE EAST FZCO,BELGIUM,EUROPEAN UNION,ID-64,ID-6403,ID,BE,0.0,0.0,-10.8475790765884,-10.8475790765884,0.0,8.58668683069316,0.0,71.3511221716921,23.58804589567735,56260.359832379305
2022,INDONESIA,REFINED PALM OIL,3,NDPE COMMITMENT,KALIMANTAN TIMUR,BERAU,REA KALTIM PLANTATIONS (CAKRA),ID-PALM-MILL-00680,REA HOLDINGS,KUTAI REFINERY NUSANTARA,ID-PALM-REFINERY-0039,ROYAL GOLDEN EAGLE,KUTAI REFINERY NUSANTARA,ROYAL GOLDEN EAGLE,BALIKPAPAN,APICAL MIDDLE EAST FZCO,APICAL MIDDLE EAST FZCO,SPAIN,EUROPEAN UNION,ID-64,ID-6403,ID,ES,0.0,0.0,-16.7048000042795,-16.7048000042795,0.0,13.2231242744,0.0,109.87762500219387,36.324564808148764,83710.28486569232
2022,INDONESIA,REFINED PALM OIL,3,NDPE COMMITMENT,KALIMANTAN TIMUR,BERAU,REA KALTIM PLANTATIONS (CAKRA),ID-PALM-MILL-00680,REA HOLDINGS,LDC EAST INDONESIA,ID-PALM-REFINERY-0075,LOUIS DREYFUS,LDC EAST INDONESIA,LOUIS DREYFUS,BALIKPAPAN,LOUIS DREYFUS,LOUIS DREYFUS,GREECE,EUROPEAN UNION,ID-64,ID-6403,ID,GR,0.0,0.0,-44.7285105176353,-44.7285105176353,0.0,35.4060301848558,0.0,294.2065916389116,97.26208207663943,57050.399691114166
2022,INDONESIA,REFINED PALM OIL,3,NDPE COMMITMENT,KALIMANTAN TIMUR,BERAU,REA KALTIM PLANTATIONS (CAKRA),ID-PALM-MILL-00680,REA HOLDINGS,LDC EAST INDONESIA,ID-PALM-REFINERY-0075,LOUIS DREYFUS,LDC EAST INDONESIA,LOUIS DREYFUS,BALIKPAPAN,LOUIS DREYFUS,LOUIS DREYFUS,ITALY,EUROPEAN UNION,ID-64,ID-6403,ID,IT,0.0,0.0,-612.434596698495,-612.434596698495,0.0,484.7887301860293,0.0,4028.354470363469,1331.7381536140574,2142761.1961669773
2022,INDONESIA,REFINED PALM OIL,3,NDPE COMMITMENT,KALIMANTAN TIMUR,BERAU,REA KALTIM PLANTATIONS (CAKRA),ID-PALM-MILL-00680,REA HOLDINGS,LDC EAST INDONESIA,ID-PALM-REFINERY-0075,LOUIS DREYFUS,LDC EAST INDONESIA,LOUIS DREYFUS,BALIKPAPAN,LOUIS DREYFUS,LOUIS DREYFUS,SPAIN,EUROPEAN UNION,ID-64,ID-6403,ID,ES,0.0,0.0,-1006.3653987430358,-1006.3653987430358,0.0,796.6150285921487,0.0,6619.4767158809445,2188.3401186150168,2314756.149037332
2022,INDONESIA,REFINED PALM OIL,3,NDPE COMMITMENT,KALIMANTAN TIMUR,BERAU,REA KALTIM PLANTATIONS (PERDANA),ID-PALM-MILL-00681,REA HOLDINGS,KUTAI REFINERY NUSANTARA,ID-PALM-REFINERY-0039,ROYAL GOLDEN EAGLE,KUTAI REFINERY NUSANTARA,ROYAL GOLDEN EAGLE,BALIKPAPAN,AAA OILS & FATS,AAA OILS & FATS,NETHERLANDS,EUROPEAN UNION,ID-64,ID-6403,ID,NL,0.0,0.0,0.0,0.0,0.0,0.0,0.0,41.8153394696079,14.33477528025255,64545.3592947539
2022,INDONESIA,REFINED PALM OIL,3,NDPE COMMITMENT,KALIMANTAN TIMUR,BERAU,REA KALTIM PLANTATIONS (PERDANA),ID-PALM-MILL-00681,REA HOLDINGS,KUTAI REFINERY NUSANTARA,ID-PALM-REFINERY-0039,ROYAL GOLDEN EAGLE,KUTAI REFINERY NUSANTARA,ROYAL GOLDEN EAGLE,BALIKPAPAN,AAA OILS & FATS,AAA OILS & FATS,SPAIN,EUROPEAN UNION,ID-64,ID-6403,ID,ES,0.0,0.0,0.0,0.0,0.0,0.0,0.0,33.45308783837598,11.468100048361634,40720.302878180024
2022,INDONESIA,REFINED PALM OIL,3,NDPE COMMITMENT,KALIMANTAN TIMUR,BERAU,REA KALTIM PLANTATIONS (PERDANA),ID-PALM-MILL-00681,REA HOLDINGS,KUTAI REFINERY NUSANTARA,ID-PALM-REFINERY-0039,ROYAL GOLDEN EAGLE,KUTAI REFINERY NUSANTARA,ROYAL GOLDEN EAGLE,BALIKPAPAN,APICAL (MALAYSIA) SDN BHD,APICAL (MALAYSIA) SDN BHD,ITALY,EUROPEAN UNION,ID-64,ID-6403,ID,IT,0.0,0.0,0.0,0.0,0.0,0.0,0.0,33.453305285403886,11.468174591682832,35175.44797388991
2022,INDONESIA,REFINED PALM OIL,3,NDPE COMMITMENT,KALIMANTAN TIMUR,BERAU,REA KALTIM PLANTATIONS (PERDANA),ID-PALM-MILL-00681,REA HOLDINGS,KUTAI REFINERY NUSANTARA,ID-PALM-REFINERY-0039,ROYAL GOLDEN EAGLE,KUTAI REFINERY NUSANTARA,ROYAL GOLDEN EAGLE,BALIKPAPAN,APICAL (MALAYSIA) SDN BHD,APICAL (MALAYSIA) SDN BHD,SPAIN,EUROPEAN UNION,ID-64,ID-6403,ID,ES,0.0,0.0,0.0,0.0,0.0,0.0,0.0,8.361933824037234,2.86656628395992,11422.84063336601
2022,INDONESIA,REFINED PALM OIL,3,NDPE COMMITMENT,KALIMANTAN TIMUR,BERAU,REA KALTIM PLANTATIONS (PERDANA),ID-PALM-MILL-00681,REA HOLDINGS,KUTAI REFINERY NUSANTARA,ID-PALM-REFINERY-0039,ROYAL GOLDEN EAGLE,KUTAI REFINERY NUSANTARA,ROYAL GOLDEN EAGLE,BALIKPAPAN,APICAL MIDDLE EAST FZCO,APICAL MIDDLE EAST FZCO,BELGIUM,EUROPEAN UNION,ID-64,ID-6403,ID,BE,0.0,0.0,0.0,0.0,0.0,0.0,0.0,62.72441006507284,21.502643151390405,49458.19733630989
2022,INDONESIA,REFINED PALM OIL,3,NDPE COMMITMENT,KALIMANTAN TIMUR,BERAU,REA KALTIM PLANTATIONS (PERDANA),ID-PALM-MILL-00681,REA HOLDINGS,KUTAI REFINERY NUSANTARA,ID-PALM-REFINERY-0039,ROYAL GOLDEN EAGLE,KUTAI REFINERY NUSANTARA,ROYAL GOLDEN EAGLE,BALIKPAPAN,APICAL MIDDLE EAST FZCO,APICAL MIDDLE EAST FZCO,SPAIN,EUROPEAN UNION,ID-64,ID-6403,ID,ES,0.0,0.0,0.0,0.0,0.0,0.0,0.0,96.5928635436128,33.11313527850621,73589.28738282545
2022,INDONESIA,REFINED PALM OIL,3,NDPE COMMITMENT,KALIMANTAN TIMUR,BERAU,REA KALTIM PLANTATIONS (PERDANA),ID-PALM-MILL-00681,REA HOLDINGS,LDC EAST INDONESIA,ID-PALM-REFINERY-0075,LOUIS DREYFUS,LDC EAST INDONESIA,LOUIS DREYFUS,BALIKPAPAN,LOUIS DREYFUS,LOUIS DREYFUS,GREECE,EUROPEAN UNION,ID-64,ID-6403,ID,GR,0.13454957850811,0.0,0.0,0.0,0.0,0.0,0.0,258.6355463895502,76.9166795710021,50152.72164249493
2022,INDONESIA,REFINED PALM OIL,3,NDPE COMMITMENT,KALIMANTAN TIMUR,BERAU,REA KALTIM PLANTATIONS (PERDANA),ID-PALM-MILL-00681,REA HOLDINGS,LDC EAST INDONESIA,ID-PALM-REFINERY-0075,LOUIS DREYFUS,LDC EAST INDONESIA,LOUIS DREYFUS,BALIKPAPAN,LOUIS DREYFUS,LOUIS DREYFUS,ITALY,EUROPEAN UNION,ID-64,ID-6403,ID,IT,1.842288417296563,0.0,0.0,0.0,0.0,0.0,0.0,3541.3063102677334,1053.1635211479072,1883690.6735018066
2022,INDONESIA,REFINED PALM OIL,3,NDPE COMMITMENT,KALIMANTAN TIMUR,BERAU,REA KALTIM PLANTATIONS (PERDANA),ID-PALM-MILL-00681,REA HOLDINGS,LDC EAST INDONESIA,ID-PALM-REFINERY-0075,LOUIS DREYFUS,LDC EAST INDONESIA,LOUIS DREYFUS,BALIKPAPAN,LOUIS DREYFUS,LOUIS DREYFUS,SPAIN,EUROPEAN UNION,ID-64,ID-6403,ID,ES,3.0272870403908105,0.0,0.0,0.0,0.0,0.0,0.0,5819.148944582428,1730.5804286941861,2034890.5781812514
2022,INDONESIA,REFINED PALM OIL,3,NDPE COMMITMENT,KALIMANTAN TIMUR,BERAU,SASANA YUDHA BAKTI (SATRIA),ID-PALM-MILL-01013,REA HOLDINGS,KUTAI REFINERY NUSANTARA,ID-PALM-REFINERY-0039,ROYAL GOLDEN EAGLE,KUTAI REFINERY NUSANTARA,ROYAL GOLDEN EAGLE,BALIKPAPAN,AAA OILS & FATS,AAA OILS & FATS,NETHERLANDS,EUROPEAN UNION,ID-64,ID-6403,ID,NL,0.027906109051916,0.0,0.0,0.0,0.0,0.0,0.0,30.266807265132652,9.988808442698835,46719.26557126141
2022,INDONESIA,REFINED PALM OIL,3,NDPE COMMITMENT,KALIMANTAN TIMUR,BERAU,SASANA YUDHA BAKTI (SATRIA),ID-PALM-MILL-01013,REA HOLDINGS,KUTAI REFINERY NUSANTARA,ID-PALM-REFINERY-0039,ROYAL GOLDEN EAGLE,KUTAI REFINERY NUSANTARA,ROYAL GOLDEN EAGLE,BALIKPAPAN,AAA OILS & FATS,AAA OILS & FATS,SPAIN,EUROPEAN UNION,ID-64,ID-6403,ID,ES,0.022325431986976,0.0,0.0,0.0,0.0,0.0,0.0,24.214036639917566,7.991241742212473,29474.1971397239
2022,INDONESIA,REFINED PALM OIL,3,NDPE COMMITMENT,KALIMANTAN TIMUR,BERAU,SASANA YUDHA BAKTI (SATRIA),ID-PALM-MILL-01013,REA HOLDINGS,KUTAI REFINERY NUSANTARA,ID-PALM-REFINERY-0039,ROYAL GOLDEN EAGLE,KUTAI REFINERY NUSANTARA,ROYAL GOLDEN EAGLE,BALIKPAPAN,APICAL (MALAYSIA) SDN BHD,APICAL (MALAYSIA) SDN BHD,ITALY,EUROPEAN UNION,ID-64,ID-6403,ID,IT,0.02232557710359,0.0,0.0,0.0,0.0,0.0,0.0,24.21419403257231,7.991293685751299,25460.71651682347
2022,INDONESIA,REFINED PALM OIL,3,NDPE COMMITMENT,KALIMANTAN TIMUR,BERAU,SASANA YUDHA BAKTI (SATRIA),ID-PALM-MILL-01013,REA HOLDINGS,KUTAI REFINERY NUSANTARA,ID-PALM-REFINERY-0039,ROYAL GOLDEN EAGLE,KUTAI REFINERY NUSANTARA,ROYAL GOLDEN EAGLE,BALIKPAPAN,APICAL (MALAYSIA) SDN BHD,APICAL (MALAYSIA) SDN BHD,SPAIN,EUROPEAN UNION,ID-64,ID-6403,ID,ES,0.0055804649714273,0.0,0.0,0.0,0.0,0.0,0.0,6.0525405897966715,1.9974907830065565,8268.088224458868
2022,INDONESIA,REFINED PALM OIL,3,NDPE COMMITMENT,KALIMANTAN TIMUR,BERAU,SASANA YUDHA BAKTI (SATRIA),ID-PALM-MILL-01013,REA HOLDINGS,KUTAI REFINERY NUSANTARA,ID-PALM-REFINERY-0039,ROYAL GOLDEN EAGLE,KUTAI REFINERY NUSANTARA,ROYAL GOLDEN EAGLE,BALIKPAPAN,APICAL MIDDLE EAST FZCO,APICAL MIDDLE EAST FZCO,BELGIUM,EUROPEAN UNION,ID-64,ID-6403,ID,BE,0.0418600984637525,0.0,0.0,0.0,0.0,0.0,0.0,45.401224869609045,14.983547300307988,35798.8658096868
2022,INDONESIA,REFINED PALM OIL,3,NDPE COMMITMENT,KALIMANTAN TIMUR,BERAU,SASANA YUDHA BAKTI (SATRIA),ID-PALM-MILL-01013,REA HOLDINGS,KUTAI REFINERY NUSANTARA,ID-PALM-REFINERY-0039,ROYAL GOLDEN EAGLE,KUTAI REFINERY NUSANTARA,ROYAL GOLDEN EAGLE,BALIKPAPAN,APICAL MIDDLE EAST FZCO,APICAL MIDDLE EAST FZCO,SPAIN,EUROPEAN UNION,ID-64,ID-6403,ID,ES,0.0644627310904426,0.0,0.0,0.0,0.0,0.0,0.0,69.9159117478092,23.074011190801528,53265.44771000339
2022,INDONESIA,REFINED PALM OIL,3,NDPE COMMITMENT,KALIMANTAN TIMUR,BERAU,SASANA YUDHA BAKTI (SATRIA),ID-PALM-MILL-01013,REA HOLDINGS,LDC EAST INDONESIA,ID-PALM-REFINERY-0075,LOUIS DREYFUS,LDC EAST INDONESIA,LOUIS DREYFUS,BALIKPAPAN,LOUIS DREYFUS,LOUIS DREYFUS,GREECE,EUROPEAN UNION,ID-64,ID-6403,ID,GR,0.172604397827912,0.0,0.0,0.0,0.0,0.0,0.0,210.59238246826555,69.49301573911005,40836.54116922069
2022,INDONESIA,REFINED PALM OIL,3,NDPE COMMITMENT,KALIMANTAN TIMUR,BERAU,SASANA YUDHA BAKTI (SATRIA),ID-PALM-MILL-01013,REA HOLDINGS,LDC EAST INDONESIA,ID-PALM-REFINERY-0075,LOUIS DREYFUS,LDC EAST INDONESIA,LOUIS DREYFUS,BALIKPAPAN,LOUIS DREYFUS,LOUIS DREYFUS,ITALY,EUROPEAN UNION,ID-64,ID-6403,ID,IT,2.363345068922998,0.0,0.0,0.0,0.0,0.0,0.0,2883.4866024406497,951.5167524025564,1533783.3963801363
2022,INDONESIA,REFINED PALM OIL,3,NDPE COMMITMENT,KALIMANTAN TIMUR,BERAU,SASANA YUDHA BAKTI (SATRIA),ID-PALM-MILL-01013,REA HOLDINGS,LDC EAST INDONESIA,ID-PALM-REFINERY-0075,LOUIS DREYFUS,LDC EAST INDONESIA,LOUIS DREYFUS,BALIKPAPAN,LOUIS DREYFUS,LOUIS DREYFUS,SPAIN,EUROPEAN UNION,ID-64,ID-6403,ID,ES,3.883498279612987,0.0,0.0,0.0,0.0,0.0,0.0,4738.205777528898,1563.5523223285456,1656896.9768601384
2022,INDONESIA,REFINED PALM OIL,3,NDPE COMMITMENT,KALIMANTAN TIMUR,BERAU,SATU SEMBILAN DELAPAN,ID-PALM-MILL-00420,KUALA LUMPUR KEPONG (KLK),KUTAI REFINERY NUSANTARA,ID-PALM-REFINERY-0039,ROYAL GOLDEN EAGLE,KUTAI REFINERY NUSANTARA,ROYAL GOLDEN EAGLE,BALIKPAPAN,AAA OILS & FATS,AAA OILS & FATS,NETHERLANDS,EUROPEAN UNION,ID-64,ID-6405,ID,NL,2.0986053941243754,0.04596860451724601,74.77929184642016,32.55197309547248,42.22731875094768,66.27454091833746,0.0,28.667859937871594,9.432928975712597,44251.161018231
2022,INDONESIA,REFINED PALM OIL,3,NDPE COMMITMENT,KALIMANTAN TIMUR,BERAU,SATU SEMBILAN DELAPAN,ID-PALM-MILL-00420,KUALA LUMPUR KEPONG (KLK),KUTAI REFINERY NUSANTARA,ID-PALM-REFINERY-0039,ROYAL GOLDEN EAGLE,KUTAI REFINERY NUSANTARA,ROYAL GOLDEN EAGLE,BALIKPAPAN,AAA OILS & FATS,AAA OILS & FATS,SPAIN,EUROPEAN UNION,ID-64,ID-6405,ID,ES,1.678925281445062,0.036775780950928094,59.824893217668325,26.042213912116413,33.78267930555193,53.02092645691901,0.0,22.93484756561449,7.546527317493862,27917.122145757887
2022,INDONESIA,REFINED PALM OIL,3,NDPE COMMITMENT,KALIMANTAN TIMUR,BERAU,SATU SEMBILAN DELAPAN,ID-PALM-MILL-00420,KUALA LUMPUR KEPONG (KLK),KUTAI REFINERY NUSANTARA,ID-PALM-REFINERY-0039,ROYAL GOLDEN EAGLE,KUTAI REFINERY NUSANTARA,ROYAL GOLDEN EAGLE,BALIKPAPAN,APICAL (MALAYSIA) SDN BHD,APICAL (MALAYSIA) SDN BHD,ITALY,EUROPEAN UNION,ID-64,ID-6405,ID,IT,1.6789361945576171,0.03677601999565563,59.825282082974056,26.04238318803035,33.78289889494377,53.02127109604284,0.0,22.934996643465325,7.546576370362898,24115.66732586958
2022,INDONESIA,REFINED PALM OIL,3,NDPE COMMITMENT,KALIMANTAN TIMUR,BERAU,SATU SEMBILAN DELAPAN,ID-PALM-MILL-00420,KUALA LUMPUR KEPONG (KLK),KUTAI REFINERY NUSANTARA,ID-PALM-REFINERY-0039,ROYAL GOLDEN EAGLE,KUTAI REFINERY NUSANTARA,ROYAL GOLDEN EAGLE,BALIKPAPAN,APICAL (MALAYSIA) SDN BHD,APICAL (MALAYSIA) SDN BHD,SPAIN,EUROPEAN UNION,ID-64,ID-6405,ID,ES,0.4196641627455897,0.009192474193254575,14.953830287151229,6.509511780097328,8.444318507053891,13.253110758083771,0.0,5.7327944892443785,1.8863299655639905,7831.298263355613
2022,INDONESIA,REFINED PALM OIL,3,NDPE COMMITMENT,KALIMANTAN TIMUR,BERAU,SATU SEMBILAN DELAPAN,ID-PALM-MILL-00420,KUALA LUMPUR KEPONG (KLK),KUTAI REFINERY NUSANTARA,ID-PALM-REFINERY-0039,ROYAL GOLDEN EAGLE,KUTAI REFINERY NUSANTARA,ROYAL GOLDEN EAGLE,BALIKPAPAN,APICAL MIDDLE EAST FZCO,APICAL MIDDLE EAST FZCO,BELGIUM,EUROPEAN UNION,ID-64,ID-6405,ID,BE,3.147978396815472,0.0689544467755563,112.17144295958052,48.82905017073112,63.34239278884947,99.41403164878406,0.0,43.0027503121929,14.149709477244437,33907.66862116411
2022,INDONESIA,REFINED PALM OIL,3,NDPE COMMITMENT,KALIMANTAN TIMUR,BERAU,SATU SEMBILAN DELAPAN,ID-PALM-MILL-00420,KUALA LUMPUR KEPONG (KLK),KUTAI REFINERY NUSANTARA,ID-PALM-REFINERY-0039,ROYAL GOLDEN EAGLE,KUTAI REFINERY NUSANTARA,ROYAL GOLDEN EAGLE,BALIKPAPAN,APICAL MIDDLE EAST FZCO,APICAL MIDDLE EAST FZCO,SPAIN,EUROPEAN UNION,ID-64,ID-6405,ID,ES,4.847749821901577,0.1061868491263092,172.73914369292987,75.1946136314797,97.54453006145069,153.09328510876685,0.0,66.22236524180022,21.789937207847842,50451.518757894
2022,INDONESIA,REFINED PALM OIL,3,NDPE COMMITMENT,KALIMANTAN TIMUR,BERAU,SATU SEMBILAN DELAPAN,ID-PALM-MILL-00420,KUALA LUMPUR KEPONG (KLK),LDC EAST INDONESIA,ID-PALM-REFINERY-0075,LOUIS DREYFUS,LDC EAST INDONESIA,LOUIS DREYFUS,BALIKPAPAN,LOUIS DREYFUS,LOUIS DREYFUS,GREECE,EUROPEAN UNION,ID-64,ID-6405,ID,GR,12.9807858809975,0.28433578725709574,462.5424042967071,201.3480938542207,261.19431044248637,409.9368241543997,0.0,177.3231617935819,58.3467620483633,34385.21617908559
2022,INDONESIA,REFINED PALM OIL,3,NDPE COMMITMENT,KALIMANTAN TIMUR,BERAU,SATU SEMBILAN DELAPAN,ID-PALM-MILL-00420,KUALA LUMPUR KEPONG (KLK),LDC EAST INDONESIA,ID-PALM-REFINERY-0075,LOUIS DREYFUS,LDC EAST INDONESIA,LOUIS DREYFUS,BALIKPAPAN,LOUIS DREYFUS,LOUIS DREYFUS,ITALY,EUROPEAN UNION,ID-64,ID-6405,ID,IT,177.73635370048322,3.893200805939885,6333.252942096449,2756.9113576228156,3576.3415844736323,5612.963424612026,0.0,2427.9556332540174,798.8992986847522,1291477.489189854
2022,INDONESIA,REFINED PALM OIL,3,NDPE COMMITMENT,KALIMANTAN TIMUR,BERAU,SATU SEMBILAN DELAPAN,ID-PALM-MILL-00420,KUALA LUMPUR KEPONG (KLK),LDC EAST INDONESIA,ID-PALM-REFINERY-0075,LOUIS DREYFUS,LDC EAST INDONESIA,LOUIS DREYFUS,BALIKPAPAN,LOUIS DREYFUS,LOUIS DREYFUS,SPAIN,EUROPEAN UNION,ID-64,ID-6405,ID,ES,292.0601112790787,6.397389374436747,10406.934318818592,4530.214675444229,5876.71964337437,9223.339447821298,0.0,3989.6677166214754,1312.7681153392089,1395141.682047029
2022,INDONESIA,REFINED PALM OIL,3,NDPE COMMITMENT,KALIMANTAN TIMUR,BERAU,SAWIT KALTIM LESTARI,ID-PALM-MILL-00717,KENCANA AGRI,KUTAI REFINERY NUSANTARA,ID-PALM-REFINERY-0039,ROYAL GOLDEN EAGLE,KUTAI REFINERY NUSANTARA,ROYAL GOLDEN EAGLE,BALIKPAPAN,AAA OILS & FATS,AAA OILS & FATS,NETHERLANDS,EUROPEAN UNION,ID-64,ID-6403,ID,NL,0.0,0.0,354.0984210056767,0.0,354.0984210056767,0.0,0.0,19.70147730686829,6.9984981370953,30410.824054974
2022,INDONESIA,REFINED PALM OIL,3,NDPE COMMITMENT,KALIMANTAN TIMUR,BERAU,SAWIT KALTIM LESTARI,ID-PALM-MILL-00717,KENCANA AGRI,KUTAI REFINERY NUSANTARA,ID-PALM-REFINERY-0039,ROYAL GOLDEN EAGLE,KUTAI REFINERY NUSANTARA,ROYAL GOLDEN EAGLE,BALIKPAPAN,AAA OILS & FATS,AAA OILS & FATS,SPAIN,EUROPEAN UNION,ID-64,ID-6403,ID,ES,0.0,0.0,283.2856490365885,0.0,283.2856490365885,0.0,0.0,15.7615664311768,5.59893512492283,19185.5461000467
2022,INDONESIA,REFINED PALM OIL,3,NDPE COMMITMENT,KALIMANTAN TIMUR,BERAU,SAWIT KALTIM LESTARI,ID-PALM-MILL-00717,KENCANA AGRI,KUTAI REFINERY NUSANTARA,ID-PALM-REFINERY-0039,ROYAL GOLDEN EAGLE,KUTAI REFINERY NUSANTARA,ROYAL GOLDEN EAGLE,BALIKPAPAN,APICAL (MALAYSIA) SDN BHD,APICAL (MALAYSIA) SDN BHD,ITALY,EUROPEAN UNION,ID-64,ID-6403,ID,IT,0.0,0.0,283.28749040987935,0.0,283.28749040987935,0.0,0.0,15.761668882280674,5.59897151832868,16573.06382793347
2022,INDONESIA,REFINED PALM OIL,3,NDPE COMMITMENT,KALIMANTAN TIMUR,BERAU,SAWIT KALTIM LESTARI,ID-PALM-MILL-00717,KENCANA AGRI,KUTAI REFINERY NUSANTARA,ID-PALM-REFINERY-0039,ROYAL GOLDEN EAGLE,KUTAI REFINERY NUSANTARA,ROYAL GOLDEN EAGLE,BALIKPAPAN,APICAL (MALAYSIA) SDN BHD,APICAL (MALAYSIA) SDN BHD,SPAIN,EUROPEAN UNION,ID-64,ID-6403,ID,ES,0.0,0.0,70.81008073120184,0.0,70.81008073120184,0.0,0.0,3.9397611394627363,1.399509821810076,5381.920567255011
2022,INDONESIA,REFINED PALM OIL,3,NDPE COMMITMENT,KALIMANTAN TIMUR,BERAU,SAWIT KALTIM LESTARI,ID-PALM-MILL-00717,KENCANA AGRI,KUTAI REFINERY NUSANTARA,ID-PALM-REFINERY-0039,ROYAL GOLDEN EAGLE,KUTAI REFINERY NUSANTARA,ROYAL GOLDEN EAGLE,BALIKPAPAN,APICAL MIDDLE EAST FZCO,APICAL MIDDLE EAST FZCO,BELGIUM,EUROPEAN UNION,ID-64,ID-6403,ID,BE,0.0,0.0,531.1594942018328,0.0,531.1594942018328,0.0,0.0,29.55287598183684,10.497981663161429,23302.44271167841
2022,INDONESIA,REFINED PALM OIL,3,NDPE COMMITMENT,KALIMANTAN TIMUR,BERAU,SAWIT KALTIM LESTARI,ID-PALM-MILL-00717,KENCANA AGRI,KUTAI REFINERY NUSANTARA,ID-PALM-REFINERY-0039,ROYAL GOLDEN EAGLE,KUTAI REFINERY NUSANTARA,ROYAL GOLDEN EAGLE,BALIKPAPAN,APICAL MIDDLE EAST FZCO,APICAL MIDDLE EAST FZCO,SPAIN,EUROPEAN UNION,ID-64,ID-6403,ID,ES,0.0,0.0,817.9625203346651,0.0,817.9625203346651,0.0,0.0,45.510143723526525,16.1664351919947,34671.9097295646
2022,INDONESIA,REFINED PALM OIL,3,NDPE COMMITMENT,KALIMANTAN TIMUR,BERAU,SAWIT KALTIM LESTARI,ID-PALM-MILL-00717,KENCANA AGRI,LDC EAST INDONESIA,ID-PALM-REFINERY-0075,LOUIS DREYFUS,LDC EAST INDONESIA,LOUIS DREYFUS,BALIKPAPAN,LOUIS DREYFUS,LOUIS DREYFUS,GREECE,EUROPEAN UNION,ID-64,ID-6403,ID,GR,0.0,0.0,2190.163616711834,0.0,2190.163616711834,0.0,0.0,121.85724711911368,43.2869933391936,23629.6699359364
2022,INDONESIA,REFINED PALM OIL,3,NDPE COMMITMENT,KALIMANTAN TIMUR,BERAU,SAWIT KALTIM LESTARI,ID-PALM-MILL-00717,KENCANA AGRI,LDC EAST INDONESIA,ID-PALM-REFINERY-0075,LOUIS DREYFUS,LDC EAST INDONESIA,LOUIS DREYFUS,BALIKPAPAN,LOUIS DREYFUS,LOUIS DREYFUS,ITALY,EUROPEAN UNION,ID-64,ID-6403,ID,IT,0.0,0.0,29988.299538295003,0.0,29988.299538295003,0.0,0.0,1668.501658796767,592.6969622099762,887508.9410608322
2022,INDONESIA,REFINED PALM OIL,3,NDPE COMMITMENT,KALIMANTAN TIMUR,BERAU,SAWIT KALTIM LESTARI,ID-PALM-MILL-00717,KENCANA AGRI,LDC EAST INDONESIA,ID-PALM-REFINERY-0075,LOUIS DREYFUS,LDC EAST INDONESIA,LOUIS DREYFUS,BALIKPAPAN,LOUIS DREYFUS,LOUIS DREYFUS,SPAIN,EUROPEAN UNION,ID-64,ID-6403,ID,ES,0.0,0.0,49277.40396308682,0.0,49277.40396308682,0.0,0.0,2741.7169869406744,973.9321029929891,958747.4247345289
2022,INDONESIA,REFINED PALM OIL,3,NDPE COMMITMENT,KALIMANTAN TIMUR,BERAU,SAWIT SUKSES SEJAHTERA,ID-PALM-MILL-00218,EAGLE HIGH PLANTATIONS,KUTAI REFINERY NUSANTARA,ID-PALM-REFINERY-0039,ROYAL GOLDEN EAGLE,KUTAI REFINERY NUSANTARA,ROYAL GOLDEN EAGLE,BALIKPAPAN,AAA OILS & FATS,AAA OILS & FATS,NETHERLANDS,EUROPEAN UNION,ID-64,ID-6403,ID,NL,0.0,0.0,0.0,0.0,0.0,0.0,0.0,5.152614472325831,1.81982304026303,7953.47727991884
2022,INDONESIA,REFINED PALM OIL,3,NDPE COMMITMENT,KALIMANTAN TIMUR,BERAU,SAWIT SUKSES SEJAHTERA,ID-PALM-MILL-00218,EAGLE HIGH PLANTATIONS,KUTAI REFINERY NUSANTARA,ID-PALM-REFINERY-0039,ROYAL GOLDEN EAGLE,KUTAI REFINERY NUSANTARA,ROYAL GOLDEN EAGLE,BALIKPAPAN,AAA OILS & FATS,AAA OILS & FATS,SPAIN,EUROPEAN UNION,ID-64,ID-6403,ID,ES,0.0,0.0,0.0,0.0,0.0,0.0,0.0,4.1221921602546105,1.45589395634267,5017.68070255891
2022,INDONESIA,REFINED PALM OIL,3,NDPE COMMITMENT,KALIMANTAN TIMUR,BERAU,SAWIT SUKSES SEJAHTERA,ID-PALM-MILL-00218,EAGLE HIGH PLANTATIONS,KUTAI REFINERY NUSANTARA,ID-PALM-REFINERY-0039,ROYAL GOLDEN EAGLE,KUTAI REFINERY NUSANTARA,ROYAL GOLDEN EAGLE,BALIKPAPAN,APICAL (MALAYSIA) SDN BHD,APICAL (MALAYSIA) SDN BHD,ITALY,EUROPEAN UNION,ID-64,ID-6403,ID,IT,0.0,0.0,0.0,0.0,0.0,0.0,0.0,4.1222189547448105,1.45590341973856,4334.42666255386
2022,INDONESIA,REFINED PALM OIL,3,NDPE COMMITMENT,KALIMANTAN TIMUR,BERAU,SAWIT SUKSES SEJAHTERA,ID-PALM-MILL-00218,EAGLE HIGH PLANTATIONS,KUTAI REFINERY NUSANTARA,ID-PALM-REFINERY-0039,ROYAL GOLDEN EAGLE,KUTAI REFINERY NUSANTARA,ROYAL GOLDEN EAGLE,BALIKPAPAN,APICAL (MALAYSIA) SDN BHD,APICAL (MALAYSIA) SDN BHD,SPAIN,EUROPEAN UNION,ID-64,ID-6403,ID,ES,0.0,0.0,0.0,0.0,0.0,0.0,0.0,1.030383150893241,0.363915252803288,1407.55748271114
2022,INDONESIA,REFINED PALM OIL,3,NDPE COMMITMENT,KALIMANTAN TIMUR,BERAU,SAWIT SUKSES SEJAHTERA,ID-PALM-MILL-00218,EAGLE HIGH PLANTATIONS,KUTAI REFINERY NUSANTARA,ID-PALM-REFINERY-0039,ROYAL GOLDEN EAGLE,KUTAI REFINERY NUSANTARA,ROYAL GOLDEN EAGLE,BALIKPAPAN,APICAL MIDDLE EAST FZCO,APICAL MIDDLE EAST FZCO,BELGIUM,EUROPEAN UNION,ID-64,ID-6403,ID,BE,0.0,0.0,0.0,0.0,0.0,0.0,0.0,7.729094326839021,2.72979552650266,6094.39087671257
2022,INDONESIA,REFINED PALM OIL,3,NDPE COMMITMENT,KALIMANTAN TIMUR,BERAU,SAWIT SUKSES SEJAHTERA,ID-PALM-MILL-00218,EAGLE HIGH PLANTATIONS,KUTAI REFINERY NUSANTARA,ID-PALM-REFINERY-0039,ROYAL GOLDEN EAGLE,KUTAI REFINERY NUSANTARA,ROYAL GOLDEN EAGLE,BALIKPAPAN,APICAL MIDDLE EAST FZCO,APICAL MIDDLE EAST FZCO,SPAIN,EUROPEAN UNION,ID-64,ID-6403,ID,ES,0.0,0.0,0.0,0.0,0.0,0.0,0.0,11.902469116147051,4.20376638887292,9067.89785725603
2022,INDONESIA,REFINED PALM OIL,3,NDPE COMMITMENT,KALIMANTAN TIMUR,BERAU,SENTOSA KALIMANTAN JAYA,ID-PALM-MILL-01144,UNKNOWN AFFILIATION,KUTAI REFINERY NUSANTARA,ID-PALM-REFINERY-0039,ROYAL GOLDEN EAGLE,KUTAI REFINERY NUSANTARA,ROYAL GOLDEN EAGLE,BALIKPAPAN,AAA OILS & FATS,AAA OILS & FATS,NETHERLANDS,EUROPEAN UNION,ID-64,ID-6405,ID,NL,2.75684479795372,2.04504492691052e-06,0.0887541811390713,0.0887541811390713,0.0,0.169072723304605,0.0,20.583927899229685,7.34289792493349,31772.9579337443
2022,INDONESIA,REFINED PALM OIL,3,NDPE COMMITMENT,KALIMANTAN TIMUR,BERAU,SENTOSA KALIMANTAN JAYA,ID-PALM-MILL-01144,UNKNOWN AFFILIATION,KUTAI REFINERY NUSANTARA,ID-PALM-REFINERY-0039,ROYAL GOLDEN EAGLE,KUTAI REFINERY NUSANTARA,ROYAL GOLDEN EAGLE,BALIKPAPAN,AAA OILS & FATS,AAA OILS & FATS,SPAIN,EUROPEAN UNION,ID-64,ID-6405,ID,ES,2.20552965377087,1.63607586213874e-06,0.0710050774507397,0.0710050774507397,0.0,0.135261479053477,0.0,16.467544131076842,5.87446167810179,20044.8875726205
2022,INDONESIA,REFINED PALM OIL,3,NDPE COMMITMENT,KALIMANTAN TIMUR,BERAU,SENTOSA KALIMANTAN JAYA,ID-PALM-MILL-01144,UNKNOWN AFFILIATION,KUTAI REFINERY NUSANTARA,ID-PALM-REFINERY-0039,ROYAL GOLDEN EAGLE,KUTAI REFINERY NUSANTARA,ROYAL GOLDEN EAGLE,BALIKPAPAN,APICAL (MALAYSIA) SDN BHD,APICAL (MALAYSIA) SDN BHD,ITALY,EUROPEAN UNION,ID-64,ID-6405,ID,IT,2.20554398984265,1.63608649672756e-06,0.071005538987897,0.071005538987897,0.0,0.135262358261004,0.0,16.46765117107705,5.87449986244635,17315.389378673
2022,INDONESIA,REFINED PALM OIL,3,NDPE COMMITMENT,KALIMANTAN TIMUR,BERAU,SENTOSA KALIMANTAN JAYA,ID-PALM-MILL-01144,UNKNOWN AFFILIATION,KUTAI REFINERY NUSANTARA,ID-PALM-REFINERY-0039,ROYAL GOLDEN EAGLE,KUTAI REFINERY NUSANTARA,ROYAL GOLDEN EAGLE,BALIKPAPAN,APICAL (MALAYSIA) SDN BHD,APICAL (MALAYSIA) SDN BHD,SPAIN,EUROPEAN UNION,ID-64,ID-6405,ID,ES,0.551294191462569,4.08953521911207e-07,0.0177484291340248,0.0177484291340248,0.0,0.0338099592555125,0.0,4.1162273250756,1.4683804389435,5622.98264187216
2022,INDONESIA,REFINED PALM OIL,3,NDPE COMMITMENT,KALIMANTAN TIMUR,BERAU,SENTOSA KALIMANTAN JAYA,ID-PALM-MILL-01144,UNKNOWN AFFILIATION,KUTAI REFINERY NUSANTARA,ID-PALM-REFINERY-0039,ROYAL GOLDEN EAGLE,KUTAI REFINERY NUSANTARA,ROYAL GOLDEN EAGLE,BALIKPAPAN,APICAL MIDDLE EAST FZCO,APICAL MIDDLE EAST FZCO,BELGIUM,EUROPEAN UNION,ID-64,ID-6405,ID,BE,4.13535955431606,3.06763590165911e-06,0.133134245072986,0.133134245072986,0.0,0.253614749082321,0.0,30.87658143346126,11.014592882697,24346.1844602842
2022,INDONESIA,REFINED PALM OIL,3,NDPE COMMITMENT,KALIMANTAN TIMUR,BERAU,SENTOSA KALIMANTAN JAYA,ID-PALM-MILL-01144,UNKNOWN AFFILIATION,KUTAI REFINERY NUSANTARA,ID-PALM-REFINERY-0039,ROYAL GOLDEN EAGLE,KUTAI REFINERY NUSANTARA,ROYAL GOLDEN EAGLE,BALIKPAPAN,APICAL MIDDLE EAST FZCO,APICAL MIDDLE EAST FZCO,SPAIN,EUROPEAN UNION,ID-64,ID-6405,ID,ES,6.36827386211245,4.72402587354812e-06,0.205020947251246,0.205020947251246,0.0,0.390555683590194,0.0,47.54859254955852,16.9619940020645,36224.902269291
2022,INDONESIA,REFINED PALM OIL,3,NDPE COMMITMENT,KALIMANTAN TIMUR,BERAU,SENTOSA KALIMANTAN JAYA,ID-PALM-MILL-01144,UNKNOWN AFFILIATION,SMART TBK (TARJUN REFINERY & KERNEL CRUSHING PLANT),ID-PALM-REFINERY-0020,SINAR MAS,SINAR MAS AGRO RESOURCES AND TECHNOLOGY,SINAR MAS,TARJUN,CASA OLEARIA ITALIANA S P A,CASA OLEARIA ITALIANA S P A,ITALY,EUROPEAN UNION,ID-64,ID-6405,ID,IT,1.31420506644809,9.74885639574146e-07,0.0423096703187631,0.0423096703187631,0.0,0.0805980190578789,0.0,9.812486489137472,3.50040512346635,9321.8621646806
2022,INDONESIA,REFINED PALM OIL,3,NDPE COMMITMENT,KALIMANTAN TIMUR,BERAU,SENTOSA KALIMANTAN JAYA,ID-PALM-MILL-01144,UNKNOWN AFFILIATION,SMART TBK (TARJUN REFINERY & KERNEL CRUSHING PLANT),ID-PALM-REFINERY-0020,SINAR MAS,SINAR MAS AGRO RESOURCES AND TECHNOLOGY,SINAR MAS,TARJUN,GOLDEN AGRI INTERNATIONAL,GOLDEN AGRI INTERNATIONAL,ITALY,EUROPEAN UNION,ID-64,ID-6405,ID,IT,68.279109634573,5.06498758565569e-05,2.19818557396466,2.19818557396466,0.0,4.18744465386649,0.0,509.80463999455156,181.862443915651,524583.410048092
2022,INDONESIA,REFINED PALM OIL,3,NDPE COMMITMENT,KALIMANTAN TIMUR,BERAU,SENTOSA KALIMANTAN JAYA,ID-PALM-MILL-01144,UNKNOWN AFFILIATION,SMART TBK (TARJUN REFINERY & KERNEL CRUSHING PLANT),ID-PALM-REFINERY-0020,SINAR MAS,SINAR MAS AGRO RESOURCES AND TECHNOLOGY,SINAR MAS,TARJUN,GOLDEN AGRI INTERNATIONAL,GOLDEN AGRI INTERNATIONAL,NETHERLANDS,EUROPEAN UNION,ID-64,ID-6405,ID,NL,6.57394575872333,4.87659458872729e-06,0.21164237214269,0.21164237214269,0.0,0.403169200206377,0.0,49.084237753045684,17.5098042175551,62017.9344009733
2022,INDONESIA,REFINED PALM OIL,3,NDPE COMMITMENT,KALIMANTAN TIMUR,BERAU,SENTOSA KALIMANTAN JAYA,ID-PALM-MILL-01144,UNKNOWN AFFILIATION,SMART TBK (TARJUN REFINERY & KERNEL CRUSHING PLANT),ID-PALM-REFINERY-0020,SINAR MAS,SINAR MAS AGRO RESOURCES AND TECHNOLOGY,SINAR MAS,TARJUN,GOLDEN AGRI INTERNATIONAL,GOLDEN AGRI INTERNATIONAL,SPAIN,EUROPEAN UNION,ID-64,ID-6405,ID,ES,1.31478888876164,9.75318722662985e-07,0.0423284659620319,0.0423284659620319,0.0,0.0806338239129623,0.0,9.816845587051526,3.50196014305174,9465.89335731443
2022,INDONESIA,REFINED PALM OIL,3,NDPE COMMITMENT,KALIMANTAN TIMUR,BERAU,SENTOSA KALIMANTAN JAYA,ID-PALM-MILL-01144,UNKNOWN AFFILIATION,SMART TBK (TARJUN REFINERY & KERNEL CRUSHING PLANT),ID-PALM-REFINERY-0020,SINAR MAS,SINAR MAS AGRO RESOURCES AND TECHNOLOGY,SINAR MAS,TARJUN,ITAL BI OIL SRL,ITAL BI OIL SRL,ITALY,EUROPEAN UNION,ID-64,ID-6405,ID,IT,8.54663664910236,6.33994918189359e-06,0.275151411442273,0.275151411442273,0.0,0.524151063720105,0.0,63.81329579982757,22.764096318529,60622.6310098362
2022,INDONESIA,REFINED PALM OIL,3,NDPE COMMITMENT,KALIMANTAN TIMUR,BERAU,TANJUNG BUYU PERKASA PLANTATION (TALISAYAN),ID-PALM-MILL-00880,TELADAN PRIMA,KUTAI REFINERY NUSANTARA,ID-PALM-REFINERY-0039,ROYAL GOLDEN EAGLE,KUTAI REFINERY NUSANTARA,ROYAL GOLDEN EAGLE,BALIKPAPAN,AAA OILS & FATS,AAA OILS & FATS,NETHERLANDS,EUROPEAN UNION,ID-64,ID-6405,ID,NL,0.318009578543341,0.0,0.0313674051613268,0.0,0.0313674051613268,0.0,0.0,46.09409261755388,15.522769481652361,71149.960925896
2022,INDONESIA,REFINED PALM OIL,3,NDPE COMMITMENT,KALIMANTAN TIMUR,BERAU,TANJUNG BUYU PERKASA PLANTATION (TALISAYAN),ID-PALM-MILL-00880,TELADAN PRIMA,KUTAI REFINERY NUSANTARA,ID-PALM-REFINERY-0039,ROYAL GOLDEN EAGLE,KUTAI REFINERY NUSANTARA,ROYAL GOLDEN EAGLE,BALIKPAPAN,AAA OILS & FATS,AAA OILS & FATS,SPAIN,EUROPEAN UNION,ID-64,ID-6405,ID,ES,0.254413870588985,0.0,0.0250945364412614,0.0,0.0250945364412614,0.0,0.0,36.8761738807838,12.41851859990286,44887.0064452277
2022,INDONESIA,REFINED PALM OIL,3,NDPE COMMITMENT,KALIMANTAN TIMUR,BERAU,TANJUNG BUYU PERKASA PLANTATION (TALISAYAN),ID-PALM-MILL-00880,TELADAN PRIMA,KUTAI REFINERY NUSANTARA,ID-PALM-REFINERY-0039,ROYAL GOLDEN EAGLE,KUTAI REFINERY NUSANTARA,ROYAL GOLDEN EAGLE,BALIKPAPAN,APICAL (MALAYSIA) SDN BHD,APICAL (MALAYSIA) SDN BHD,ITALY,EUROPEAN UNION,ID-64,ID-6405,ID,IT,0.254415524294027,0.0,0.0250946995572163,0.0,0.0250946995572163,0.0,0.0,36.87641357807139,12.418599321000261,38774.7744568922
2022,INDONESIA,REFINED PALM OIL,3,NDPE COMMITMENT,KALIMANTAN TIMUR,BERAU,TANJUNG BUYU PERKASA PLANTATION (TALISAYAN),ID-PALM-MILL-00880,TELADAN PRIMA,KUTAI REFINERY NUSANTARA,ID-PALM-REFINERY-0039,ROYAL GOLDEN EAGLE,KUTAI REFINERY NUSANTARA,ROYAL GOLDEN EAGLE,BALIKPAPAN,APICAL (MALAYSIA) SDN BHD,APICAL (MALAYSIA) SDN BHD,SPAIN,EUROPEAN UNION,ID-64,ID-6405,ID,ES,0.063593291000833,0.0,0.00627263031982359,0.0,0.00627263031982359,0.0,0.0,9.2175684099652,3.104132904761011,12591.68240144548
2022,INDONESIA,REFINED PALM OIL,3,NDPE COMMITMENT,KALIMANTAN TIMUR,BERAU,TANJUNG BUYU PERKASA PLANTATION (TALISAYAN),ID-PALM-MILL-00880,TELADAN PRIMA,KUTAI REFINERY NUSANTARA,ID-PALM-REFINERY-0039,ROYAL GOLDEN EAGLE,KUTAI REFINERY NUSANTARA,ROYAL GOLDEN EAGLE,BALIKPAPAN,APICAL MIDDLE EAST FZCO,APICAL MIDDLE EAST FZCO,BELGIUM,EUROPEAN UNION,ID-64,ID-6405,ID,BE,0.477025021491726,0.0,0.0470521585851613,0.0,0.0470521585851613,0.0,0.0,69.1426831300099,23.284674252625152,54519.0056480128
2022,INDONESIA,REFINED PALM OIL,3,NDPE COMMITMENT,KALIMANTAN TIMUR,BERAU,TANJUNG BUYU PERKASA PLANTATION (TALISAYAN),ID-PALM-MILL-00880,TELADAN PRIMA,KUTAI REFINERY NUSANTARA,ID-PALM-REFINERY-0039,ROYAL GOLDEN EAGLE,KUTAI REFINERY NUSANTARA,ROYAL GOLDEN EAGLE,BALIKPAPAN,APICAL MIDDLE EAST FZCO,APICAL MIDDLE EAST FZCO,SPAIN,EUROPEAN UNION,ID-64,ID-6405,ID,ES,0.734597786731464,0.0,0.0724582778687571,0.0,0.0724582778687571,0.0,0.0,106.4767249255522,35.85738567182951,81119.3086390972
2022,INDONESIA,REFINED PALM OIL,3,NDPE COMMITMENT,KALIMANTAN TIMUR,BERAU,TEGUH JAYAPRIMA ABADI (RAHAYU),ID-PALM-MILL-01360,MP EVANS,KUTAI REFINERY NUSANTARA,ID-PALM-REFINERY-0039,ROYAL GOLDEN EAGLE,KUTAI REFINERY NUSANTARA,ROYAL GOLDEN EAGLE,BALIKPAPAN,AAA OILS & FATS,AAA OILS & FATS,NETHERLANDS,EUROPEAN UNION,ID-64,ID-6403,ID,NL,0.0358860858273845,0.0,6.01873485190457,0.0,6.01873485190457,0.0,0.0,27.00161169656863,8.85247147410615,41679.1720597934
2022,INDONESIA,REFINED PALM OIL,3,NDPE COMMITMENT,KALIMANTAN TIMUR,BERAU,TEGUH JAYAPRIMA ABADI (RAHAYU),ID-PALM-MILL-01360,MP EVANS,KUTAI REFINERY NUSANTARA,ID-PALM-REFINERY-0039,ROYAL GOLDEN EAGLE,KUTAI REFINERY NUSANTARA,ROYAL GOLDEN EAGLE,BALIKPAPAN,AAA OILS & FATS,AAA OILS & FATS,SPAIN,EUROPEAN UNION,ID-64,ID-6403,ID,ES,0.0287095691817003,0.0,4.81510537115212,0.0,4.81510537115212,0.0,0.0,21.60181644632,7.08214998529982,26294.5086762342
2022,INDONESIA,REFINED PALM OIL,3,NDPE COMMITMENT,KALIMANTAN TIMUR,BERAU,TEGUH JAYAPRIMA ABADI (RAHAYU),ID-PALM-MILL-01360,MP EVANS,KUTAI REFINERY NUSANTARA,ID-PALM-REFINERY-0039,ROYAL GOLDEN EAGLE,KUTAI REFINERY NUSANTARA,ROYAL GOLDEN EAGLE,BALIKPAPAN,APICAL (MALAYSIA) SDN BHD,APICAL (MALAYSIA) SDN BHD,ITALY,EUROPEAN UNION,ID-64,ID-6403,ID,IT,0.0287097557955795,0.0,4.81513666961872,0.0,4.81513666961872,0.0,0.0,21.601956859390683,7.082196019689031,22714.0039873203
2022,INDONESIA,REFINED PALM OIL,3,NDPE COMMITMENT,KALIMANTAN TIMUR,BERAU,TEGUH JAYAPRIMA ABADI (RAHAYU),ID-PALM-MILL-01360,MP EVANS,KUTAI REFINERY NUSANTARA,ID-PALM-REFINERY-0039,ROYAL GOLDEN EAGLE,KUTAI REFINERY NUSANTARA,ROYAL GOLDEN EAGLE,BALIKPAPAN,APICAL (MALAYSIA) SDN BHD,APICAL (MALAYSIA) SDN BHD,SPAIN,EUROPEAN UNION,ID-64,ID-6403,ID,ES,0.00717624390232227,0.0,1.203583736839732,0.0,1.203583736839732,0.0,0.0,5.39959003114542,1.770254207775946,7376.12347923448
2022,INDONESIA,REFINED PALM OIL,3,NDPE COMMITMENT,KALIMANTAN TIMUR,BERAU,TEGUH JAYAPRIMA ABADI (RAHAYU),ID-PALM-MILL-01360,MP EVANS,KUTAI REFINERY NUSANTARA,ID-PALM-REFINERY-0039,ROYAL GOLDEN EAGLE,KUTAI REFINERY NUSANTARA,ROYAL GOLDEN EAGLE,BALIKPAPAN,APICAL MIDDLE EAST FZCO,APICAL MIDDLE EAST FZCO,BELGIUM,EUROPEAN UNION,ID-64,ID-6403,ID,BE,0.0538303309651062,0.0,9.02830391220899,0.0,9.02830391220899,0.0,0.0,40.503322129058,13.279003778858971,31936.8694987622
2022,INDONESIA,REFINED PALM OIL,3,NDPE COMMITMENT,KALIMANTAN TIMUR,BERAU,TEGUH JAYAPRIMA ABADI (RAHAYU),ID-PALM-MILL-01360,MP EVANS,KUTAI REFINERY NUSANTARA,ID-PALM-REFINERY-0039,ROYAL GOLDEN EAGLE,KUTAI REFINERY NUSANTARA,ROYAL GOLDEN EAGLE,BALIKPAPAN,APICAL MIDDLE EAST FZCO,APICAL MIDDLE EAST FZCO,SPAIN,EUROPEAN UNION,ID-64,ID-6403,ID,ES,0.0828963685433744,0.0,13.903195373500541,0.0,13.903195373500541,0.0,0.0,62.37335454277326,20.44908830032464,47519.149387330894
2022,INDONESIA,REFINED PALM OIL,3,NDPE COMMITMENT,KALIMANTAN TIMUR,BERAU,TEGUH JAYAPRIMA ABADI (RAHAYU),ID-PALM-MILL-01360,MP EVANS,SMART TBK (TARJUN REFINERY & KERNEL CRUSHING PLANT),ID-PALM-REFINERY-0020,SINAR MAS,SINAR MAS AGRO RESOURCES AND TECHNOLOGY,SINAR MAS,TARJUN,CASA OLEARIA ITALIANA S P A,CASA OLEARIA ITALIANA S P A,ITALY,EUROPEAN UNION,ID-64,ID-6403,ID,IT,0.017111011951853,0.0,2.869822416435162,0.0,2.869822416435162,0.0,0.0,12.874776151474947,4.2209922035670004,12231.0373439012
2022,INDONESIA,REFINED PALM OIL,3,NDPE COMMITMENT,KALIMANTAN TIMUR,BERAU,TEGUH JAYAPRIMA ABADI (RAHAYU),ID-PALM-MILL-01360,MP EVANS,SMART TBK (TARJUN REFINERY & KERNEL CRUSHING PLANT),ID-PALM-REFINERY-0020,SINAR MAS,SINAR MAS AGRO RESOURCES AND TECHNOLOGY,SINAR MAS,TARJUN,GOLDEN AGRI INTERNATIONAL,GOLDEN AGRI INTERNATIONAL,ITALY,EUROPEAN UNION,ID-64,ID-6403,ID,IT,0.888997227941527,0.0,149.1007183019955,0.0,149.1007183019955,0.0,0.0,668.9049333396905,219.300318338419,688295.875324079
2022,INDONESIA,REFINED PALM OIL,3,NDPE COMMITMENT,KALIMANTAN TIMUR,BERAU,TEGUH JAYAPRIMA ABADI (RAHAYU),ID-PALM-MILL-01360,MP EVANS,SMART TBK (TARJUN REFINERY & KERNEL CRUSHING PLANT),ID-PALM-REFINERY-0020,SINAR MAS,SINAR MAS AGRO RESOURCES AND TECHNOLOGY,SINAR MAS,TARJUN,GOLDEN AGRI INTERNATIONAL,GOLDEN AGRI INTERNATIONAL,NETHERLANDS,EUROPEAN UNION,ID-64,ID-6403,ID,NL,0.0855930838498192,0.0,14.3554894015152,0.0,14.3554894015152,0.0,0.0,64.40249108478389,21.114340906659137,81372.5474856245
2022,INDONESIA,REFINED PALM OIL,3,NDPE COMMITMENT,KALIMANTAN TIMUR,BERAU,TEGUH JAYAPRIMA ABADI (RAHAYU),ID-PALM-MILL-01360,MP EVANS,SMART TBK (TARJUN REFINERY & KERNEL CRUSHING PLANT),ID-PALM-REFINERY-0020,SINAR MAS,SINAR MAS AGRO RESOURCES AND TECHNOLOGY,SINAR MAS,TARJUN,GOLDEN AGRI INTERNATIONAL,GOLDEN AGRI INTERNATIONAL,SPAIN,EUROPEAN UNION,ID-64,ID-6403,ID,ES,0.0171186133459124,0.0,2.871097306028442,0.0,2.871097306028442,0.0,0.0,12.880495640610327,4.22286733667726,12420.01792145851
2022,INDONESIA,REFINED PALM OIL,3,NDPE COMMITMENT,KALIMANTAN TIMUR,BERAU,TEGUH JAYAPRIMA ABADI (RAHAYU),ID-PALM-MILL-01360,MP EVANS,SMART TBK (TARJUN REFINERY & KERNEL CRUSHING PLANT),ID-PALM-REFINERY-0020,SINAR MAS,SINAR MAS AGRO RESOURCES AND TECHNOLOGY,SINAR MAS,TARJUN,ITAL BI OIL SRL,ITAL BI OIL SRL,ITALY,EUROPEAN UNION,ID-64,ID-6403,ID,IT,0.111277612287848,0.0,18.66324371051957,0.0,18.66324371051957,0.0,0.0,83.72820689436222,27.4502720949645,79541.79654964409
2022,INDONESIA,REFINED PALM OIL,3,NDPE COMMITMENT,KALIMANTAN TIMUR,BERAU,TELEN (PENGADAN BAAY),ID-PALM-MILL-00879,TELADAN PRIMA,KUTAI REFINERY NUSANTARA,ID-PALM-REFINERY-0039,ROYAL GOLDEN EAGLE,KUTAI REFINERY NUSANTARA,ROYAL GOLDEN EAGLE,BALIKPAPAN,AAA OILS & FATS,AAA OILS & FATS,NETHERLANDS,EUROPEAN UNION,ID-64,ID-6405,ID,NL,0.787773153395942,0.0,0.0,0.0,0.0,0.0,0.0,5.4154312774457045,1.9325715853481,8359.1562802649
2022,INDONESIA,REFINED PALM OIL,3,NDPE COMMITMENT,KALIMANTAN TIMUR,BERAU,TELEN (PENGADAN BAAY),ID-PALM-MILL-00879,TELADAN PRIMA,KUTAI REFINERY NUSANTARA,ID-PALM-REFINERY-0039,ROYAL GOLDEN EAGLE,KUTAI REFINERY NUSANTARA,ROYAL GOLDEN EAGLE,BALIKPAPAN,AAA OILS & FATS,AAA OILS & FATS,SPAIN,EUROPEAN UNION,ID-64,ID-6405,ID,ES,0.630233900562328,0.0,0.0,0.0,0.0,0.0,0.0,4.332450734705906,1.54609499333584,5273.61500900488
2022,INDONESIA,REFINED PALM OIL,3,NDPE COMMITMENT,KALIMANTAN TIMUR,BERAU,TELEN (PENGADAN BAAY),ID-PALM-MILL-00879,TELADAN PRIMA,KUTAI REFINERY NUSANTARA,ID-PALM-REFINERY-0039,ROYAL GOLDEN EAGLE,KUTAI REFINERY NUSANTARA,ROYAL GOLDEN EAGLE,BALIKPAPAN,APICAL (MALAYSIA) SDN BHD,APICAL (MALAYSIA) SDN BHD,ITALY,EUROPEAN UNION,ID-64,ID-6405,ID,IT,0.630237997119551,0.0,0.0,0.0,0.0,0.0,0.0,4.3324788958891265,1.54610504304375,4555.51057511847
2022,INDONESIA,REFINED PALM OIL,3,NDPE COMMITMENT,KALIMANTAN TIMUR,BERAU,TELEN (PENGADAN BAAY),ID-PALM-MILL-00879,TELADAN PRIMA,KUTAI REFINERY NUSANTARA,ID-PALM-REFINERY-0039,ROYAL GOLDEN EAGLE,KUTAI REFINERY NUSANTARA,ROYAL GOLDEN EAGLE,BALIKPAPAN,APICAL (MALAYSIA) SDN BHD,APICAL (MALAYSIA) SDN BHD,SPAIN,EUROPEAN UNION,ID-64,ID-6405,ID,ES,0.157533265557673,0.0,0.0,0.0,0.0,0.0,0.0,1.0829393840873895,0.386461903977628,1479.35205663387
2022,INDONESIA,REFINED PALM OIL,3,NDPE COMMITMENT,KALIMANTAN TIMUR,BERAU,TELEN (PENGADAN BAAY),ID-PALM-MILL-00879,TELADAN PRIMA,KUTAI REFINERY NUSANTARA,ID-PALM-REFINERY-0039,ROYAL GOLDEN EAGLE,KUTAI REFINERY NUSANTARA,ROYAL GOLDEN EAGLE,BALIKPAPAN,APICAL MIDDLE EAST FZCO,APICAL MIDDLE EAST FZCO,BELGIUM,EUROPEAN UNION,ID-64,ID-6405,ID,BE,1.18168612137602,0.0,0.0,0.0,0.0,0.0,0.0,8.123328339175874,2.89892212133269,6405.24439544018
2022,INDONESIA,REFINED PALM OIL,3,NDPE COMMITMENT,KALIMANTAN TIMUR,BERAU,TELEN (PENGADAN BAAY),ID-PALM-MILL-00879,TELADAN PRIMA,KUTAI REFINERY NUSANTARA,ID-PALM-REFINERY-0039,ROYAL GOLDEN EAGLE,KUTAI REFINERY NUSANTARA,ROYAL GOLDEN EAGLE,BALIKPAPAN,APICAL MIDDLE EAST FZCO,APICAL MIDDLE EAST FZCO,SPAIN,EUROPEAN UNION,ID-64,ID-6405,ID,ES,1.81974523403312,0.0,0.0,0.0,0.0,0.0,0.0,12.509572349456105,4.46421398940141,9530.41954538102
2022,INDONESIA,REFINED PALM OIL,3,NDPE COMMITMENT,KALIMANTAN TIMUR,BERAU,TUNAS PRIMA SEJAHTERA,ID-PALM-MILL-01009,LOW YAT,LDC EAST INDONESIA,ID-PALM-REFINERY-0075,LOUIS DREYFUS,LDC EAST INDONESIA,LOUIS DREYFUS,BALIKPAPAN,LOUIS DREYFUS,LOUIS DREYFUS,GREECE,EUROPEAN UNION,ID-64,ID-6403,ID,GR,0.0109812516868299,0.0,0.0,0.0,0.0,0.0,0.0,56.75756428202916,16.4750654103097,11006.0135286092
2022,INDONESIA,REFINED PALM OIL,3,NDPE COMMITMENT,KALIMANTAN TIMUR,BERAU,TUNAS PRIMA SEJAHTERA,ID-PALM-MILL-01009,LOW YAT,LDC EAST INDONESIA,ID-PALM-REFINERY-0075,LOUIS DREYFUS,LDC EAST INDONESIA,LOUIS DREYFUS,BALIKPAPAN,LOUIS DREYFUS,LOUIS DREYFUS,ITALY,EUROPEAN UNION,ID-64,ID-6403,ID,IT,0.1503582026371462,0.0,0.0,0.0,0.0,0.0,0.0,777.1395825252957,225.5809532527606,413375.87188308244
2022,INDONESIA,REFINED PALM OIL,3,NDPE COMMITMENT,KALIMANTAN TIMUR,BERAU,TUNAS PRIMA SEJAHTERA,ID-PALM-MILL-01009,LOW YAT,LDC EAST INDONESIA,ID-PALM-REFINERY-0075,LOUIS DREYFUS,LDC EAST INDONESIA,LOUIS DREYFUS,BALIKPAPAN,LOUIS DREYFUS,LOUIS DREYFUS,SPAIN,EUROPEAN UNION,ID-64,ID-6403,ID,ES,0.24707175813862647,0.0,0.0,0.0,0.0,0.0,0.0,1277.0120924962878,370.67936265006654,446556.6872391995
2022,INDONESIA,REFINED PALM OIL,3,NDPE COMMITMENT,KALIMANTAN TIMUR,BERAU,YUDHA WAHANA ABADI,ID-PALM-MILL-00990,TRIPUTRA AGRO PERSADA,KUTAI REFINERY NUSANTARA,ID-PALM-REFINERY-0039,ROYAL GOLDEN EAGLE,KUTAI REFINERY NUSANTARA,ROYAL GOLDEN EAGLE,BALIKPAPAN,AAA OILS & FATS,AAA OILS & FATS,NETHERLANDS,EUROPEAN UNION,ID-64,ID-6405,ID,NL,1.2028980065241,0.000173548678220962,0.168162971216421,0.168162971216421,0.0,0.318615089791745,0.0,15.711951667927682,5.5887024373556,24252.6684822274
2022,INDONESIA,REFINED PALM OIL,3,NDPE COMMITMENT,KALIMANTAN TIMUR,BERAU,YUDHA WAHANA ABADI,ID-PALM-MILL-00990,TRIPUTRA AGRO PERSADA,KUTAI REFINERY NUSANTARA,ID-PALM-REFINERY-0039,ROYAL GOLDEN EAGLE,KUTAI REFINERY NUSANTARA,ROYAL GOLDEN EAGLE,BALIKPAPAN,AAA OILS & FATS,AAA OILS & FATS,SPAIN,EUROPEAN UNION,ID-64,ID-6405,ID,ES,0.962341886572647,0.000138842330360121,0.134533659623976,0.134533659623976,0.0,0.254898291407682,0.0,12.569868041882737,4.47107104499983,15300.4959146715
2022,INDONESIA,REFINED PALM OIL,3,NDPE COMMITMENT,KALIMANTAN TIMUR,BERAU,YUDHA WAHANA ABADI,ID-PALM-MILL-00990,TRIPUTRA AGRO PERSADA,KUTAI REFINERY NUSANTARA,ID-PALM-REFINERY-0039,ROYAL GOLDEN EAGLE,KUTAI REFINERY NUSANTARA,ROYAL GOLDEN EAGLE,BALIKPAPAN,APICAL (MALAYSIA) SDN BHD,APICAL (MALAYSIA) SDN BHD,ITALY,EUROPEAN UNION,ID-64,ID-6405,ID,IT,0.962348141851207,0.00013884323284339,0.134534534100633,0.134534534100633,0.0,0.254899948261488,0.0,12.569949746760315,4.47110010722319,13217.0381844001
2022,INDONESIA,REFINED PALM OIL,3,NDPE COMMITMENT,KALIMANTAN TIMUR,BERAU,YUDHA WAHANA ABADI,ID-PALM-MILL-00990,TRIPUTRA AGRO PERSADA,KUTAI REFINERY NUSANTARA,ID-PALM-REFINERY-0039,ROYAL GOLDEN EAGLE,KUTAI REFINERY NUSANTARA,ROYAL GOLDEN EAGLE,BALIKPAPAN,APICAL (MALAYSIA) SDN BHD,APICAL (MALAYSIA) SDN BHD,SPAIN,EUROPEAN UNION,ID-64,ID-6405,ID,ES,0.240546977621253,3.47050288468321e-05,0.0336280335111764,0.0336280335111764,0.0,0.0637143768285001,0.0,3.14196421122381,1.11758891679856,4292.08807625088
2022,INDONESIA,REFINED PALM OIL,3,NDPE COMMITMENT,KALIMANTAN TIMUR,BERAU,YUDHA WAHANA ABADI,ID-PALM-MILL-00990,TRIPUTRA AGRO PERSADA,KUTAI REFINERY NUSANTARA,ID-PALM-REFINERY-0039,ROYAL GOLDEN EAGLE,KUTAI REFINERY NUSANTARA,ROYAL GOLDEN EAGLE,BALIKPAPAN,APICAL MIDDLE EAST FZCO,APICAL MIDDLE EAST FZCO,BELGIUM,EUROPEAN UNION,ID-64,ID-6405,ID,BE,1.80438730821534,0.000260328831406354,0.252250090472331,0.252250090472331,0.0,0.477933308649636,0.0,23.56845386985305,8.38324088381846,18583.7258763791
2022,INDONESIA,REFINED PALM OIL,3,NDPE COMMITMENT,KALIMANTAN TIMUR,BERAU,YUDHA WAHANA ABADI,ID-PALM-MILL-00990,TRIPUTRA AGRO PERSADA,KUTAI REFINERY NUSANTARA,ID-PALM-REFINERY-0039,ROYAL GOLDEN EAGLE,KUTAI REFINERY NUSANTARA,ROYAL GOLDEN EAGLE,BALIKPAPAN,APICAL MIDDLE EAST FZCO,APICAL MIDDLE EAST FZCO,SPAIN,EUROPEAN UNION,ID-64,ID-6405,ID,ES,2.77867797977621,0.000400895078366058,0.38845416868138,0.38845416868138,0.0,0.735996509452193,0.0,36.29439394045905,12.9098263643107,27650.8893937489
2022,INDONESIA,REFINED PALM OIL,3,NDPE COMMITMENT,KALIMANTAN TIMUR,BERAU,YUDHA WAHANA ABADI,ID-PALM-MILL-00990,TRIPUTRA AGRO PERSADA,LDC EAST INDONESIA,ID-PALM-REFINERY-0075,LOUIS DREYFUS,LDC EAST INDONESIA,LOUIS DREYFUS,BALIKPAPAN,LOUIS DREYFUS,LOUIS DREYFUS,GREECE,EUROPEAN UNION,ID-64,ID-6405,ID,GR,7.44117394390571,0.00107357888646665,1.04026269306177,1.04026269306177,0.0,1.97096536151422,0.0,97.19474529443116,34.5719310627684,18847.2971867635
2022,INDONESIA,REFINED PALM OIL,3,NDPE COMMITMENT,KALIMANTAN TIMUR,BERAU,YUDHA WAHANA ABADI,ID-PALM-MILL-00990,TRIPUTRA AGRO PERSADA,LDC EAST INDONESIA,ID-PALM-REFINERY-0075,LOUIS DREYFUS,LDC EAST INDONESIA,LOUIS DREYFUS,BALIKPAPAN,LOUIS DREYFUS,LOUIS DREYFUS,ITALY,EUROPEAN UNION,ID-64,ID-6405,ID,IT,101.8865218304652,0.014699726075116892,14.243551942884071,14.243551942884071,0.0,26.9869790501908,0.0,1330.816160581485,473.3680243871911,707887.3642091954
2022,INDONESIA,REFINED PALM OIL,3,NDPE COMMITMENT,KALIMANTAN TIMUR,BERAU,YUDHA WAHANA ABADI,ID-PALM-MILL-00990,TRIPUTRA AGRO PERSADA,LDC EAST INDONESIA,ID-PALM-REFINERY-0075,LOUIS DREYFUS,LDC EAST INDONESIA,LOUIS DREYFUS,BALIKPAPAN,LOUIS DREYFUS,LOUIS DREYFUS,SPAIN,EUROPEAN UNION,ID-64,ID-6405,ID,ES,167.4220736731757,0.02415489878061412,23.40530386067412,23.40530386067412,0.0,44.345571068522815,0.0,2186.825080289508,777.8482848334969,764708.0001542887
2022,INDONESIA,REFINED PALM OIL,3,NDPE COMMITMENT,KALIMANTAN TIMUR,BERAU,YUDHA WAHANA ABADI,ID-PALM-MILL-00990,TRIPUTRA AGRO PERSADA,SMART TBK (TARJUN REFINERY & KERNEL CRUSHING PLANT),ID-PALM-REFINERY-0020,SINAR MAS,SINAR MAS AGRO RESOURCES AND TECHNOLOGY,SINAR MAS,TARJUN,CASA OLEARIA ITALIANA S P A,CASA OLEARIA ITALIANA S P A,ITALY,EUROPEAN UNION,ID-64,ID-6405,ID,IT,0.573953634678248,8.28074318173966e-05,0.0802376826833859,0.0802376826833859,0.0,0.152024766736235,0.0,7.496838234651557,2.66660686081298,7121.99632291898
2022,INDONESIA,REFINED PALM OIL,3,NDPE COMMITMENT,KALIMANTAN TIMUR,BERAU,YUDHA WAHANA ABADI,ID-PALM-MILL-00990,TRIPUTRA AGRO PERSADA,SMART TBK (TARJUN REFINERY & KERNEL CRUSHING PLANT),ID-PALM-REFINERY-0020,SINAR MAS,SINAR MAS AGRO RESOURCES AND TECHNOLOGY,SINAR MAS,TARJUN,GOLDEN AGRI INTERNATIONAL,GOLDEN AGRI INTERNATIONAL,ITALY,EUROPEAN UNION,ID-64,ID-6405,ID,IT,29.8195800243521,0.00430223399678301,4.16872349120516,4.16872349120516,0.0,7.89839879647409,0.0,389.49586545111055,138.542718218128,400786.994210488
2022,INDONESIA,REFINED PALM OIL,3,NDPE COMMITMENT,KALIMANTAN TIMUR,BERAU,YUDHA WAHANA ABADI,ID-PALM-MILL-00990,TRIPUTRA AGRO PERSADA,SMART TBK (TARJUN REFINERY & KERNEL CRUSHING PLANT),ID-PALM-REFINERY-0020,SINAR MAS,SINAR MAS AGRO RESOURCES AND TECHNOLOGY,SINAR MAS,TARJUN,GOLDEN AGRI INTERNATIONAL,GOLDEN AGRI INTERNATIONAL,NETHERLANDS,EUROPEAN UNION,ID-64,ID-6405,ID,NL,2.87104361315133,0.000414221173760973,0.401366717594425,0.401366717594425,0.0,0.760461663115989,0.0,37.50085064709284,13.338960037799,47382.3247926018
2022,INDONESIA,REFINED PALM OIL,3,NDPE COMMITMENT,KALIMANTAN TIMUR,BERAU,YUDHA WAHANA ABADI,ID-PALM-MILL-00990,TRIPUTRA AGRO PERSADA,SMART TBK (TARJUN REFINERY & KERNEL CRUSHING PLANT),ID-PALM-REFINERY-0020,SINAR MAS,SINAR MAS AGRO RESOURCES AND TECHNOLOGY,SINAR MAS,TARJUN,GOLDEN AGRI INTERNATIONAL,GOLDEN AGRI INTERNATIONAL,SPAIN,EUROPEAN UNION,ID-64,ID-6405,ID,ES,0.574208607777518,8.28442181817603e-05,0.0802733274626782,0.0802733274626782,0.0,0.152092302201817,0.0,7.500168629240821,2.66779147395027,7232.03760074547
2022,INDONESIA,REFINED PALM OIL,3,NDPE COMMITMENT,KALIMANTAN TIMUR,BERAU,YUDHA WAHANA ABADI,ID-PALM-MILL-00990,TRIPUTRA AGRO PERSADA,SMART TBK (TARJUN REFINERY & KERNEL CRUSHING PLANT),ID-PALM-REFINERY-0020,SINAR MAS,SINAR MAS AGRO RESOURCES AND TECHNOLOGY,SINAR MAS,TARJUN,ITAL BI OIL SRL,ITAL BI OIL SRL,ITALY,EUROPEAN UNION,ID-64,ID-6405,ID,IT,3.73257819062013,0.000538519481972002,0.521807697267737,0.521807697267737,0.0,0.988658829683838,0.0,48.75399893399789,17.3416771151005,46316.298987298
2022,INDONESIA,REFINED PALM OIL,3,NDPE COMMITMENT,KALIMANTAN TIMUR,KOTA SAMARINDA,PERKEBUNAN KALTIM UTAMA I,ID-PALM-MILL-01012,TOBA BARA,KUTAI REFINERY NUSANTARA,ID-PALM-REFINERY-0039,ROYAL GOLDEN EAGLE,KUTAI REFINERY NUSANTARA,ROYAL GOLDEN EAGLE,BALIKPAPAN,AAA OILS & FATS,AAA OILS & FATS,NETHERLANDS,EUROPEAN UNION,ID-64,ID-6472,ID,NL,0.0,0.0,0.0,0.0,0.0,0.0,0.0,0.42871688185534,0.0851219735591587,661.759189954485
2022,INDONESIA,REFINED PALM OIL,3,NDPE COMMITMENT,KALIMANTAN TIMUR,KOTA SAMARINDA,PERKEBUNAN KALTIM UTAMA I,ID-PALM-MILL-01012,TOBA BARA,KUTAI REFINERY NUSANTARA,ID-PALM-REFINERY-0039,ROYAL GOLDEN EAGLE,KUTAI REFINERY NUSANTARA,ROYAL GOLDEN EAGLE,BALIKPAPAN,AAA OILS & FATS,AAA OILS & FATS,SPAIN,EUROPEAN UNION,ID-64,ID-6472,ID,ES,0.0,0.0,0.0,0.0,0.0,0.0,0.0,0.34298187431732524,0.0680992404837495,417.489885280658
2022,INDONESIA,REFINED PALM OIL,3,NDPE COMMITMENT,KALIMANTAN TIMUR,KOTA SAMARINDA,PERKEBUNAN KALTIM UTAMA I,ID-PALM-MILL-01012,TOBA BARA,KUTAI REFINERY NUSANTARA,ID-PALM-REFINERY-0039,ROYAL GOLDEN EAGLE,KUTAI REFINERY NUSANTARA,ROYAL GOLDEN EAGLE,BALIKPAPAN,APICAL (MALAYSIA) SDN BHD,APICAL (MALAYSIA) SDN BHD,ITALY,EUROPEAN UNION,ID-64,ID-6472,ID,IT,0.0,0.0,0.0,0.0,0.0,0.0,0.0,0.3429841037195726,0.0680996831327965,360.640582248327
2022,INDONESIA,REFINED PALM OIL,3,NDPE COMMITMENT,KALIMANTAN TIMUR,KOTA SAMARINDA,PERKEBUNAN KALTIM UTAMA I,ID-PALM-MILL-01012,TOBA BARA,KUTAI REFINERY NUSANTARA,ID-PALM-REFINERY-0039,ROYAL GOLDEN EAGLE,KUTAI REFINERY NUSANTARA,ROYAL GOLDEN EAGLE,BALIKPAPAN,APICAL (MALAYSIA) SDN BHD,APICAL (MALAYSIA) SDN BHD,SPAIN,EUROPEAN UNION,ID-64,ID-6472,ID,ES,0.0,0.0,0.0,0.0,0.0,0.0,0.0,0.085731749180884,0.0170220861268021,117.114070587099
2022,INDONESIA,REFINED PALM OIL,3,NDPE COMMITMENT,KALIMANTAN TIMUR,KOTA SAMARINDA,PERKEBUNAN KALTIM UTAMA I,ID-PALM-MILL-01012,TOBA BARA,KUTAI REFINERY NUSANTARA,ID-PALM-REFINERY-0039,ROYAL GOLDEN EAGLE,KUTAI REFINERY NUSANTARA,ROYAL GOLDEN EAGLE,BALIKPAPAN,APICAL MIDDLE EAST FZCO,APICAL MIDDLE EAST FZCO,BELGIUM,EUROPEAN UNION,ID-64,ID-6472,ID,BE,0.0,0.0,0.0,0.0,0.0,0.0,0.0,0.6430896852782599,0.127685812020098,507.076216841908
2022,INDONESIA,REFINED PALM OIL,3,NDPE COMMITMENT,KALIMANTAN TIMUR,KOTA SAMARINDA,PERKEBUNAN KALTIM UTAMA I,ID-PALM-MILL-01012,TOBA BARA,KUTAI REFINERY NUSANTARA,ID-PALM-REFINERY-0039,ROYAL GOLDEN EAGLE,KUTAI REFINERY NUSANTARA,ROYAL GOLDEN EAGLE,BALIKPAPAN,APICAL MIDDLE EAST FZCO,APICAL MIDDLE EAST FZCO,SPAIN,EUROPEAN UNION,ID-64,ID-6472,ID,ES,0.0,0.0,0.0,0.0,0.0,0.0,0.0,0.990330146619861,0.196630597308408,754.483168734091
2022,INDONESIA,REFINED PALM OIL,3,NDPE COMMITMENT,KALIMANTAN TIMUR,KUTAI KARTANEGARA,CITRA AGRO KENCANA,ID-PALM-MILL-01312,FIRST RESOURCES,ADHITYA SERAYAKORITA,ID-PALM-REFINERY-0041,FIRST RESOURCES,ADHITYA SERAYAKORITA,FIRST RESOURCES,DUMAI,FIRST RESOURCES,FIRST RESOURCES,NETHERLANDS,EUROPEAN UNION,ID-64,ID-6402,ID,NL,136.85256799007368,0.20648143501369,125.382088086389,125.382088086389,0.0,269.243742326286,0.0,937.4499897773238,333.57656170715023,1210442.4588269205
2022,INDONESIA,REFINED PALM OIL,3,NDPE COMMITMENT,KALIMANTAN TIMUR,KUTAI KARTANEGARA,CITRA AGRO KENCANA,ID-PALM-MILL-01312,FIRST RESOURCES,ADHITYA SERAYAKORITA,ID-PALM-REFINERY-0041,FIRST RESOURCES,ADHITYA SERAYAKORITA,FIRST RESOURCES,DUMAI,FIRST RESOURCES,FIRST RESOURCES,SPAIN,EUROPEAN UNION,ID-64,ID-6402,ID,ES,648.6825280428965,0.97872404753355,594.312339663772,594.312339663772,0.0,1276.21800596839,0.0,4443.522238666725,1581.1562071655553,4399367.942570795
2022,INDONESIA,REFINED PALM OIL,3,NDPE COMMITMENT,KALIMANTAN TIMUR,KUTAI KARTANEGARA,FARINDA BERSAUDARA,ID-PALM-MILL-00886,TSH RESOURCES,KUTAI REFINERY NUSANTARA,ID-PALM-REFINERY-0039,ROYAL GOLDEN EAGLE,KUTAI REFINERY NUSANTARA,ROYAL GOLDEN EAGLE,BALIKPAPAN,AAA OILS & FATS,AAA OILS & FATS,NETHERLANDS,EUROPEAN UNION,ID-64,ID-6402,ID,NL,0.6404337137142905,0.0,0.0,0.0,0.0,0.0,0.0,38.23247617508192,12.8959366360844,59014.91994922982
2022,INDONESIA,REFINED PALM OIL,3,NDPE COMMITMENT,KALIMANTAN TIMUR,KUTAI KARTANEGARA,FARINDA BERSAUDARA,ID-PALM-MILL-00886,TSH RESOURCES,KUTAI REFINERY NUSANTARA,ID-PALM-REFINERY-0039,ROYAL GOLDEN EAGLE,KUTAI REFINERY NUSANTARA,ROYAL GOLDEN EAGLE,BALIKPAPAN,AAA OILS & FATS,AAA OILS & FATS,SPAIN,EUROPEAN UNION,ID-64,ID-6402,ID,ES,0.5123594726550806,0.0,0.0,0.0,0.0,0.0,0.0,30.58672726292759,10.317001045958673,37231.265592466865
2022,INDONESIA,REFINED PALM OIL,3,NDPE COMMITMENT,KALIMANTAN TIMUR,KUTAI KARTANEGARA,FARINDA BERSAUDARA,ID-PALM-MILL-00886,TSH RESOURCES,KUTAI REFINERY NUSANTARA,ID-PALM-REFINERY-0039,ROYAL GOLDEN EAGLE,KUTAI REFINERY NUSANTARA,ROYAL GOLDEN EAGLE,BALIKPAPAN,APICAL (MALAYSIA) SDN BHD,APICAL (MALAYSIA) SDN BHD,ITALY,EUROPEAN UNION,ID-64,ID-6402,ID,IT,0.512362803021626,0.0,0.0,0.0,0.0,0.0,0.0,30.58692607844418,10.317068107069034,32161.51043296045
2022,INDONESIA,REFINED PALM OIL,3,NDPE COMMITMENT,KALIMANTAN TIMUR,KUTAI KARTANEGARA,FARINDA BERSAUDARA,ID-PALM-MILL-00886,TSH RESOURCES,KUTAI REFINERY NUSANTARA,ID-PALM-REFINERY-0039,ROYAL GOLDEN EAGLE,KUTAI REFINERY NUSANTARA,ROYAL GOLDEN EAGLE,BALIKPAPAN,APICAL (MALAYSIA) SDN BHD,APICAL (MALAYSIA) SDN BHD,SPAIN,EUROPEAN UNION,ID-64,ID-6402,ID,ES,0.12806937360041276,0.0,0.0,0.0,0.0,0.0,0.0,7.645458335630057,2.578837577733677,10444.097498821951
2022,INDONESIA,REFINED PALM OIL,3,NDPE COMMITMENT,KALIMANTAN TIMUR,KUTAI KARTANEGARA,FARINDA BERSAUDARA,ID-PALM-MILL-00886,TSH RESOURCES,KUTAI REFINERY NUSANTARA,ID-PALM-REFINERY-0039,ROYAL GOLDEN EAGLE,KUTAI REFINERY NUSANTARA,ROYAL GOLDEN EAGLE,BALIKPAPAN,APICAL MIDDLE EAST FZCO,APICAL MIDDLE EAST FZCO,BELGIUM,EUROPEAN UNION,ID-64,ID-6402,ID,BE,0.9606720258174508,0.0,0.0,0.0,0.0,0.0,0.0,57.34999509335441,19.34433698243363,45220.47113110996
2022,INDONESIA,REFINED PALM OIL,3,NDPE COMMITMENT,KALIMANTAN TIMUR,KUTAI KARTANEGARA,FARINDA BERSAUDARA,ID-PALM-MILL-00886,TSH RESOURCES,KUTAI REFINERY NUSANTARA,ID-PALM-REFINERY-0039,ROYAL GOLDEN EAGLE,KUTAI REFINERY NUSANTARA,ROYAL GOLDEN EAGLE,BALIKPAPAN,APICAL MIDDLE EAST FZCO,APICAL MIDDLE EAST FZCO,SPAIN,EUROPEAN UNION,ID-64,ID-6402,ID,ES,1.47939313902965,0.0,0.0,0.0,0.0,0.0,0.0,88.31649822664318,29.789437645525737,67283.93724150023
2022,INDONESIA,REFINED PALM OIL,3,NDPE COMMITMENT,KALIMANTAN TIMUR,KUTAI KARTANEGARA,HARAPAN RIMBA RAYA (SEI KEDANG),ID-PALM-MILL-01346,SINAR MAS,SMART TBK (TARJUN REFINERY & KERNEL CRUSHING PLANT),ID-PALM-REFINERY-0020,SINAR MAS,SINAR MAS AGRO RESOURCES AND TECHNOLOGY,SINAR MAS,TARJUN,CASA OLEARIA ITALIANA S P A,CASA OLEARIA ITALIANA S P A,ITALY,EUROPEAN UNION,ID-64,ID-6402,ID,IT,2.6541094009243347,0.0,0.0405596522536727,0.0405596522536727,0.0,0.0848866902856793,0.0,14.094309926556335,5.029381819162118,13389.594430228519
2022,INDONESIA,REFINED PALM OIL,3,NDPE COMMITMENT,KALIMANTAN TIMUR,KUTAI KARTANEGARA,HARAPAN RIMBA RAYA (SEI KEDANG),ID-PALM-MILL-01346,SINAR MAS,SMART TBK (TARJUN REFINERY & KERNEL CRUSHING PLANT),ID-PALM-REFINERY-0020,SINAR MAS,SINAR MAS AGRO RESOURCES AND TECHNOLOGY,SINAR MAS,TARJUN,GOLDEN AGRI INTERNATIONAL,GOLDEN AGRI INTERNATIONAL,ITALY,EUROPEAN UNION,ID-64,ID-6402,ID,IT,137.8934166321917,0.0,2.10726393747171,2.10726393747171,0.0,4.41026121455823,0.0,732.2654258972922,261.299945793705,753493.1305874859
2022,INDONESIA,REFINED PALM OIL,3,NDPE COMMITMENT,KALIMANTAN TIMUR,KUTAI KARTANEGARA,HARAPAN RIMBA RAYA (SEI KEDANG),ID-PALM-MILL-01346,SINAR MAS,SMART TBK (TARJUN REFINERY & KERNEL CRUSHING PLANT),ID-PALM-REFINERY-0020,SINAR MAS,SINAR MAS AGRO RESOURCES AND TECHNOLOGY,SINAR MAS,TARJUN,GOLDEN AGRI INTERNATIONAL,GOLDEN AGRI INTERNATIONAL,NETHERLANDS,EUROPEAN UNION,ID-64,ID-6402,ID,NL,13.27644496650053,0.0,0.202888392927115,0.202888392927115,0.0,0.42462208663053,0.0,70.50287000813124,25.15808538802871,89080.3762552739
2022,INDONESIA,REFINED PALM OIL,3,NDPE COMMITMENT,KALIMANTAN TIMUR,KUTAI KARTANEGARA,HARAPAN RIMBA RAYA (SEI KEDANG),ID-PALM-MILL-01346,SINAR MAS,SMART TBK (TARJUN REFINERY & KERNEL CRUSHING PLANT),ID-PALM-REFINERY-0020,SINAR MAS,SINAR MAS AGRO RESOURCES AND TECHNOLOGY,SINAR MAS,TARJUN,GOLDEN AGRI INTERNATIONAL,GOLDEN AGRI INTERNATIONAL,SPAIN,EUROPEAN UNION,ID-64,ID-6402,ID,ES,2.6552884621914328,0.0,0.0405776704691097,0.0405776704691097,0.0,0.0849244003395952,0.0,14.10057118124126,5.031616071185922,13596.475761511929
2022,INDONESIA,REFINED PALM OIL,3,NDPE COMMITMENT,KALIMANTAN TIMUR,KUTAI KARTANEGARA,HARAPAN RIMBA RAYA (SEI KEDANG),ID-PALM-MILL-01346,SINAR MAS,SMART TBK (TARJUN REFINERY & KERNEL CRUSHING PLANT),ID-PALM-REFINERY-0020,SINAR MAS,SINAR MAS AGRO RESOURCES AND TECHNOLOGY,SINAR MAS,TARJUN,ITAL BI OIL SRL,ITAL BI OIL SRL,ITALY,EUROPEAN UNION,ID-64,ID-6402,ID,IT,17.260402699537952,0.0,0.263770563115371,0.263770563115371,0.0,0.552041471105715,0.0,91.65917012303,32.70745188508063,87076.2116168786
2022,INDONESIA,REFINED PALM OIL,3,NDPE COMMITMENT,KALIMANTAN TIMUR,KUTAI KARTANEGARA,JAYA MANDIRI SUKSES (BANGKIRAI),ID-PALM-MILL-00676,EAGLE HIGH PLANTATIONS,KUTAI REFINERY NUSANTARA,ID-PALM-REFINERY-0039,ROYAL GOLDEN EAGLE,KUTAI REFINERY NUSANTARA,ROYAL GOLDEN EAGLE,BALIKPAPAN,AAA OILS & FATS,AAA OILS & FATS,NETHERLANDS,EUROPEAN UNION,ID-64,ID-6402,ID,NL,0.0,0.0,0.0,0.0,0.0,0.0,0.0,0.09965136562643147,0.035561968712049,153.819944550392
2022,INDONESIA,REFINED PALM OIL,3,NDPE COMMITMENT,KALIMANTAN TIMUR,KUTAI KARTANEGARA,JAYA MANDIRI SUKSES (BANGKIRAI),ID-PALM-MILL-00676,EAGLE HIGH PLANTATIONS,KUTAI REFINERY NUSANTARA,ID-PALM-REFINERY-0039,ROYAL GOLDEN EAGLE,KUTAI REFINERY NUSANTARA,ROYAL GOLDEN EAGLE,BALIKPAPAN,AAA OILS & FATS,AAA OILS & FATS,SPAIN,EUROPEAN UNION,ID-64,ID-6402,ID,ES,0.0,0.0,0.0,0.0,0.0,0.0,0.0,0.07972303776077388,0.0284502691624545,97.0417517112793
2022,INDONESIA,REFINED PALM OIL,3,NDPE COMMITMENT,KALIMANTAN TIMUR,KUTAI KARTANEGARA,JAYA MANDIRI SUKSES (BANGKIRAI),ID-PALM-MILL-00676,EAGLE HIGH PLANTATIONS,KUTAI REFINERY NUSANTARA,ID-PALM-REFINERY-0039,ROYAL GOLDEN EAGLE,KUTAI REFINERY NUSANTARA,ROYAL GOLDEN EAGLE,BALIKPAPAN,APICAL (MALAYSIA) SDN BHD,APICAL (MALAYSIA) SDN BHD,ITALY,EUROPEAN UNION,ID-64,ID-6402,ID,IT,0.0,0.0,0.0,0.0,0.0,0.0,0.0,0.07972355596518314,0.0284504540908684,83.8276448686329
2022,INDONESIA,REFINED PALM OIL,3,NDPE COMMITMENT,KALIMANTAN TIMUR,KUTAI KARTANEGARA,JAYA MANDIRI SUKSES (BANGKIRAI),ID-PALM-MILL-00676,EAGLE HIGH PLANTATIONS,KUTAI REFINERY NUSANTARA,ID-PALM-REFINERY-0039,ROYAL GOLDEN EAGLE,KUTAI REFINERY NUSANTARA,ROYAL GOLDEN EAGLE,BALIKPAPAN,APICAL (MALAYSIA) SDN BHD,APICAL (MALAYSIA) SDN BHD,SPAIN,EUROPEAN UNION,ID-64,ID-6402,ID,ES,0.0,0.0,0.0,0.0,0.0,0.0,0.0,0.019927570489982525,0.00711142926960495,27.2221075539839
2022,INDONESIA,REFINED PALM OIL,3,NDPE COMMITMENT,KALIMANTAN TIMUR,KUTAI KARTANEGARA,JAYA MANDIRI SUKSES (BANGKIRAI),ID-PALM-MILL-00676,EAGLE HIGH PLANTATIONS,KUTAI REFINERY NUSANTARA,ID-PALM-REFINERY-0039,ROYAL GOLDEN EAGLE,KUTAI REFINERY NUSANTARA,ROYAL GOLDEN EAGLE,BALIKPAPAN,APICAL MIDDLE EAST FZCO,APICAL MIDDLE EAST FZCO,BELGIUM,EUROPEAN UNION,ID-64,ID-6402,ID,BE,0.0,0.0,0.0,0.0,0.0,0.0,0.0,0.14948038687189893,0.053344144433817,117.865285048493
2022,INDONESIA,REFINED PALM OIL,3,NDPE COMMITMENT,KALIMANTAN TIMUR,KUTAI KARTANEGARA,JAYA MANDIRI SUKSES (BANGKIRAI),ID-PALM-MILL-00676,EAGLE HIGH PLANTATIONS,KUTAI REFINERY NUSANTARA,ID-PALM-REFINERY-0039,ROYAL GOLDEN EAGLE,KUTAI REFINERY NUSANTARA,ROYAL GOLDEN EAGLE,BALIKPAPAN,APICAL MIDDLE EAST FZCO,APICAL MIDDLE EAST FZCO,SPAIN,EUROPEAN UNION,ID-64,ID-6402,ID,ES,0.0,0.0,0.0,0.0,0.0,0.0,0.0,0.23019329470910102,0.0821476624299994,175.37279563411
2022,INDONESIA,REFINED PALM OIL,3,NDPE COMMITMENT,KALIMANTAN TIMUR,KUTAI KARTANEGARA,KETAPANG AGRO LESTARI,ID-PALM-MILL-01032,FIRST RESOURCES,ADHITYA SERAYAKORITA,ID-PALM-REFINERY-0041,FIRST RESOURCES,ADHITYA SERAYAKORITA,FIRST RESOURCES,DUMAI,FIRST RESOURCES,FIRST RESOURCES,NETHERLANDS,EUROPEAN UNION,ID-64,ID-6402,ID,NL,25.84851574928695,0.269027081433188,1966.662543016793,1966.662543016793,0.0,4059.065611071002,0.0,442.51624865377426,154.46791987535056,571380.2996771828
2022,INDONESIA,REFINED PALM OIL,3,NDPE COMMITMENT,KALIMANTAN TIMUR,KUTAI KARTANEGARA,KETAPANG AGRO LESTARI,ID-PALM-MILL-01032,FIRST RESOURCES,ADHITYA SERAYAKORITA,ID-PALM-REFINERY-0041,FIRST RESOURCES,ADHITYA SERAYAKORITA,FIRST RESOURCES,DUMAI,FIRST RESOURCES,FIRST RESOURCES,SPAIN,EUROPEAN UNION,ID-64,ID-6402,ID,ES,122.52222072749319,1.27519103118869,9321.999937216671,9321.999937216671,0.0,19240.01120879587,0.0,2097.5314025353873,732.1794704907379,2076688.6976621833
2022,INDONESIA,REFINED PALM OIL,3,NDPE COMMITMENT,KALIMANTAN TIMUR,KUTAI KARTANEGARA,KRUING LESTARI JAYA (SUNGAI PERAK),ID-PALM-MILL-00915,TSANI HUTANI ABADI (THA),SMART TBK (TARJUN REFINERY & KERNEL CRUSHING PLANT),ID-PALM-REFINERY-0020,SINAR MAS,SINAR MAS AGRO RESOURCES AND TECHNOLOGY,SINAR MAS,TARJUN,CASA OLEARIA ITALIANA S P A,CASA OLEARIA ITALIANA S P A,ITALY,EUROPEAN UNION,ID-64,ID-6402,ID,IT,3.546047356049031,0.0,0.0928642937674225,0.0928642937674225,0.0,0.194354293136715,0.0,19.368605745794213,6.90902215887486,18400.17545850449
2022,INDONESIA,REFINED PALM OIL,3,NDPE COMMITMENT,KALIMANTAN TIMUR,KUTAI KARTANEGARA,KRUING LESTARI JAYA (SUNGAI PERAK),ID-PALM-MILL-00915,TSANI HUTANI ABADI (THA),SMART TBK (TARJUN REFINERY & KERNEL CRUSHING PLANT),ID-PALM-REFINERY-0020,SINAR MAS,SINAR MAS AGRO RESOURCES AND TECHNOLOGY,SINAR MAS,TARJUN,GOLDEN AGRI INTERNATIONAL,GOLDEN AGRI INTERNATIONAL,ITALY,EUROPEAN UNION,ID-64,ID-6402,ID,IT,184.2337717107129,0.0,4.82473508675481,4.82473508675481,0.0,10.0976159869004,0.0,1006.2898013018273,358.9560666726776,1035461.2219087919
2022,INDONESIA,REFINED PALM OIL,3,NDPE COMMITMENT,KALIMANTAN TIMUR,KUTAI KARTANEGARA,KRUING LESTARI JAYA (SUNGAI PERAK),ID-PALM-MILL-00915,TSANI HUTANI ABADI (THA),SMART TBK (TARJUN REFINERY & KERNEL CRUSHING PLANT),ID-PALM-REFINERY-0020,SINAR MAS,SINAR MAS AGRO RESOURCES AND TECHNOLOGY,SINAR MAS,TARJUN,GOLDEN AGRI INTERNATIONAL,GOLDEN AGRI INTERNATIONAL,NETHERLANDS,EUROPEAN UNION,ID-64,ID-6402,ID,NL,17.73811680663724,0.0,0.464527831869607,0.464527831869607,0.0,0.972203359791449,0.0,96.88606964442673,34.56046402333283,122415.5489957332
2022,INDONESIA,REFINED PALM OIL,3,NDPE COMMITMENT,KALIMANTAN TIMUR,KUTAI KARTANEGARA,KRUING LESTARI JAYA (SUNGAI PERAK),ID-PALM-MILL-00915,TSANI HUTANI ABADI (THA),SMART TBK (TARJUN REFINERY & KERNEL CRUSHING PLANT),ID-PALM-REFINERY-0020,SINAR MAS,SINAR MAS AGRO RESOURCES AND TECHNOLOGY,SINAR MAS,TARJUN,GOLDEN AGRI INTERNATIONAL,GOLDEN AGRI INTERNATIONAL,SPAIN,EUROPEAN UNION,ID-64,ID-6402,ID,ES,3.547622651734786,0.0,0.0929055477910279,0.0929055477910279,0.0,0.19444063306643,0.0,19.377210053071252,6.9120914221155605,18684.47479367396
2022,INDONESIA,REFINED PALM OIL,3,NDPE COMMITMENT,KALIMANTAN TIMUR,KUTAI KARTANEGARA,KRUING LESTARI JAYA (SUNGAI PERAK),ID-PALM-MILL-00915,TSANI HUTANI ABADI (THA),SMART TBK (TARJUN REFINERY & KERNEL CRUSHING PLANT),ID-PALM-REFINERY-0020,SINAR MAS,SINAR MAS AGRO RESOURCES AND TECHNOLOGY,SINAR MAS,TARJUN,ITAL BI OIL SRL,ITAL BI OIL SRL,ITALY,EUROPEAN UNION,ID-64,ID-6402,ID,IT,23.06092029805628,0.0,0.603922018540635,0.603922018540635,0.0,1.26393937068134,0.0,125.95936504522494,44.93126947995414,119661.3967929637
2022,INDONESIA,REFINED PALM OIL,3,NDPE COMMITMENT,KALIMANTAN TIMUR,KUTAI KARTANEGARA,KUTAI AGRO LESTARI,ID-PALM-MILL-00433,CT AGRO,LDC EAST INDONESIA,ID-PALM-REFINERY-0075,LOUIS DREYFUS,LDC EAST INDONESIA,LOUIS DREYFUS,BALIKPAPAN,LOUIS DREYFUS,LOUIS DREYFUS,GREECE,EUROPEAN UNION,ID-64,ID-6402,ID,GR,3.135555534348519,0.00382157507369527,14.6305714255386,14.6305714255386,0.0,31.4310339556263,0.0,66.49787745073,23.2737160385809,12894.78412445301
2022,INDONESIA,REFINED PALM OIL,3,NDPE COMMITMENT,KALIMANTAN TIMUR,KUTAI KARTANEGARA,KUTAI AGRO LESTARI,ID-PALM-MILL-00433,CT AGRO,LDC EAST INDONESIA,ID-PALM-REFINERY-0075,LOUIS DREYFUS,LDC EAST INDONESIA,LOUIS DREYFUS,BALIKPAPAN,LOUIS DREYFUS,LOUIS DREYFUS,ITALY,EUROPEAN UNION,ID-64,ID-6402,ID,IT,42.93285573073875,0.0523260167156427,200.3256537446172,200.3256537446172,0.0,430.3620304289162,0.0,910.5065267439799,318.66987589814147,484316.37998026935
2022,INDONESIA,REFINED PALM OIL,3,NDPE COMMITMENT,KALIMANTAN TIMUR,KUTAI KARTANEGARA,KUTAI AGRO LESTARI,ID-PALM-MILL-00433,CT AGRO,LDC EAST INDONESIA,ID-PALM-REFINERY-0075,LOUIS DREYFUS,LDC EAST INDONESIA,LOUIS DREYFUS,BALIKPAPAN,LOUIS DREYFUS,LOUIS DREYFUS,SPAIN,EUROPEAN UNION,ID-64,ID-6402,ID,ES,70.54817071007609,0.08598321022448188,329.1793237938352,329.1793237938352,0.0,707.1799318510372,0.0,1496.1634577543991,523.6450364731903,523191.4413254411
2022,INDONESIA,REFINED PALM OIL,3,NDPE COMMITMENT,KALIMANTAN TIMUR,KUTAI KARTANEGARA,KUTAI AGRO LESTARI,ID-PALM-MILL-00433,CT AGRO,SMART TBK (TARJUN REFINERY & KERNEL CRUSHING PLANT),ID-PALM-REFINERY-0020,SINAR MAS,SINAR MAS AGRO RESOURCES AND TECHNOLOGY,SINAR MAS,TARJUN,CASA OLEARIA ITALIANA S P A,CASA OLEARIA ITALIANA S P A,ITALY,EUROPEAN UNION,ID-64,ID-6402,ID,IT,0.2418520933983467,0.000294766245256178,1.12848721322862,1.12848721322862,0.0,2.42434276049974,0.0,5.129123273955115,1.795151412063563,4872.66711025736
2022,INDONESIA,REFINED PALM OIL,3,NDPE COMMITMENT,KALIMANTAN TIMUR,KUTAI KARTANEGARA,KUTAI AGRO LESTARI,ID-PALM-MILL-00433,CT AGRO,SMART TBK (TARJUN REFINERY & KERNEL CRUSHING PLANT),ID-PALM-REFINERY-0020,SINAR MAS,SINAR MAS AGRO RESOURCES AND TECHNOLOGY,SINAR MAS,TARJUN,GOLDEN AGRI INTERNATIONAL,GOLDEN AGRI INTERNATIONAL,ITALY,EUROPEAN UNION,ID-64,ID-6402,ID,IT,12.565349215345597,0.015314487282273,58.6301971590325,58.6301971590325,0.0,125.955963313495,0.0,266.48198161200315,93.2665252967109,274207.050433852
2022,INDONESIA,REFINED PALM OIL,3,NDPE COMMITMENT,KALIMANTAN TIMUR,KUTAI KARTANEGARA,KUTAI AGRO LESTARI,ID-PALM-MILL-00433,CT AGRO,SMART TBK (TARJUN REFINERY & KERNEL CRUSHING PLANT),ID-PALM-REFINERY-0020,SINAR MAS,SINAR MAS AGRO RESOURCES AND TECHNOLOGY,SINAR MAS,TARJUN,GOLDEN AGRI INTERNATIONAL,GOLDEN AGRI INTERNATIONAL,NETHERLANDS,EUROPEAN UNION,ID-64,ID-6402,ID,NL,1.20979791071078,0.00147448625582756,5.64494379041481,5.64494379041481,0.0,12.127101176952,0.0,25.657014307453366,8.97974624576415,32417.6375774673
2022,INDONESIA,REFINED PALM OIL,3,NDPE COMMITMENT,KALIMANTAN TIMUR,KUTAI KARTANEGARA,KUTAI AGRO LESTARI,ID-PALM-MILL-00433,CT AGRO,SMART TBK (TARJUN REFINERY & KERNEL CRUSHING PLANT),ID-PALM-REFINERY-0020,SINAR MAS,SINAR MAS AGRO RESOURCES AND TECHNOLOGY,SINAR MAS,TARJUN,GOLDEN AGRI INTERNATIONAL,GOLDEN AGRI INTERNATIONAL,SPAIN,EUROPEAN UNION,ID-64,ID-6402,ID,ES,0.24195953374560286,0.000294897192180411,1.12898853226358,1.12898853226358,0.0,2.42541975025987,0.0,5.131401835111778,1.795948889928567,4947.95421950653
2022,INDONESIA,REFINED PALM OIL,3,NDPE COMMITMENT,KALIMANTAN TIMUR,KUTAI KARTANEGARA,KUTAI AGRO LESTARI,ID-PALM-MILL-00433,CT AGRO,SMART TBK (TARJUN REFINERY & KERNEL CRUSHING PLANT),ID-PALM-REFINERY-0020,SINAR MAS,SINAR MAS AGRO RESOURCES AND TECHNOLOGY,SINAR MAS,TARJUN,ITAL BI OIL SRL,ITAL BI OIL SRL,ITALY,EUROPEAN UNION,ID-64,ID-6402,ID,IT,1.5728306166761188,0.00191694588534312,7.33886242022344,7.33886242022344,0.0,15.7661671042504,0.0,33.35609797139684,11.674362883485571,31688.293072827
2022,INDONESIA,REFINED PALM OIL,3,NDPE COMMITMENT,KALIMANTAN TIMUR,KUTAI KARTANEGARA,NIAGA MAS GEMILANG,ID-PALM-MILL-00373,JC CHEMICAL,LDC EAST INDONESIA,ID-PALM-REFINERY-0075,LOUIS DREYFUS,LDC EAST INDONESIA,LOUIS DREYFUS,BALIKPAPAN,LOUIS DREYFUS,LOUIS DREYFUS,GREECE,EUROPEAN UNION,ID-64,ID-6402,ID,GR,0.0,0.0,100.728904255854,100.728904255854,0.0,372.69418380439,0.0,47.58809695648484,12.9484372917595,9227.93720148546
2022,INDONESIA,REFINED PALM OIL,3,NDPE COMMITMENT,KALIMANTAN TIMUR,KUTAI KARTANEGARA,NIAGA MAS GEMILANG,ID-PALM-MILL-00373,JC CHEMICAL,LDC EAST INDONESIA,ID-PALM-REFINERY-0075,LOUIS DREYFUS,LDC EAST INDONESIA,LOUIS DREYFUS,BALIKPAPAN,LOUIS DREYFUS,LOUIS DREYFUS,ITALY,EUROPEAN UNION,ID-64,ID-6402,ID,IT,0.0,0.0,1379.206799866327,1379.206799866327,0.0,5103.02734226132,0.0,651.5888105798358,177.2934282604346,346592.93998055055
2022,INDONESIA,REFINED PALM OIL,3,NDPE COMMITMENT,KALIMANTAN TIMUR,KUTAI KARTANEGARA,NIAGA MAS GEMILANG,ID-PALM-MILL-00373,JC CHEMICAL,LDC EAST INDONESIA,ID-PALM-REFINERY-0075,LOUIS DREYFUS,LDC EAST INDONESIA,LOUIS DREYFUS,BALIKPAPAN,LOUIS DREYFUS,LOUIS DREYFUS,SPAIN,EUROPEAN UNION,ID-64,ID-6402,ID,ES,0.0,0.0,2266.3415956233016,2266.3415956233016,0.0,8385.40176171606,0.0,1070.7044257633597,291.3322868885381,374413.22928007075
2022,INDONESIA,REFINED PALM OIL,3,NDPE COMMITMENT,KALIMANTAN TIMUR,KUTAI KARTANEGARA,PUTRA BONGAN JAYA,ID-PALM-MILL-01431,KUALA LUMPUR KEPONG (KLK),KUTAI REFINERY NUSANTARA,ID-PALM-REFINERY-0039,ROYAL GOLDEN EAGLE,KUTAI REFINERY NUSANTARA,ROYAL GOLDEN EAGLE,BALIKPAPAN,AAA OILS & FATS,AAA OILS & FATS,NETHERLANDS,EUROPEAN UNION,ID-64,ID-6402,ID,NL,0.0742267660423201,0.0,0.0,0.0,0.0,0.0,0.0,14.63693462160284,5.21904386695261,22593.2927033113
2022,INDONESIA,REFINED PALM OIL,3,NDPE COMMITMENT,KALIMANTAN TIMUR,KUTAI KARTANEGARA,PUTRA BONGAN JAYA,ID-PALM-MILL-01431,KUALA LUMPUR KEPONG (KLK),KUTAI REFINERY NUSANTARA,ID-PALM-REFINERY-0039,ROYAL GOLDEN EAGLE,KUTAI REFINERY NUSANTARA,ROYAL GOLDEN EAGLE,BALIKPAPAN,AAA OILS & FATS,AAA OILS & FATS,SPAIN,EUROPEAN UNION,ID-64,ID-6402,ID,ES,0.0593828617887243,0.0,0.0,0.0,0.0,0.0,0.0,11.709833419789263,4.17533697270113,14253.6308101237
2022,INDONESIA,REFINED PALM OIL,3,NDPE COMMITMENT,KALIMANTAN TIMUR,KUTAI KARTANEGARA,PUTRA BONGAN JAYA,ID-PALM-MILL-01431,KUALA LUMPUR KEPONG (KLK),KUTAI REFINERY NUSANTARA,ID-PALM-REFINERY-0039,ROYAL GOLDEN EAGLE,KUTAI REFINERY NUSANTARA,ROYAL GOLDEN EAGLE,BALIKPAPAN,APICAL (MALAYSIA) SDN BHD,APICAL (MALAYSIA) SDN BHD,ITALY,EUROPEAN UNION,ID-64,ID-6402,ID,IT,0.0593832477807999,0.0,0.0,0.0,0.0,0.0,0.0,11.709909534391475,4.17536411263571,12312.7239623064
2022,INDONESIA,REFINED PALM OIL,3,NDPE COMMITMENT,KALIMANTAN TIMUR,KUTAI KARTANEGARA,PUTRA BONGAN JAYA,ID-PALM-MILL-01431,KUALA LUMPUR KEPONG (KLK),KUTAI REFINERY NUSANTARA,ID-PALM-REFINERY-0039,ROYAL GOLDEN EAGLE,KUTAI REFINERY NUSANTARA,ROYAL GOLDEN EAGLE,BALIKPAPAN,APICAL (MALAYSIA) SDN BHD,APICAL (MALAYSIA) SDN BHD,SPAIN,EUROPEAN UNION,ID-64,ID-6402,ID,ES,0.0148433401113315,0.0,0.0,0.0,0.0,0.0,0.0,2.9269899573949365,1.04366722819324,3998.42195864719
2022,INDONESIA,REFINED PALM OIL,3,NDPE COMMITMENT,KALIMANTAN TIMUR,KUTAI KARTANEGARA,PUTRA BONGAN JAYA,ID-PALM-MILL-01431,KUALA LUMPUR KEPONG (KLK),KUTAI REFINERY NUSANTARA,ID-PALM-REFINERY-0039,ROYAL GOLDEN EAGLE,KUTAI REFINERY NUSANTARA,ROYAL GOLDEN EAGLE,BALIKPAPAN,APICAL MIDDLE EAST FZCO,APICAL MIDDLE EAST FZCO,BELGIUM,EUROPEAN UNION,ID-64,ID-6402,ID,BE,0.111342635743198,0.0,0.0,0.0,0.0,0.0,0.0,21.955892286091892,7.82874064423824,17312.2210675835
2022,INDONESIA,REFINED PALM OIL,3,NDPE COMMITMENT,KALIMANTAN TIMUR,KUTAI KARTANEGARA,PUTRA BONGAN JAYA,ID-PALM-MILL-01431,KUALA LUMPUR KEPONG (KLK),KUTAI REFINERY NUSANTARA,ID-PALM-REFINERY-0039,ROYAL GOLDEN EAGLE,KUTAI REFINERY NUSANTARA,ROYAL GOLDEN EAGLE,BALIKPAPAN,APICAL MIDDLE EAST FZCO,APICAL MIDDLE EAST FZCO,SPAIN,EUROPEAN UNION,ID-64,ID-6402,ID,ES,0.171462816625478,0.0,0.0,0.0,0.0,0.0,0.0,33.81111923362136,12.0559201112091,25759.006190913
2022,INDONESIA,REFINED PALM OIL,3,NDPE COMMITMENT,KALIMANTAN TIMUR,KUTAI KARTANEGARA,SASANA YUDHA BAKTI (SATRIA),ID-PALM-MILL-01013,REA HOLDINGS,KUTAI REFINERY NUSANTARA,ID-PALM-REFINERY-0039,ROYAL GOLDEN EAGLE,KUTAI REFINERY NUSANTARA,ROYAL GOLDEN EAGLE,BALIKPAPAN,AAA OILS & FATS,AAA OILS & FATS,NETHERLANDS,EUROPEAN UNION,ID-64,ID-6402,ID,NL,0.00209867110339605,0.0,0.0,0.0,0.0,0.0,0.0,3.781057855435526,0.822081918218871,5836.36868404996
2022,INDONESIA,REFINED PALM OIL,3,NDPE COMMITMENT,KALIMANTAN TIMUR,KUTAI KARTANEGARA,SASANA YUDHA BAKTI (SATRIA),ID-PALM-MILL-01013,REA HOLDINGS,KUTAI REFINERY NUSANTARA,ID-PALM-REFINERY-0039,ROYAL GOLDEN EAGLE,KUTAI REFINERY NUSANTARA,ROYAL GOLDEN EAGLE,BALIKPAPAN,AAA OILS & FATS,AAA OILS & FATS,SPAIN,EUROPEAN UNION,ID-64,ID-6402,ID,ES,0.00167897785014509,0.0,0.0,0.0,0.0,0.0,0.0,3.0249200930629683,0.657681582150129,3682.04163893399
2022,INDONESIA,REFINED PALM OIL,3,NDPE COMMITMENT,KALIMANTAN TIMUR,KUTAI KARTANEGARA,SASANA YUDHA BAKTI (SATRIA),ID-PALM-MILL-01013,REA HOLDINGS,KUTAI REFINERY NUSANTARA,ID-PALM-REFINERY-0039,ROYAL GOLDEN EAGLE,KUTAI REFINERY NUSANTARA,ROYAL GOLDEN EAGLE,BALIKPAPAN,APICAL (MALAYSIA) SDN BHD,APICAL (MALAYSIA) SDN BHD,ITALY,EUROPEAN UNION,ID-64,ID-6402,ID,IT,0.00167898876359934,0.0,0.0,0.0,0.0,0.0,0.0,3.0249397552205366,0.657685857118888,3180.66062758637
2022,INDONESIA,REFINED PALM OIL,3,NDPE COMMITMENT,KALIMANTAN TIMUR,KUTAI KARTANEGARA,SASANA YUDHA BAKTI (SATRIA),ID-PALM-MILL-01013,REA HOLDINGS,KUTAI REFINERY NUSANTARA,ID-PALM-REFINERY-0039,ROYAL GOLDEN EAGLE,KUTAI REFINERY NUSANTARA,ROYAL GOLDEN EAGLE,BALIKPAPAN,APICAL (MALAYSIA) SDN BHD,APICAL (MALAYSIA) SDN BHD,SPAIN,EUROPEAN UNION,ID-64,ID-6402,ID,ES,0.00041967730281783,0.0,0.0,0.0,0.0,0.0,0.0,0.7561090253730389,0.164394088037479,1032.88462693381
2022,INDONESIA,REFINED PALM OIL,3,NDPE COMMITMENT,KALIMANTAN TIMUR,KUTAI KARTANEGARA,SASANA YUDHA BAKTI (SATRIA),ID-PALM-MILL-01013,REA HOLDINGS,KUTAI REFINERY NUSANTARA,ID-PALM-REFINERY-0039,ROYAL GOLDEN EAGLE,KUTAI REFINERY NUSANTARA,ROYAL GOLDEN EAGLE,BALIKPAPAN,APICAL MIDDLE EAST FZCO,APICAL MIDDLE EAST FZCO,BELGIUM,EUROPEAN UNION,ID-64,ID-6402,ID,BE,0.00314807696292433,0.0,0.0,0.0,0.0,0.0,0.0,5.67171345282221,1.23315041799242,4472.14605755032
2022,INDONESIA,REFINED PALM OIL,3,NDPE COMMITMENT,KALIMANTAN TIMUR,KUTAI KARTANEGARA,SASANA YUDHA BAKTI (SATRIA),ID-PALM-MILL-01013,REA HOLDINGS,KUTAI REFINERY NUSANTARA,ID-PALM-REFINERY-0039,ROYAL GOLDEN EAGLE,KUTAI REFINERY NUSANTARA,ROYAL GOLDEN EAGLE,BALIKPAPAN,APICAL MIDDLE EAST FZCO,APICAL MIDDLE EAST FZCO,SPAIN,EUROPEAN UNION,ID-64,ID-6402,ID,ES,0.00484790160942245,0.0,0.0,0.0,0.0,0.0,0.0,8.734192048017201,1.89899801258104,6654.14550411502
2022,INDONESIA,REFINED PALM OIL,3,NDPE COMMITMENT,KALIMANTAN TIMUR,KUTAI TIMUR,AGRI EASTBORNEO KENCANA,ID-PALM-MILL-00401,KENCANA AGRI,KUTAI REFINERY NUSANTARA,ID-PALM-REFINERY-0039,ROYAL GOLDEN EAGLE,KUTAI REFINERY NUSANTARA,ROYAL GOLDEN EAGLE,BALIKPAPAN,AAA OILS & FATS,AAA OILS & FATS,NETHERLANDS,EUROPEAN UNION,ID-64,ID-6404,ID,NL,0.0,0.0,0.0,0.0,0.0,0.0,0.0,1.219032197710663,0.435028255927046,1881.67481577655
2022,INDONESIA,REFINED PALM OIL,3,NDPE COMMITMENT,KALIMANTAN TIMUR,KUTAI TIMUR,AGRI EASTBORNEO KENCANA,ID-PALM-MILL-00401,KENCANA AGRI,KUTAI REFINERY NUSANTARA,ID-PALM-REFINERY-0039,ROYAL GOLDEN EAGLE,KUTAI REFINERY NUSANTARA,ROYAL GOLDEN EAGLE,BALIKPAPAN,AAA OILS & FATS,AAA OILS & FATS,SPAIN,EUROPEAN UNION,ID-64,ID-6404,ID,ES,0.0,0.0,0.0,0.0,0.0,0.0,0.0,0.9752495544718263,0.348031096776827,1187.10886814898
2022,INDONESIA,REFINED PALM OIL,3,NDPE COMMITMENT,KALIMANTAN TIMUR,KUTAI TIMUR,AGRI EASTBORNEO KENCANA,ID-PALM-MILL-00401,KENCANA AGRI,KUTAI REFINERY NUSANTARA,ID-PALM-REFINERY-0039,ROYAL GOLDEN EAGLE,KUTAI REFINERY NUSANTARA,ROYAL GOLDEN EAGLE,BALIKPAPAN,APICAL (MALAYSIA) SDN BHD,APICAL (MALAYSIA) SDN BHD,ITALY,EUROPEAN UNION,ID-64,ID-6404,ID,IT,0.0,0.0,0.0,0.0,0.0,0.0,0.0,0.9752558936509831,0.348033358999316,1025.46109138332
2022,INDONESIA,REFINED PALM OIL,3,NDPE COMMITMENT,KALIMANTAN TIMUR,KUTAI TIMUR,AGRI EASTBORNEO KENCANA,ID-PALM-MILL-00401,KENCANA AGRI,KUTAI REFINERY NUSANTARA,ID-PALM-REFINERY-0039,ROYAL GOLDEN EAGLE,KUTAI REFINERY NUSANTARA,ROYAL GOLDEN EAGLE,BALIKPAPAN,APICAL (MALAYSIA) SDN BHD,APICAL (MALAYSIA) SDN BHD,SPAIN,EUROPEAN UNION,ID-64,ID-6404,ID,ES,0.0,0.0,0.0,0.0,0.0,0.0,0.0,0.24377337828468526,0.0869938528250432,333.007233661504
2022,INDONESIA,REFINED PALM OIL,3,NDPE COMMITMENT,KALIMANTAN TIMUR,KUTAI TIMUR,AGRI EASTBORNEO KENCANA,ID-PALM-MILL-00401,KENCANA AGRI,KUTAI REFINERY NUSANTARA,ID-PALM-REFINERY-0039,ROYAL GOLDEN EAGLE,KUTAI REFINERY NUSANTARA,ROYAL GOLDEN EAGLE,BALIKPAPAN,APICAL MIDDLE EAST FZCO,APICAL MIDDLE EAST FZCO,BELGIUM,EUROPEAN UNION,ID-64,ID-6404,ID,BE,0.0,0.0,0.0,0.0,0.0,0.0,0.0,1.8285891355086419,0.652556957823912,1441.84253334856
2022,INDONESIA,REFINED PALM OIL,3,NDPE COMMITMENT,KALIMANTAN TIMUR,KUTAI TIMUR,AGRI EASTBORNEO KENCANA,ID-PALM-MILL-00401,KENCANA AGRI,KUTAI REFINERY NUSANTARA,ID-PALM-REFINERY-0039,ROYAL GOLDEN EAGLE,KUTAI REFINERY NUSANTARA,ROYAL GOLDEN EAGLE,BALIKPAPAN,APICAL MIDDLE EAST FZCO,APICAL MIDDLE EAST FZCO,SPAIN,EUROPEAN UNION,ID-64,ID-6404,ID,ES,0.0,0.0,0.0,0.0,0.0,0.0,0.0,2.815947741242642,1.00490933459761,2145.33020332044
2022,INDONESIA,REFINED PALM OIL,3,NDPE COMMITMENT,KALIMANTAN TIMUR,KUTAI TIMUR,ANUGERAH ENERGITAMA (TEPIAN LANGSAT),ID-PALM-MILL-00733,PALMA SERASIH,LDC EAST INDONESIA,ID-PALM-REFINERY-0075,LOUIS DREYFUS,LDC EAST INDONESIA,LOUIS DREYFUS,BALIKPAPAN,LOUIS DREYFUS,LOUIS DREYFUS,GREECE,EUROPEAN UNION,ID-64,ID-6404,ID,GR,0.0,0.0,0.0,0.0,0.0,0.0,0.0,254.2463000332863,90.3455582808095,49301.5909537748
2022,INDONESIA,REFINED PALM OIL,3,NDPE COMMITMENT,KALIMANTAN TIMUR,KUTAI TIMUR,ANUGERAH ENERGITAMA (TEPIAN LANGSAT),ID-PALM-MILL-00733,PALMA SERASIH,LDC EAST INDONESIA,ID-PALM-REFINERY-0075,LOUIS DREYFUS,LDC EAST INDONESIA,LOUIS DREYFUS,BALIKPAPAN,LOUIS DREYFUS,LOUIS DREYFUS,ITALY,EUROPEAN UNION,ID-64,ID-6404,ID,IT,0.0,0.0,0.0,0.0,0.0,0.0,0.0,3481.2075882021027,1237.0352803810101,1851722.9778759931
2022,INDONESIA,REFINED PALM OIL,3,NDPE COMMITMENT,KALIMANTAN TIMUR,KUTAI TIMUR,ANUGERAH ENERGITAMA (TEPIAN LANGSAT),ID-PALM-MILL-00733,PALMA SERASIH,LDC EAST INDONESIA,ID-PALM-REFINERY-0075,LOUIS DREYFUS,LDC EAST INDONESIA,LOUIS DREYFUS,BALIKPAPAN,LOUIS DREYFUS,LOUIS DREYFUS,SPAIN,EUROPEAN UNION,ID-64,ID-6404,ID,ES,0.0,0.0,0.0,0.0,0.0,0.0,0.0,5720.393461594438,2032.7223672713455,2000356.902588855
2022,INDONESIA,REFINED PALM OIL,3,NDPE COMMITMENT,KALIMANTAN TIMUR,KUTAI TIMUR,BIMA AGRI SAWIT (POM 10),ID-PALM-MILL-00116,DHARMA SATYA NUSANTARA (DSN),KUTAI REFINERY NUSANTARA,ID-PALM-REFINERY-0039,ROYAL GOLDEN EAGLE,KUTAI REFINERY NUSANTARA,ROYAL GOLDEN EAGLE,BALIKPAPAN,AAA OILS & FATS,AAA OILS & FATS,NETHERLANDS,EUROPEAN UNION,ID-64,ID-6404,ID,NL,0.0,0.0,0.900341400009141,0.900341400009141,0.0,2.45794371040324,0.0,21.845415573784,7.47334312994539,33720.166212639
2022,INDONESIA,REFINED PALM OIL,3,NDPE COMMITMENT,KALIMANTAN TIMUR,KUTAI TIMUR,BIMA AGRI SAWIT (POM 10),ID-PALM-MILL-00116,DHARMA SATYA NUSANTARA (DSN),KUTAI REFINERY NUSANTARA,ID-PALM-REFINERY-0039,ROYAL GOLDEN EAGLE,KUTAI REFINERY NUSANTARA,ROYAL GOLDEN EAGLE,BALIKPAPAN,AAA OILS & FATS,AAA OILS & FATS,SPAIN,EUROPEAN UNION,ID-64,ID-6404,ID,ES,0.0,0.0,0.720290695258454,0.720290695258454,0.0,1.96640294898638,0.0,17.476758895782208,5.97882038848675,21273.3401174642
2022,INDONESIA,REFINED PALM OIL,3,NDPE COMMITMENT,KALIMANTAN TIMUR,KUTAI TIMUR,BIMA AGRI SAWIT (POM 10),ID-PALM-MILL-00116,DHARMA SATYA NUSANTARA (DSN),KUTAI REFINERY NUSANTARA,ID-PALM-REFINERY-0039,ROYAL GOLDEN EAGLE,KUTAI REFINERY NUSANTARA,ROYAL GOLDEN EAGLE,BALIKPAPAN,APICAL (MALAYSIA) SDN BHD,APICAL (MALAYSIA) SDN BHD,ITALY,EUROPEAN UNION,ID-64,ID-6404,ID,IT,0.0,0.0,0.720295377190111,0.720295377190111,0.0,1.96641573072058,0.0,17.47687249573747,5.97885925116904,18376.5644074741
2022,INDONESIA,REFINED PALM OIL,3,NDPE COMMITMENT,KALIMANTAN TIMUR,KUTAI TIMUR,BIMA AGRI SAWIT (POM 10),ID-PALM-MILL-00116,DHARMA SATYA NUSANTARA (DSN),KUTAI REFINERY NUSANTARA,ID-PALM-REFINERY-0039,ROYAL GOLDEN EAGLE,KUTAI REFINERY NUSANTARA,ROYAL GOLDEN EAGLE,BALIKPAPAN,APICAL (MALAYSIA) SDN BHD,APICAL (MALAYSIA) SDN BHD,SPAIN,EUROPEAN UNION,ID-64,ID-6404,ID,ES,0.0,0.0,0.180043861927496,0.180043861927496,0.0,0.491522080420723,0.0,4.368490647298032,1.49446594215375,5967.58758470332
2022,INDONESIA,REFINED PALM OIL,3,NDPE COMMITMENT,KALIMANTAN TIMUR,KUTAI TIMUR,BIMA AGRI SAWIT (POM 10),ID-PALM-MILL-00116,DHARMA SATYA NUSANTARA (DSN),KUTAI REFINERY NUSANTARA,ID-PALM-REFINERY-0039,ROYAL GOLDEN EAGLE,KUTAI REFINERY NUSANTARA,ROYAL GOLDEN EAGLE,BALIKPAPAN,APICAL MIDDLE EAST FZCO,APICAL MIDDLE EAST FZCO,BELGIUM,EUROPEAN UNION,ID-64,ID-6404,ID,BE,0.0,0.0,1.35054226245804,1.35054226245804,0.0,3.68699790946945,0.0,32.76885520654137,11.2102650602751,25838.2423303579
2022,INDONESIA,REFINED PALM OIL,3,NDPE COMMITMENT,KALIMANTAN TIMUR,KUTAI TIMUR,BIMA AGRI SAWIT (POM 10),ID-PALM-MILL-00116,DHARMA SATYA NUSANTARA (DSN),KUTAI REFINERY NUSANTARA,ID-PALM-REFINERY-0039,ROYAL GOLDEN EAGLE,KUTAI REFINERY NUSANTARA,ROYAL GOLDEN EAGLE,BALIKPAPAN,APICAL MIDDLE EAST FZCO,APICAL MIDDLE EAST FZCO,SPAIN,EUROPEAN UNION,ID-64,ID-6404,ID,ES,0.0,0.0,2.079776347552,2.079776347552,0.0,5.67781642881131,0.0,50.462611862943255,17.2633206455272,38444.9483143588
2022,INDONESIA,REFINED PALM OIL,3,NDPE COMMITMENT,KALIMANTAN TIMUR,KUTAI TIMUR,BIMA AGRI SAWIT (POM 10),ID-PALM-MILL-00116,DHARMA SATYA NUSANTARA (DSN),SMART TBK (TARJUN REFINERY & KERNEL CRUSHING PLANT),ID-PALM-REFINERY-0020,SINAR MAS,SINAR MAS AGRO RESOURCES AND TECHNOLOGY,SINAR MAS,TARJUN,CASA OLEARIA ITALIANA S P A,CASA OLEARIA ITALIANA S P A,ITALY,EUROPEAN UNION,ID-64,ID-6404,ID,IT,0.0,0.0,0.429198346712603,0.429198346712603,0.0,1.17171705844805,0.0,10.413845511738842,3.56258916423924,9893.1532361519
2022,INDONESIA,REFINED PALM OIL,3,NDPE COMMITMENT,KALIMANTAN TIMUR,KUTAI TIMUR,BIMA AGRI SAWIT (POM 10),ID-PALM-MILL-00116,DHARMA SATYA NUSANTARA (DSN),SMART TBK (TARJUN REFINERY & KERNEL CRUSHING PLANT),ID-PALM-REFINERY-0020,SINAR MAS,SINAR MAS AGRO RESOURCES AND TECHNOLOGY,SINAR MAS,TARJUN,GOLDEN AGRI INTERNATIONAL,GOLDEN AGRI INTERNATIONAL,ITALY,EUROPEAN UNION,ID-64,ID-6404,ID,IT,0.0,0.0,22.2988647040989,22.2988647040989,0.0,60.8761901296735,0.0,541.048058302861,185.093196136785,556732.546466128
2022,INDONESIA,REFINED PALM OIL,3,NDPE COMMITMENT,KALIMANTAN TIMUR,KUTAI TIMUR,BIMA AGRI SAWIT (POM 10),ID-PALM-MILL-00116,DHARMA SATYA NUSANTARA (DSN),SMART TBK (TARJUN REFINERY & KERNEL CRUSHING PLANT),ID-PALM-REFINERY-0020,SINAR MAS,SINAR MAS AGRO RESOURCES AND TECHNOLOGY,SINAR MAS,TARJUN,GOLDEN AGRI INTERNATIONAL,GOLDEN AGRI INTERNATIONAL,NETHERLANDS,EUROPEAN UNION,ID-64,ID-6404,ID,NL,0.0,0.0,2.14694549812393,2.14694549812393,0.0,5.86118908187349,0.0,52.092369206065364,17.8208626067942,65818.7084918636
2022,INDONESIA,REFINED PALM OIL,3,NDPE COMMITMENT,KALIMANTAN TIMUR,KUTAI TIMUR,BIMA AGRI SAWIT (POM 10),ID-PALM-MILL-00116,DHARMA SATYA NUSANTARA (DSN),SMART TBK (TARJUN REFINERY & KERNEL CRUSHING PLANT),ID-PALM-REFINERY-0020,SINAR MAS,SINAR MAS AGRO RESOURCES AND TECHNOLOGY,SINAR MAS,TARJUN,GOLDEN AGRI INTERNATIONAL,GOLDEN AGRI INTERNATIONAL,SPAIN,EUROPEAN UNION,ID-64,ID-6404,ID,ES,0.0,0.0,0.429389013738738,0.429389013738738,0.0,1.17223758190467,0.0,10.418471757318661,3.56417180845604,10046.0113919945
2022,INDONESIA,REFINED PALM OIL,3,NDPE COMMITMENT,KALIMANTAN TIMUR,KUTAI TIMUR,BIMA AGRI SAWIT (POM 10),ID-PALM-MILL-00116,DHARMA SATYA NUSANTARA (DSN),SMART TBK (TARJUN REFINERY & KERNEL CRUSHING PLANT),ID-PALM-REFINERY-0020,SINAR MAS,SINAR MAS AGRO RESOURCES AND TECHNOLOGY,SINAR MAS,TARJUN,ITAL BI OIL SRL,ITAL BI OIL SRL,ITALY,EUROPEAN UNION,ID-64,ID-6404,ID,IT,0.0,0.0,2.7911947788043,2.7911947788043,0.0,7.61999798187972,0.0,67.72409875824569,23.168496221883,64337.8938203334
2022,INDONESIA,REFINED PALM OIL,3,NDPE COMMITMENT,KALIMANTAN TIMUR,KUTAI TIMUR,BIMA PALMA NUGRAHA (POM 9),ID-PALM-MILL-00117,DHARMA SATYA NUSANTARA (DSN),KUTAI REFINERY NUSANTARA,ID-PALM-REFINERY-0039,ROYAL GOLDEN EAGLE,KUTAI REFINERY NUSANTARA,ROYAL GOLDEN EAGLE,BALIKPAPAN,AAA OILS & FATS,AAA OILS & FATS,NETHERLANDS,EUROPEAN UNION,ID-64,ID-6404,ID,NL,0.0,0.0,0.0,0.0,0.0,0.0,0.0,35.651002291573505,12.464743552305949,55030.206171115715
2022,INDONESIA,REFINED PALM OIL,3,NDPE COMMITMENT,KALIMANTAN TIMUR,KUTAI TIMUR,BIMA PALMA NUGRAHA (POM 9),ID-PALM-MILL-00117,DHARMA SATYA NUSANTARA (DSN),KUTAI REFINERY NUSANTARA,ID-PALM-REFINERY-0039,ROYAL GOLDEN EAGLE,KUTAI REFINERY NUSANTARA,ROYAL GOLDEN EAGLE,BALIKPAPAN,AAA OILS & FATS,AAA OILS & FATS,SPAIN,EUROPEAN UNION,ID-64,ID-6404,ID,ES,0.0,0.0,0.0,0.0,0.0,0.0,0.0,28.52149776406764,9.972038161765788,34717.393895096786
2022,INDONESIA,REFINED PALM OIL,3,NDPE COMMITMENT,KALIMANTAN TIMUR,KUTAI TIMUR,BIMA PALMA NUGRAHA (POM 9),ID-PALM-MILL-00117,DHARMA SATYA NUSANTARA (DSN),KUTAI REFINERY NUSANTARA,ID-PALM-REFINERY-0039,ROYAL GOLDEN EAGLE,KUTAI REFINERY NUSANTARA,ROYAL GOLDEN EAGLE,BALIKPAPAN,APICAL (MALAYSIA) SDN BHD,APICAL (MALAYSIA) SDN BHD,ITALY,EUROPEAN UNION,ID-64,ID-6404,ID,IT,0.0,0.0,0.0,0.0,0.0,0.0,0.0,28.521683155471635,9.972102980597214,29989.95087043916
2022,INDONESIA,REFINED PALM OIL,3,NDPE COMMITMENT,KALIMANTAN TIMUR,KUTAI TIMUR,BIMA PALMA NUGRAHA (POM 9),ID-PALM-MILL-00117,DHARMA SATYA NUSANTARA (DSN),KUTAI REFINERY NUSANTARA,ID-PALM-REFINERY-0039,ROYAL GOLDEN EAGLE,KUTAI REFINERY NUSANTARA,ROYAL GOLDEN EAGLE,BALIKPAPAN,APICAL (MALAYSIA) SDN BHD,APICAL (MALAYSIA) SDN BHD,SPAIN,EUROPEAN UNION,ID-64,ID-6404,ID,ES,0.0,0.0,0.0,0.0,0.0,0.0,0.0,7.1292335708385215,2.4926106553250067,9738.907366575295
2022,INDONESIA,REFINED PALM OIL,3,NDPE COMMITMENT,KALIMANTAN TIMUR,KUTAI TIMUR,BIMA PALMA NUGRAHA (POM 9),ID-PALM-MILL-00117,DHARMA SATYA NUSANTARA (DSN),KUTAI REFINERY NUSANTARA,ID-PALM-REFINERY-0039,ROYAL GOLDEN EAGLE,KUTAI REFINERY NUSANTARA,ROYAL GOLDEN EAGLE,BALIKPAPAN,APICAL MIDDLE EAST FZCO,APICAL MIDDLE EAST FZCO,BELGIUM,EUROPEAN UNION,ID-64,ID-6404,ID,BE,0.0,0.0,0.0,0.0,0.0,0.0,0.0,53.47769778582838,18.6975329113152,42167.16470412568
2022,INDONESIA,REFINED PALM OIL,3,NDPE COMMITMENT,KALIMANTAN TIMUR,KUTAI TIMUR,BIMA PALMA NUGRAHA (POM 9),ID-PALM-MILL-00117,DHARMA SATYA NUSANTARA (DSN),KUTAI REFINERY NUSANTARA,ID-PALM-REFINERY-0039,ROYAL GOLDEN EAGLE,KUTAI REFINERY NUSANTARA,ROYAL GOLDEN EAGLE,BALIKPAPAN,APICAL MIDDLE EAST FZCO,APICAL MIDDLE EAST FZCO,SPAIN,EUROPEAN UNION,ID-64,ID-6404,ID,ES,0.0,0.0,0.0,0.0,0.0,0.0,0.0,82.35332878370819,28.79338750625488,62740.89571907467
2022,INDONESIA,REFINED PALM OIL,3,NDPE COMMITMENT,KALIMANTAN TIMUR,KUTAI TIMUR,BIMA PALMA NUGRAHA (POM 9),ID-PALM-MILL-00117,DHARMA SATYA NUSANTARA (DSN),SMART TBK (TARJUN REFINERY & KERNEL CRUSHING PLANT),ID-PALM-REFINERY-0020,SINAR MAS,SINAR MAS AGRO RESOURCES AND TECHNOLOGY,SINAR MAS,TARJUN,CASA OLEARIA ITALIANA S P A,CASA OLEARIA ITALIANA S P A,ITALY,EUROPEAN UNION,ID-64,ID-6404,ID,IT,0.0,0.0,0.0,0.0,0.0,0.0,0.0,16.995049250491977,5.8648552276855,16145.296787967382
2022,INDONESIA,REFINED PALM OIL,3,NDPE COMMITMENT,KALIMANTAN TIMUR,KUTAI TIMUR,BIMA PALMA NUGRAHA (POM 9),ID-PALM-MILL-00117,DHARMA SATYA NUSANTARA (DSN),SMART TBK (TARJUN REFINERY & KERNEL CRUSHING PLANT),ID-PALM-REFINERY-0020,SINAR MAS,SINAR MAS AGRO RESOURCES AND TECHNOLOGY,SINAR MAS,TARJUN,GOLDEN AGRI INTERNATIONAL,GOLDEN AGRI INTERNATIONAL,ITALY,EUROPEAN UNION,ID-64,ID-6404,ID,IT,0.0,0.0,0.0,0.0,0.0,0.0,0.0,882.9724223751073,304.706703166446,908568.984999644
2022,INDONESIA,REFINED PALM OIL,3,NDPE COMMITMENT,KALIMANTAN TIMUR,KUTAI TIMUR,BIMA PALMA NUGRAHA (POM 9),ID-PALM-MILL-00117,DHARMA SATYA NUSANTARA (DSN),SMART TBK (TARJUN REFINERY & KERNEL CRUSHING PLANT),ID-PALM-REFINERY-0020,SINAR MAS,SINAR MAS AGRO RESOURCES AND TECHNOLOGY,SINAR MAS,TARJUN,GOLDEN AGRI INTERNATIONAL,GOLDEN AGRI INTERNATIONAL,NETHERLANDS,EUROPEAN UNION,ID-64,ID-6404,ID,NL,0.0,0.0,0.0,0.0,0.0,0.0,0.0,85.0130126507002,29.3373090196441,107413.9414841598
2022,INDONESIA,REFINED PALM OIL,3,NDPE COMMITMENT,KALIMANTAN TIMUR,KUTAI TIMUR,BIMA PALMA NUGRAHA (POM 9),ID-PALM-MILL-00117,DHARMA SATYA NUSANTARA (DSN),SMART TBK (TARJUN REFINERY & KERNEL CRUSHING PLANT),ID-PALM-REFINERY-0020,SINAR MAS,SINAR MAS AGRO RESOURCES AND TECHNOLOGY,SINAR MAS,TARJUN,GOLDEN AGRI INTERNATIONAL,GOLDEN AGRI INTERNATIONAL,SPAIN,EUROPEAN UNION,ID-64,ID-6404,ID,ES,0.0,0.0,0.0,0.0,0.0,0.0,0.0,17.002599129293735,5.86746063032401,16394.75621042149
2022,INDONESIA,REFINED PALM OIL,3,NDPE COMMITMENT,KALIMANTAN TIMUR,KUTAI TIMUR,BIMA PALMA NUGRAHA (POM 9),ID-PALM-MILL-00117,DHARMA SATYA NUSANTARA (DSN),SMART TBK (TARJUN REFINERY & KERNEL CRUSHING PLANT),ID-PALM-REFINERY-0020,SINAR MAS,SINAR MAS AGRO RESOURCES AND TECHNOLOGY,SINAR MAS,TARJUN,ITAL BI OIL SRL,ITAL BI OIL SRL,ITALY,EUROPEAN UNION,ID-64,ID-6404,ID,IT,0.0,0.0,0.0,0.0,0.0,0.0,0.0,110.52347497801357,38.1407650223789,104997.3012291129
2022,INDONESIA,REFINED PALM OIL,3,NDPE COMMITMENT,KALIMANTAN TIMUR,KUTAI TIMUR,BUMI MAS AGRO (BENUANG),ID-PALM-MILL-01422,MP EVANS,KUTAI REFINERY NUSANTARA,ID-PALM-REFINERY-0039,ROYAL GOLDEN EAGLE,KUTAI REFINERY NUSANTARA,ROYAL GOLDEN EAGLE,BALIKPAPAN,AAA OILS & FATS,AAA OILS & FATS,NETHERLANDS,EUROPEAN UNION,ID-64,ID-6404,ID,NL,1.54783177031569,0.0,0.0,0.0,0.0,0.0,0.0,36.12327372716202,12.849806696044466,55759.195338281555
2022,INDONESIA,REFINED PALM OIL,3,NDPE COMMITMENT,KALIMANTAN TIMUR,KUTAI TIMUR,BUMI MAS AGRO (BENUANG),ID-PALM-MILL-01422,MP EVANS,KUTAI REFINERY NUSANTARA,ID-PALM-REFINERY-0039,ROYAL GOLDEN EAGLE,KUTAI REFINERY NUSANTARA,ROYAL GOLDEN EAGLE,BALIKPAPAN,AAA OILS & FATS,AAA OILS & FATS,SPAIN,EUROPEAN UNION,ID-64,ID-6404,ID,ES,1.23829563093788,0.0,0.0,0.0,0.0,0.0,0.0,28.89932413158484,10.280096193440208,35177.2977519542
2022,INDONESIA,REFINED PALM OIL,3,NDPE COMMITMENT,KALIMANTAN TIMUR,KUTAI TIMUR,BUMI MAS AGRO (BENUANG),ID-PALM-MILL-01422,MP EVANS,KUTAI REFINERY NUSANTARA,ID-PALM-REFINERY-0039,ROYAL GOLDEN EAGLE,KUTAI REFINERY NUSANTARA,ROYAL GOLDEN EAGLE,BALIKPAPAN,APICAL (MALAYSIA) SDN BHD,APICAL (MALAYSIA) SDN BHD,ITALY,EUROPEAN UNION,ID-64,ID-6404,ID,IT,1.23830367993192,0.0,0.0,0.0,0.0,0.0,0.0,28.899511978882284,10.28016301466686,30387.229943688588
2022,INDONESIA,REFINED PALM OIL,3,NDPE COMMITMENT,KALIMANTAN TIMUR,KUTAI TIMUR,BUMI MAS AGRO (BENUANG),ID-PALM-MILL-01422,MP EVANS,KUTAI REFINERY NUSANTARA,ID-PALM-REFINERY-0039,ROYAL GOLDEN EAGLE,KUTAI REFINERY NUSANTARA,ROYAL GOLDEN EAGLE,BALIKPAPAN,APICAL (MALAYSIA) SDN BHD,APICAL (MALAYSIA) SDN BHD,SPAIN,EUROPEAN UNION,ID-64,ID-6404,ID,ES,0.309524375463442,0.0,0.0,0.0,0.0,0.0,0.0,7.22367504952709,2.569612840811448,9867.919384960056
2022,INDONESIA,REFINED PALM OIL,3,NDPE COMMITMENT,KALIMANTAN TIMUR,KUTAI TIMUR,BUMI MAS AGRO (BENUANG),ID-PALM-MILL-01422,MP EVANS,KUTAI REFINERY NUSANTARA,ID-PALM-REFINERY-0039,ROYAL GOLDEN EAGLE,KUTAI REFINERY NUSANTARA,ROYAL GOLDEN EAGLE,BALIKPAPAN,APICAL MIDDLE EAST FZCO,APICAL MIDDLE EAST FZCO,BELGIUM,EUROPEAN UNION,ID-64,ID-6404,ID,BE,2.32179950956977,0.0,0.0,0.0,0.0,0.0,0.0,54.18612076083262,19.27514052696915,42725.756219916475
2022,INDONESIA,REFINED PALM OIL,3,NDPE COMMITMENT,KALIMANTAN TIMUR,KUTAI TIMUR,BUMI MAS AGRO (BENUANG),ID-PALM-MILL-01422,MP EVANS,KUTAI REFINERY NUSANTARA,ID-PALM-REFINERY-0039,ROYAL GOLDEN EAGLE,KUTAI REFINERY NUSANTARA,ROYAL GOLDEN EAGLE,BALIKPAPAN,APICAL MIDDLE EAST FZCO,APICAL MIDDLE EAST FZCO,SPAIN,EUROPEAN UNION,ID-64,ID-6404,ID,ES,3.57547026701142,0.0,0.0,0.0,0.0,0.0,0.0,83.4442693550864,29.68287811354363,63572.02895479741
2022,INDONESIA,REFINED PALM OIL,3,NDPE COMMITMENT,KALIMANTAN TIMUR,KUTAI TIMUR,BUMI MAS AGRO (BENUANG),ID-PALM-MILL-01422,MP EVANS,SMART TBK (TARJUN REFINERY & KERNEL CRUSHING PLANT),ID-PALM-REFINERY-0020,SINAR MAS,SINAR MAS AGRO RESOURCES AND TECHNOLOGY,SINAR MAS,TARJUN,CASA OLEARIA ITALIANA S P A,CASA OLEARIA ITALIANA S P A,ITALY,EUROPEAN UNION,ID-64,ID-6404,ID,IT,0.0,0.0,0.0,0.0,0.0,0.0,0.0,17.22413030800621,6.14667648308615,16362.9237926059
2022,INDONESIA,REFINED PALM OIL,3,NDPE COMMITMENT,KALIMANTAN TIMUR,KUTAI TIMUR,BUMI MAS AGRO (BENUANG),ID-PALM-MILL-01422,MP EVANS,SMART TBK (TARJUN REFINERY & KERNEL CRUSHING PLANT),ID-PALM-REFINERY-0020,SINAR MAS,SINAR MAS AGRO RESOURCES AND TECHNOLOGY,SINAR MAS,TARJUN,GOLDEN AGRI INTERNATIONAL,GOLDEN AGRI INTERNATIONAL,ITALY,EUROPEAN UNION,ID-64,ID-6404,ID,IT,0.0,0.0,0.0,0.0,0.0,0.0,0.0,894.8742564499757,319.348637584535,920815.842354429
2022,INDONESIA,REFINED PALM OIL,3,NDPE COMMITMENT,KALIMANTAN TIMUR,KUTAI TIMUR,BUMI MAS AGRO (BENUANG),ID-PALM-MILL-01422,MP EVANS,SMART TBK (TARJUN REFINERY & KERNEL CRUSHING PLANT),ID-PALM-REFINERY-0020,SINAR MAS,SINAR MAS AGRO RESOURCES AND TECHNOLOGY,SINAR MAS,TARJUN,GOLDEN AGRI INTERNATIONAL,GOLDEN AGRI INTERNATIONAL,NETHERLANDS,EUROPEAN UNION,ID-64,ID-6404,ID,NL,0.0,0.0,0.0,0.0,0.0,0.0,0.0,86.15892700219452,30.7470415598376,108861.804267273
2022,INDONESIA,REFINED PALM OIL,3,NDPE COMMITMENT,KALIMANTAN TIMUR,KUTAI TIMUR,BUMI MAS AGRO (BENUANG),ID-PALM-MILL-01422,MP EVANS,SMART TBK (TARJUN REFINERY & KERNEL CRUSHING PLANT),ID-PALM-REFINERY-0020,SINAR MAS,SINAR MAS AGRO RESOURCES AND TECHNOLOGY,SINAR MAS,TARJUN,GOLDEN AGRI INTERNATIONAL,GOLDEN AGRI INTERNATIONAL,SPAIN,EUROPEAN UNION,ID-64,ID-6404,ID,ES,0.0,0.0,0.0,0.0,0.0,0.0,0.0,17.23178195375158,6.14940708196803,16615.745748905
2022,INDONESIA,REFINED PALM OIL,3,NDPE COMMITMENT,KALIMANTAN TIMUR,KUTAI TIMUR,BUMI MAS AGRO (BENUANG),ID-PALM-MILL-01422,MP EVANS,SMART TBK (TARJUN REFINERY & KERNEL CRUSHING PLANT),ID-PALM-REFINERY-0020,SINAR MAS,SINAR MAS AGRO RESOURCES AND TECHNOLOGY,SINAR MAS,TARJUN,ITAL BI OIL SRL,ITAL BI OIL SRL,ITALY,EUROPEAN UNION,ID-64,ID-6404,ID,IT,0.0,0.0,0.0,0.0,0.0,0.0,0.0,112.01325203925789,39.9735260818176,106412.589437295
2022,INDONESIA,REFINED PALM OIL,3,NDPE COMMITMENT,KALIMANTAN TIMUR,KUTAI TIMUR,DEWATA SAWIT NUSANTARA (POM 6),ID-PALM-MILL-01143,DHARMA SATYA NUSANTARA (DSN),KUTAI REFINERY NUSANTARA,ID-PALM-REFINERY-0039,ROYAL GOLDEN EAGLE,KUTAI REFINERY NUSANTARA,ROYAL GOLDEN EAGLE,BALIKPAPAN,AAA OILS & FATS,AAA OILS & FATS,NETHERLANDS,EUROPEAN UNION,ID-64,ID-6404,ID,NL,0.0,0.0,0.0,0.0,0.0,0.0,0.0,38.464498809029884,13.663400840099147,59373.06565515132
2022,INDONESIA,REFINED PALM OIL,3,NDPE COMMITMENT,KALIMANTAN TIMUR,KUTAI TIMUR,DEWATA SAWIT NUSANTARA (POM 6),ID-PALM-MILL-01143,DHARMA SATYA NUSANTARA (DSN),KUTAI REFINERY NUSANTARA,ID-PALM-REFINERY-0039,ROYAL GOLDEN EAGLE,KUTAI REFINERY NUSANTARA,ROYAL GOLDEN EAGLE,BALIKPAPAN,AAA OILS & FATS,AAA OILS & FATS,SPAIN,EUROPEAN UNION,ID-64,ID-6404,ID,ES,0.0,0.0,0.0,0.0,0.0,0.0,0.0,30.772349899319106,10.93098739057212,37457.21214817582
2022,INDONESIA,REFINED PALM OIL,3,NDPE COMMITMENT,KALIMANTAN TIMUR,KUTAI TIMUR,DEWATA SAWIT NUSANTARA (POM 6),ID-PALM-MILL-01143,DHARMA SATYA NUSANTARA (DSN),KUTAI REFINERY NUSANTARA,ID-PALM-REFINERY-0039,ROYAL GOLDEN EAGLE,KUTAI REFINERY NUSANTARA,ROYAL GOLDEN EAGLE,BALIKPAPAN,APICAL (MALAYSIA) SDN BHD,APICAL (MALAYSIA) SDN BHD,ITALY,EUROPEAN UNION,ID-64,ID-6404,ID,IT,0.0,0.0,0.0,0.0,0.0,0.0,0.0,30.77254992139366,10.931058442629624,32356.690005641813
2022,INDONESIA,REFINED PALM OIL,3,NDPE COMMITMENT,KALIMANTAN TIMUR,KUTAI TIMUR,DEWATA SAWIT NUSANTARA (POM 6),ID-PALM-MILL-01143,DHARMA SATYA NUSANTARA (DSN),KUTAI REFINERY NUSANTARA,ID-PALM-REFINERY-0039,ROYAL GOLDEN EAGLE,KUTAI REFINERY NUSANTARA,ROYAL GOLDEN EAGLE,BALIKPAPAN,APICAL (MALAYSIA) SDN BHD,APICAL (MALAYSIA) SDN BHD,SPAIN,EUROPEAN UNION,ID-64,ID-6404,ID,ES,0.0,0.0,0.0,0.0,0.0,0.0,0.0,7.691856569755674,2.7323096042122144,10507.479922701335
2022,INDONESIA,REFINED PALM OIL,3,NDPE COMMITMENT,KALIMANTAN TIMUR,KUTAI TIMUR,DEWATA SAWIT NUSANTARA (POM 6),ID-PALM-MILL-01143,DHARMA SATYA NUSANTARA (DSN),KUTAI REFINERY NUSANTARA,ID-PALM-REFINERY-0039,ROYAL GOLDEN EAGLE,KUTAI REFINERY NUSANTARA,ROYAL GOLDEN EAGLE,BALIKPAPAN,APICAL MIDDLE EAST FZCO,APICAL MIDDLE EAST FZCO,BELGIUM,EUROPEAN UNION,ID-64,ID-6404,ID,BE,0.0,0.0,0.0,0.0,0.0,0.0,0.0,57.698036817294366,20.49555899936537,45494.90203043663
2022,INDONESIA,REFINED PALM OIL,3,NDPE COMMITMENT,KALIMANTAN TIMUR,KUTAI TIMUR,DEWATA SAWIT NUSANTARA (POM 6),ID-PALM-MILL-01143,DHARMA SATYA NUSANTARA (DSN),KUTAI REFINERY NUSANTARA,ID-PALM-REFINERY-0039,ROYAL GOLDEN EAGLE,KUTAI REFINERY NUSANTARA,ROYAL GOLDEN EAGLE,BALIKPAPAN,APICAL MIDDLE EAST FZCO,APICAL MIDDLE EAST FZCO,SPAIN,EUROPEAN UNION,ID-64,ID-6404,ID,ES,0.0,0.0,0.0,0.0,0.0,0.0,0.0,88.85246734477661,31.56226948363355,67692.26539345359
2022,INDONESIA,REFINED PALM OIL,3,NDPE COMMITMENT,KALIMANTAN TIMUR,KUTAI TIMUR,DEWATA SAWIT NUSANTARA (POM 6),ID-PALM-MILL-01143,DHARMA SATYA NUSANTARA (DSN),SMART TBK (SURABAYA REFINERY),ID-PALM-REFINERY-0019,SINAR MAS,SINAR MAS AGRO RESOURCES AND TECHNOLOGY,SINAR MAS,TANJUNG PERAK,WINKER VAN SINKER GMBH,WINKER VAN SINKER GMBH,BULGARIA,EUROPEAN UNION,ID-64,ID-6404,ID,BG,0.0,0.0,0.0,0.0,0.0,0.0,0.0,0.945670266125476,0.3359220140313459,1441.9107382748164
2022,INDONESIA,REFINED PALM OIL,3,NDPE COMMITMENT,KALIMANTAN TIMUR,KUTAI TIMUR,DHARMA AGROTAMA NUSANTARA (POM 2),ID-PALM-MILL-00199,DHARMA SATYA NUSANTARA (DSN),KUTAI REFINERY NUSANTARA,ID-PALM-REFINERY-0039,ROYAL GOLDEN EAGLE,KUTAI REFINERY NUSANTARA,ROYAL GOLDEN EAGLE,BALIKPAPAN,AAA OILS & FATS,AAA OILS & FATS,NETHERLANDS,EUROPEAN UNION,ID-64,ID-6404,ID,NL,0.0,0.0,0.0,0.0,0.0,0.0,0.0,41.88605314909448,14.937463393504007,64654.51157971482
2022,INDONESIA,REFINED PALM OIL,3,NDPE COMMITMENT,KALIMANTAN TIMUR,KUTAI TIMUR,DHARMA AGROTAMA NUSANTARA (POM 2),ID-PALM-MILL-00199,DHARMA SATYA NUSANTARA (DSN),KUTAI REFINERY NUSANTARA,ID-PALM-REFINERY-0039,ROYAL GOLDEN EAGLE,KUTAI REFINERY NUSANTARA,ROYAL GOLDEN EAGLE,BALIKPAPAN,AAA OILS & FATS,AAA OILS & FATS,SPAIN,EUROPEAN UNION,ID-64,ID-6404,ID,ES,0.0,0.0,0.0,0.0,0.0,0.0,0.0,33.50966016234243,11.950262303827728,40789.164747600495
2022,INDONESIA,REFINED PALM OIL,3,NDPE COMMITMENT,KALIMANTAN TIMUR,KUTAI TIMUR,DHARMA AGROTAMA NUSANTARA (POM 2),ID-PALM-MILL-00199,DHARMA SATYA NUSANTARA (DSN),KUTAI REFINERY NUSANTARA,ID-PALM-REFINERY-0039,ROYAL GOLDEN EAGLE,KUTAI REFINERY NUSANTARA,ROYAL GOLDEN EAGLE,BALIKPAPAN,APICAL (MALAYSIA) SDN BHD,APICAL (MALAYSIA) SDN BHD,ITALY,EUROPEAN UNION,ID-64,ID-6404,ID,IT,0.0,0.0,0.0,0.0,0.0,0.0,0.0,33.5098779770937,11.950339981231807,35234.93297115101
2022,INDONESIA,REFINED PALM OIL,3,NDPE COMMITMENT,KALIMANTAN TIMUR,KUTAI TIMUR,DHARMA AGROTAMA NUSANTARA (POM 2),ID-PALM-MILL-00199,DHARMA SATYA NUSANTARA (DSN),KUTAI REFINERY NUSANTARA,ID-PALM-REFINERY-0039,ROYAL GOLDEN EAGLE,KUTAI REFINERY NUSANTARA,ROYAL GOLDEN EAGLE,BALIKPAPAN,APICAL (MALAYSIA) SDN BHD,APICAL (MALAYSIA) SDN BHD,SPAIN,EUROPEAN UNION,ID-64,ID-6404,ID,ES,0.0,0.0,0.0,0.0,0.0,0.0,0.0,8.376074642115515,2.987087561162647,11442.157733301588
2022,INDONESIA,REFINED PALM OIL,3,NDPE COMMITMENT,KALIMANTAN TIMUR,KUTAI TIMUR,DHARMA AGROTAMA NUSANTARA (POM 2),ID-PALM-MILL-00199,DHARMA SATYA NUSANTARA (DSN),KUTAI REFINERY NUSANTARA,ID-PALM-REFINERY-0039,ROYAL GOLDEN EAGLE,KUTAI REFINERY NUSANTARA,ROYAL GOLDEN EAGLE,BALIKPAPAN,APICAL MIDDLE EAST FZCO,APICAL MIDDLE EAST FZCO,BELGIUM,EUROPEAN UNION,ID-64,ID-6404,ID,BE,0.0,0.0,0.0,0.0,0.0,0.0,0.0,62.830482953290065,22.40669551199376,49541.835808669275
2022,INDONESIA,REFINED PALM OIL,3,NDPE COMMITMENT,KALIMANTAN TIMUR,KUTAI TIMUR,DHARMA AGROTAMA NUSANTARA (POM 2),ID-PALM-MILL-00199,DHARMA SATYA NUSANTARA (DSN),KUTAI REFINERY NUSANTARA,ID-PALM-REFINERY-0039,ROYAL GOLDEN EAGLE,KUTAI REFINERY NUSANTARA,ROYAL GOLDEN EAGLE,BALIKPAPAN,APICAL MIDDLE EAST FZCO,APICAL MIDDLE EAST FZCO,SPAIN,EUROPEAN UNION,ID-64,ID-6404,ID,ES,0.0,0.0,0.0,0.0,0.0,0.0,0.0,96.75621117823573,34.505336595560465,73713.73380243237
2022,INDONESIA,REFINED PALM OIL,3,NDPE COMMITMENT,KALIMANTAN TIMUR,KUTAI TIMUR,DHARMA AGROTAMA NUSANTARA (POM 2),ID-PALM-MILL-00199,DHARMA SATYA NUSANTARA (DSN),SMART TBK (SURABAYA REFINERY),ID-PALM-REFINERY-0019,SINAR MAS,SINAR MAS AGRO RESOURCES AND TECHNOLOGY,SINAR MAS,TANJUNG PERAK,WINKER VAN SINKER GMBH,WINKER VAN SINKER GMBH,BULGARIA,EUROPEAN UNION,ID-64,ID-6404,ID,BG,0.0,0.0,0.0,0.0,0.0,0.0,0.0,1.0297910087197375,0.36749515132260596,1570.1738405454196
2022,INDONESIA,REFINED PALM OIL,3,NDPE COMMITMENT,KALIMANTAN TIMUR,KUTAI TIMUR,DHARMA INTISAWIT NUGRAHA (POM 11),ID-PALM-MILL-01449,DHARMA SATYA NUSANTARA (DSN),KUTAI REFINERY NUSANTARA,ID-PALM-REFINERY-0039,ROYAL GOLDEN EAGLE,KUTAI REFINERY NUSANTARA,ROYAL GOLDEN EAGLE,BALIKPAPAN,AAA OILS & FATS,AAA OILS & FATS,NETHERLANDS,EUROPEAN UNION,ID-64,ID-6404,ID,NL,0.0,0.0,0.0,0.0,0.0,0.0,0.0,22.461144442188843,8.01557019182555,34670.5935329344
2022,INDONESIA,REFINED PALM OIL,3,NDPE COMMITMENT,KALIMANTAN TIMUR,KUTAI TIMUR,DHARMA INTISAWIT NUGRAHA (POM 11),ID-PALM-MILL-01449,DHARMA SATYA NUSANTARA (DSN),KUTAI REFINERY NUSANTARA,ID-PALM-REFINERY-0039,ROYAL GOLDEN EAGLE,KUTAI REFINERY NUSANTARA,ROYAL GOLDEN EAGLE,BALIKPAPAN,AAA OILS & FATS,AAA OILS & FATS,SPAIN,EUROPEAN UNION,ID-64,ID-6404,ID,ES,0.0,0.0,0.0,0.0,0.0,0.0,0.0,17.969354009935053,6.41261262261666,21872.9446245736
2022,INDONESIA,REFINED PALM OIL,3,NDPE COMMITMENT,KALIMANTAN TIMUR,KUTAI TIMUR,DHARMA INTISAWIT NUGRAHA (POM 11),ID-PALM-MILL-01449,DHARMA SATYA NUSANTARA (DSN),KUTAI REFINERY NUSANTARA,ID-PALM-REFINERY-0039,ROYAL GOLDEN EAGLE,KUTAI REFINERY NUSANTARA,ROYAL GOLDEN EAGLE,BALIKPAPAN,APICAL (MALAYSIA) SDN BHD,APICAL (MALAYSIA) SDN BHD,ITALY,EUROPEAN UNION,ID-64,ID-6404,ID,IT,0.0,0.0,0.0,0.0,0.0,0.0,0.0,17.96947081178726,6.41265430497385,18894.5211920253
2022,INDONESIA,REFINED PALM OIL,3,NDPE COMMITMENT,KALIMANTAN TIMUR,KUTAI TIMUR,DHARMA INTISAWIT NUGRAHA (POM 11),ID-PALM-MILL-01449,DHARMA SATYA NUSANTARA (DSN),KUTAI REFINERY NUSANTARA,ID-PALM-REFINERY-0039,ROYAL GOLDEN EAGLE,KUTAI REFINERY NUSANTARA,ROYAL GOLDEN EAGLE,BALIKPAPAN,APICAL (MALAYSIA) SDN BHD,APICAL (MALAYSIA) SDN BHD,SPAIN,EUROPEAN UNION,ID-64,ID-6404,ID,ES,0.0,0.0,0.0,0.0,0.0,0.0,0.0,4.491619721854336,1.6028966488407,6135.78836523897
2022,INDONESIA,REFINED PALM OIL,3,NDPE COMMITMENT,KALIMANTAN TIMUR,KUTAI TIMUR,DHARMA INTISAWIT NUGRAHA (POM 11),ID-PALM-MILL-01449,DHARMA SATYA NUSANTARA (DSN),KUTAI REFINERY NUSANTARA,ID-PALM-REFINERY-0039,ROYAL GOLDEN EAGLE,KUTAI REFINERY NUSANTARA,ROYAL GOLDEN EAGLE,BALIKPAPAN,APICAL MIDDLE EAST FZCO,APICAL MIDDLE EAST FZCO,BELGIUM,EUROPEAN UNION,ID-64,ID-6404,ID,BE,0.0,0.0,0.0,0.0,0.0,0.0,0.0,33.69246913675473,12.0236238183087,26566.5119143311
2022,INDONESIA,REFINED PALM OIL,3,NDPE COMMITMENT,KALIMANTAN TIMUR,KUTAI TIMUR,DHARMA INTISAWIT NUGRAHA (POM 11),ID-PALM-MILL-01449,DHARMA SATYA NUSANTARA (DSN),KUTAI REFINERY NUSANTARA,ID-PALM-REFINERY-0039,ROYAL GOLDEN EAGLE,KUTAI REFINERY NUSANTARA,ROYAL GOLDEN EAGLE,BALIKPAPAN,APICAL MIDDLE EAST FZCO,APICAL MIDDLE EAST FZCO,SPAIN,EUROPEAN UNION,ID-64,ID-6404,ID,ES,0.0,0.0,0.0,0.0,0.0,0.0,0.0,51.88493714644158,18.5158577589928,39528.5470420429
2022,INDONESIA,REFINED PALM OIL,3,NDPE COMMITMENT,KALIMANTAN TIMUR,KUTAI TIMUR,DHARMA INTISAWIT NUGRAHA (POM 3),ID-PALM-MILL-00200,DHARMA SATYA NUSANTARA (DSN),KUTAI REFINERY NUSANTARA,ID-PALM-REFINERY-0039,ROYAL GOLDEN EAGLE,KUTAI REFINERY NUSANTARA,ROYAL GOLDEN EAGLE,BALIKPAPAN,AAA OILS & FATS,AAA OILS & FATS,NETHERLANDS,EUROPEAN UNION,ID-64,ID-6404,ID,NL,0.0,0.0,0.0,0.0,0.0,0.0,0.0,32.611569167892675,11.608843352105957,50338.59525730397
2022,INDONESIA,REFINED PALM OIL,3,NDPE COMMITMENT,KALIMANTAN TIMUR,KUTAI TIMUR,DHARMA INTISAWIT NUGRAHA (POM 3),ID-PALM-MILL-00200,DHARMA SATYA NUSANTARA (DSN),KUTAI REFINERY NUSANTARA,ID-PALM-REFINERY-0039,ROYAL GOLDEN EAGLE,KUTAI REFINERY NUSANTARA,ROYAL GOLDEN EAGLE,BALIKPAPAN,AAA OILS & FATS,AAA OILS & FATS,SPAIN,EUROPEAN UNION,ID-64,ID-6404,ID,ES,0.0,0.0,0.0,0.0,0.0,0.0,0.0,26.08989193340682,9.28730129387585,31757.55573656138
2022,INDONESIA,REFINED PALM OIL,3,NDPE COMMITMENT,KALIMANTAN TIMUR,KUTAI TIMUR,DHARMA INTISAWIT NUGRAHA (POM 3),ID-PALM-MILL-00200,DHARMA SATYA NUSANTARA (DSN),KUTAI REFINERY NUSANTARA,ID-PALM-REFINERY-0039,ROYAL GOLDEN EAGLE,KUTAI REFINERY NUSANTARA,ROYAL GOLDEN EAGLE,BALIKPAPAN,APICAL (MALAYSIA) SDN BHD,APICAL (MALAYSIA) SDN BHD,ITALY,EUROPEAN UNION,ID-64,ID-6404,ID,IT,0.0,0.0,0.0,0.0,0.0,0.0,0.0,26.09006151923059,9.287361661877576,27433.15178502556
2022,INDONESIA,REFINED PALM OIL,3,NDPE COMMITMENT,KALIMANTAN TIMUR,KUTAI TIMUR,DHARMA INTISAWIT NUGRAHA (POM 3),ID-PALM-MILL-00200,DHARMA SATYA NUSANTARA (DSN),KUTAI REFINERY NUSANTARA,ID-PALM-REFINERY-0039,ROYAL GOLDEN EAGLE,KUTAI REFINERY NUSANTARA,ROYAL GOLDEN EAGLE,BALIKPAPAN,APICAL (MALAYSIA) SDN BHD,APICAL (MALAYSIA) SDN BHD,SPAIN,EUROPEAN UNION,ID-64,ID-6404,ID,ES,0.0,0.0,0.0,0.0,0.0,0.0,0.0,6.521429378281912,2.3214538280737513,8908.614927772698
2022,INDONESIA,REFINED PALM OIL,3,NDPE COMMITMENT,KALIMANTAN TIMUR,KUTAI TIMUR,DHARMA INTISAWIT NUGRAHA (POM 3),ID-PALM-MILL-00200,DHARMA SATYA NUSANTARA (DSN),KUTAI REFINERY NUSANTARA,ID-PALM-REFINERY-0039,ROYAL GOLDEN EAGLE,KUTAI REFINERY NUSANTARA,ROYAL GOLDEN EAGLE,BALIKPAPAN,APICAL MIDDLE EAST FZCO,APICAL MIDDLE EAST FZCO,BELGIUM,EUROPEAN UNION,ID-64,ID-6404,ID,BE,0.0,0.0,0.0,0.0,0.0,0.0,0.0,48.91844627589657,17.413653937400802,38572.19488854449
2022,INDONESIA,REFINED PALM OIL,3,NDPE COMMITMENT,KALIMANTAN TIMUR,KUTAI TIMUR,DHARMA INTISAWIT NUGRAHA (POM 3),ID-PALM-MILL-00200,DHARMA SATYA NUSANTARA (DSN),KUTAI REFINERY NUSANTARA,ID-PALM-REFINERY-0039,ROYAL GOLDEN EAGLE,KUTAI REFINERY NUSANTARA,ROYAL GOLDEN EAGLE,BALIKPAPAN,APICAL MIDDLE EAST FZCO,APICAL MIDDLE EAST FZCO,SPAIN,EUROPEAN UNION,ID-64,ID-6404,ID,ES,0.0,0.0,0.0,0.0,0.0,0.0,0.0,75.33227974549527,26.816269723797106,57391.90847045998
2022,INDONESIA,REFINED PALM OIL,3,NDPE COMMITMENT,KALIMANTAN TIMUR,KUTAI TIMUR,DHARMA INTISAWIT NUGRAHA (POM 3),ID-PALM-MILL-00200,DHARMA SATYA NUSANTARA (DSN),SMART TBK (SURABAYA REFINERY),ID-PALM-REFINERY-0019,SINAR MAS,SINAR MAS AGRO RESOURCES AND TECHNOLOGY,SINAR MAS,TANJUNG PERAK,WINKER VAN SINKER GMBH,WINKER VAN SINKER GMBH,BULGARIA,EUROPEAN UNION,ID-64,ID-6404,ID,BG,0.0,0.0,0.0,0.0,0.0,0.0,0.0,0.8017728619547375,0.28540961983411567,1222.5031712654861
2022,INDONESIA,REFINED PALM OIL,3,NDPE COMMITMENT,KALIMANTAN TIMUR,KUTAI TIMUR,DINAMIKA PRIMA ARTHA,ID-PALM-MILL-01400,MINANGA,KUTAI REFINERY NUSANTARA,ID-PALM-REFINERY-0039,ROYAL GOLDEN EAGLE,KUTAI REFINERY NUSANTARA,ROYAL GOLDEN EAGLE,BALIKPAPAN,AAA OILS & FATS,AAA OILS & FATS,NETHERLANDS,EUROPEAN UNION,ID-64,ID-6404,ID,NL,0.0,0.0,0.0,0.0,0.0,0.0,0.0,28.14270469842028,9.93155536653927,43440.54142155054
2022,INDONESIA,REFINED PALM OIL,3,NDPE COMMITMENT,KALIMANTAN TIMUR,KUTAI TIMUR,DINAMIKA PRIMA ARTHA,ID-PALM-MILL-01400,MINANGA,KUTAI REFINERY NUSANTARA,ID-PALM-REFINERY-0039,ROYAL GOLDEN EAGLE,KUTAI REFINERY NUSANTARA,ROYAL GOLDEN EAGLE,BALIKPAPAN,AAA OILS & FATS,AAA OILS & FATS,SPAIN,EUROPEAN UNION,ID-64,ID-6404,ID,ES,0.0,0.0,0.0,0.0,0.0,0.0,0.0,22.514713122680757,7.94543816366745,27405.71937634924
2022,INDONESIA,REFINED PALM OIL,3,NDPE COMMITMENT,KALIMANTAN TIMUR,KUTAI TIMUR,DINAMIKA PRIMA ARTHA,ID-PALM-MILL-01400,MINANGA,KUTAI REFINERY NUSANTARA,ID-PALM-REFINERY-0039,ROYAL GOLDEN EAGLE,KUTAI REFINERY NUSANTARA,ROYAL GOLDEN EAGLE,BALIKPAPAN,APICAL (MALAYSIA) SDN BHD,APICAL (MALAYSIA) SDN BHD,ITALY,EUROPEAN UNION,ID-64,ID-6404,ID,IT,0.0,0.0,0.0,0.0,0.0,0.0,0.0,22.514859469633116,7.94548980948033,23673.90191064523
2022,INDONESIA,REFINED PALM OIL,3,NDPE COMMITMENT,KALIMANTAN TIMUR,KUTAI TIMUR,DINAMIKA PRIMA ARTHA,ID-PALM-MILL-01400,MINANGA,KUTAI REFINERY NUSANTARA,ID-PALM-REFINERY-0039,ROYAL GOLDEN EAGLE,KUTAI REFINERY NUSANTARA,ROYAL GOLDEN EAGLE,BALIKPAPAN,APICAL (MALAYSIA) SDN BHD,APICAL (MALAYSIA) SDN BHD,SPAIN,EUROPEAN UNION,ID-64,ID-6404,ID,ES,0.0,0.0,0.0,0.0,0.0,0.0,0.0,5.627777684039905,1.986041720529929,7687.83979370981
2022,INDONESIA,REFINED PALM OIL,3,NDPE COMMITMENT,KALIMANTAN TIMUR,KUTAI TIMUR,DINAMIKA PRIMA ARTHA,ID-PALM-MILL-01400,MINANGA,KUTAI REFINERY NUSANTARA,ID-PALM-REFINERY-0039,ROYAL GOLDEN EAGLE,KUTAI REFINERY NUSANTARA,ROYAL GOLDEN EAGLE,BALIKPAPAN,APICAL MIDDLE EAST FZCO,APICAL MIDDLE EAST FZCO,BELGIUM,EUROPEAN UNION,ID-64,ID-6404,ID,BE,0.0,0.0,0.0,0.0,0.0,0.0,0.0,42.21499985972775,14.897665768026531,33286.52738939537
2022,INDONESIA,REFINED PALM OIL,3,NDPE COMMITMENT,KALIMANTAN TIMUR,KUTAI TIMUR,DINAMIKA PRIMA ARTHA,ID-PALM-MILL-01400,MINANGA,KUTAI REFINERY NUSANTARA,ID-PALM-REFINERY-0039,ROYAL GOLDEN EAGLE,KUTAI REFINERY NUSANTARA,ROYAL GOLDEN EAGLE,BALIKPAPAN,APICAL MIDDLE EAST FZCO,APICAL MIDDLE EAST FZCO,SPAIN,EUROPEAN UNION,ID-64,ID-6404,ID,ES,0.0,0.0,0.0,0.0,0.0,0.0,0.0,65.00926380517541,22.9417573661745,49527.31724890776
2022,INDONESIA,REFINED PALM OIL,3,NDPE COMMITMENT,KALIMANTAN TIMUR,KUTAI TIMUR,DWIWIRA LESTARI JAYA,ID-PALM-MILL-00914,TRIPUTRA AGRO PERSADA,KUTAI REFINERY NUSANTARA,ID-PALM-REFINERY-0039,ROYAL GOLDEN EAGLE,KUTAI REFINERY NUSANTARA,ROYAL GOLDEN EAGLE,BALIKPAPAN,AAA OILS & FATS,AAA OILS & FATS,NETHERLANDS,EUROPEAN UNION,ID-64,ID-6404,ID,NL,0.464548972153385,0.0,0.0,0.0,0.0,0.0,0.0,17.04098651750347,4.4403283296193,26304.1412902735
2022,INDONESIA,REFINED PALM OIL,3,NDPE COMMITMENT,KALIMANTAN TIMUR,KUTAI TIMUR,DWIWIRA LESTARI JAYA,ID-PALM-MILL-00914,TRIPUTRA AGRO PERSADA,KUTAI REFINERY NUSANTARA,ID-PALM-REFINERY-0039,ROYAL GOLDEN EAGLE,KUTAI REFINERY NUSANTARA,ROYAL GOLDEN EAGLE,BALIKPAPAN,AAA OILS & FATS,AAA OILS & FATS,SPAIN,EUROPEAN UNION,ID-64,ID-6404,ID,ES,0.371648246021526,0.0,0.0,0.0,0.0,0.0,0.0,13.633121865170105,3.55234934179948,16594.7267471085
2022,INDONESIA,REFINED PALM OIL,3,NDPE COMMITMENT,KALIMANTAN TIMUR,KUTAI TIMUR,DWIWIRA LESTARI JAYA,ID-PALM-MILL-00914,TRIPUTRA AGRO PERSADA,KUTAI REFINERY NUSANTARA,ID-PALM-REFINERY-0039,ROYAL GOLDEN EAGLE,KUTAI REFINERY NUSANTARA,ROYAL GOLDEN EAGLE,BALIKPAPAN,APICAL (MALAYSIA) SDN BHD,APICAL (MALAYSIA) SDN BHD,ITALY,EUROPEAN UNION,ID-64,ID-6404,ID,IT,0.371650661756866,0.0,0.0,0.0,0.0,0.0,0.0,13.63321048125979,3.55237243227802,14335.0345177964
2022,INDONESIA,REFINED PALM OIL,3,NDPE COMMITMENT,KALIMANTAN TIMUR,KUTAI TIMUR,DWIWIRA LESTARI JAYA,ID-PALM-MILL-00914,TRIPUTRA AGRO PERSADA,KUTAI REFINERY NUSANTARA,ID-PALM-REFINERY-0039,ROYAL GOLDEN EAGLE,KUTAI REFINERY NUSANTARA,ROYAL GOLDEN EAGLE,BALIKPAPAN,APICAL (MALAYSIA) SDN BHD,APICAL (MALAYSIA) SDN BHD,SPAIN,EUROPEAN UNION,ID-64,ID-6404,ID,ES,0.092897195441746,0.0,0.0,0.0,0.0,0.0,0.0,3.4077351365099577,0.887945240197341,4655.1451140618
2022,INDONESIA,REFINED PALM OIL,3,NDPE COMMITMENT,KALIMANTAN TIMUR,KUTAI TIMUR,DWIWIRA LESTARI JAYA,ID-PALM-MILL-00914,TRIPUTRA AGRO PERSADA,KUTAI REFINERY NUSANTARA,ID-PALM-REFINERY-0039,ROYAL GOLDEN EAGLE,KUTAI REFINERY NUSANTARA,ROYAL GOLDEN EAGLE,BALIKPAPAN,APICAL MIDDLE EAST FZCO,APICAL MIDDLE EAST FZCO,BELGIUM,EUROPEAN UNION,ID-64,ID-6404,ID,BE,0.696839021140446,0.0,0.0,0.0,0.0,0.0,0.0,25.56205066837126,6.66064125039644,20155.6769520108
2022,INDONESIA,REFINED PALM OIL,3,NDPE COMMITMENT,KALIMANTAN TIMUR,KUTAI TIMUR,DWIWIRA LESTARI JAYA,ID-PALM-MILL-00914,TRIPUTRA AGRO PERSADA,KUTAI REFINERY NUSANTARA,ID-PALM-REFINERY-0039,ROYAL GOLDEN EAGLE,KUTAI REFINERY NUSANTARA,ROYAL GOLDEN EAGLE,BALIKPAPAN,APICAL MIDDLE EAST FZCO,APICAL MIDDLE EAST FZCO,SPAIN,EUROPEAN UNION,ID-64,ID-6404,ID,ES,1.07310178622731,0.0,0.0,0.0,0.0,0.0,0.0,39.36444630636379,10.2570978466763,29989.8092429662
2022,INDONESIA,REFINED PALM OIL,3,NDPE COMMITMENT,KALIMANTAN TIMUR,KUTAI TIMUR,DWIWIRA LESTARI JAYA,ID-PALM-MILL-00914,TRIPUTRA AGRO PERSADA,LDC EAST INDONESIA,ID-PALM-REFINERY-0075,LOUIS DREYFUS,LDC EAST INDONESIA,LOUIS DREYFUS,BALIKPAPAN,LOUIS DREYFUS,LOUIS DREYFUS,GREECE,EUROPEAN UNION,ID-64,ID-6404,ID,GR,1.46535547755435,0.0,0.0,0.0,0.0,0.0,0.0,53.75343490827589,14.006401542094,10423.4746380231
2022,INDONESIA,REFINED PALM OIL,3,NDPE COMMITMENT,KALIMANTAN TIMUR,KUTAI TIMUR,DWIWIRA LESTARI JAYA,ID-PALM-MILL-00914,TRIPUTRA AGRO PERSADA,LDC EAST INDONESIA,ID-PALM-REFINERY-0075,LOUIS DREYFUS,LDC EAST INDONESIA,LOUIS DREYFUS,BALIKPAPAN,LOUIS DREYFUS,LOUIS DREYFUS,ITALY,EUROPEAN UNION,ID-64,ID-6404,ID,IT,20.064034785197947,0.0,0.0,0.0,0.0,0.0,0.0,736.0062485476462,191.7793546075596,391496.2402457177
2022,INDONESIA,REFINED PALM OIL,3,NDPE COMMITMENT,KALIMANTAN TIMUR,KUTAI TIMUR,DWIWIRA LESTARI JAYA,ID-PALM-MILL-00914,TRIPUTRA AGRO PERSADA,LDC EAST INDONESIA,ID-PALM-REFINERY-0075,LOUIS DREYFUS,LDC EAST INDONESIA,LOUIS DREYFUS,BALIKPAPAN,LOUIS DREYFUS,LOUIS DREYFUS,SPAIN,EUROPEAN UNION,ID-64,ID-6404,ID,ES,32.96964357639054,0.0,0.0,0.0,0.0,0.0,0.0,1209.420933745296,315.1358654634173,422920.82340058876
2022,INDONESIA,REFINED PALM OIL,3,NDPE COMMITMENT,KALIMANTAN TIMUR,KUTAI TIMUR,ETAM BERSAMA LESTARI,ID-PALM-MILL-00913,TRIPUTRA AGRO PERSADA,KUTAI REFINERY NUSANTARA,ID-PALM-REFINERY-0039,ROYAL GOLDEN EAGLE,KUTAI REFINERY NUSANTARA,ROYAL GOLDEN EAGLE,BALIKPAPAN,AAA OILS & FATS,AAA OILS & FATS,NETHERLANDS,EUROPEAN UNION,ID-64,ID-6404,ID,NL,0.2223705341693135,0.0,4.06673442606855,4.06673442606855,0.0,10.6637006073522,0.0,38.4117443344841,13.465180742203085,59291.63485590041
2022,INDONESIA,REFINED PALM OIL,3,NDPE COMMITMENT,KALIMANTAN TIMUR,KUTAI TIMUR,ETAM BERSAMA LESTARI,ID-PALM-MILL-00913,TRIPUTRA AGRO PERSADA,KUTAI REFINERY NUSANTARA,ID-PALM-REFINERY-0039,ROYAL GOLDEN EAGLE,KUTAI REFINERY NUSANTARA,ROYAL GOLDEN EAGLE,BALIKPAPAN,AAA OILS & FATS,AAA OILS & FATS,SPAIN,EUROPEAN UNION,ID-64,ID-6404,ID,ES,0.1779007681532614,0.0,3.25346692616231,3.25346692616231,0.0,8.53116864827023,0.0,30.730145289880767,10.772407442869724,37405.83917813826
2022,INDONESIA,REFINED PALM OIL,3,NDPE COMMITMENT,KALIMANTAN TIMUR,KUTAI TIMUR,ETAM BERSAMA LESTARI,ID-PALM-MILL-00913,TRIPUTRA AGRO PERSADA,KUTAI REFINERY NUSANTARA,ID-PALM-REFINERY-0039,ROYAL GOLDEN EAGLE,KUTAI REFINERY NUSANTARA,ROYAL GOLDEN EAGLE,BALIKPAPAN,APICAL (MALAYSIA) SDN BHD,APICAL (MALAYSIA) SDN BHD,ITALY,EUROPEAN UNION,ID-64,ID-6404,ID,IT,0.17790192451866071,0.0,3.25348807388766,3.25348807388766,0.0,8.53122410136552,0.0,30.730345037622918,10.772477464148295,32312.31245667748
2022,INDONESIA,REFINED PALM OIL,3,NDPE COMMITMENT,KALIMANTAN TIMUR,KUTAI TIMUR,ETAM BERSAMA LESTARI,ID-PALM-MILL-00913,TRIPUTRA AGRO PERSADA,KUTAI REFINERY NUSANTARA,ID-PALM-REFINERY-0039,ROYAL GOLDEN EAGLE,KUTAI REFINERY NUSANTARA,ROYAL GOLDEN EAGLE,BALIKPAPAN,APICAL (MALAYSIA) SDN BHD,APICAL (MALAYSIA) SDN BHD,SPAIN,EUROPEAN UNION,ID-64,ID-6404,ID,ES,0.0444680759435443,0.0,0.813236591692272,0.813236591692272,0.0,2.13245091225038,0.0,7.6813071055956605,2.692670960541615,10493.068800776291
2022,INDONESIA,REFINED PALM OIL,3,NDPE COMMITMENT,KALIMANTAN TIMUR,KUTAI TIMUR,ETAM BERSAMA LESTARI,ID-PALM-MILL-00913,TRIPUTRA AGRO PERSADA,KUTAI REFINERY NUSANTARA,ID-PALM-REFINERY-0039,ROYAL GOLDEN EAGLE,KUTAI REFINERY NUSANTARA,ROYAL GOLDEN EAGLE,BALIKPAPAN,APICAL MIDDLE EAST FZCO,APICAL MIDDLE EAST FZCO,BELGIUM,EUROPEAN UNION,ID-64,ID-6404,ID,BE,0.333563250915684,0.0,6.10023787925652,6.10023787925652,0.0,15.9959081569306,0.0,57.618903338141784,20.19822221192619,45432.50528212487
2022,INDONESIA,REFINED PALM OIL,3,NDPE COMMITMENT,KALIMANTAN TIMUR,KUTAI TIMUR,ETAM BERSAMA LESTARI,ID-PALM-MILL-00913,TRIPUTRA AGRO PERSADA,KUTAI REFINERY NUSANTARA,ID-PALM-REFINERY-0039,ROYAL GOLDEN EAGLE,KUTAI REFINERY NUSANTARA,ROYAL GOLDEN EAGLE,BALIKPAPAN,APICAL MIDDLE EAST FZCO,APICAL MIDDLE EAST FZCO,SPAIN,EUROPEAN UNION,ID-64,ID-6404,ID,ES,0.51367289936145,0.0,9.39410102770679,9.39410102770679,0.0,24.6330028812646,0.0,88.7306052284876,31.10438376249549,67599.42472212778
2022,INDONESIA,REFINED PALM OIL,3,NDPE COMMITMENT,KALIMANTAN TIMUR,KUTAI TIMUR,ETAM BERSAMA LESTARI,ID-PALM-MILL-00913,TRIPUTRA AGRO PERSADA,LDC EAST INDONESIA,ID-PALM-REFINERY-0075,LOUIS DREYFUS,LDC EAST INDONESIA,LOUIS DREYFUS,BALIKPAPAN,LOUIS DREYFUS,LOUIS DREYFUS,GREECE,EUROPEAN UNION,ID-64,ID-6404,ID,GR,0.94083131991947,0.0,0.0,0.0,0.0,0.0,0.0,237.6071864170539,84.01433349473709,46075.05521566
2022,INDONESIA,REFINED PALM OIL,3,NDPE COMMITMENT,KALIMANTAN TIMUR,KUTAI TIMUR,ETAM BERSAMA LESTARI,ID-PALM-MILL-00913,TRIPUTRA AGRO PERSADA,LDC EAST INDONESIA,ID-PALM-REFINERY-0075,LOUIS DREYFUS,LDC EAST INDONESIA,LOUIS DREYFUS,BALIKPAPAN,LOUIS DREYFUS,LOUIS DREYFUS,ITALY,EUROPEAN UNION,ID-64,ID-6404,ID,IT,12.88211128222154,0.0,0.0,0.0,0.0,0.0,0.0,3253.3804435231086,1150.3464760011502,1730537.2260651225
2022,INDONESIA,REFINED PALM OIL,3,NDPE COMMITMENT,KALIMANTAN TIMUR,KUTAI TIMUR,ETAM BERSAMA LESTARI,ID-PALM-MILL-00913,TRIPUTRA AGRO PERSADA,LDC EAST INDONESIA,ID-PALM-REFINERY-0075,LOUIS DREYFUS,LDC EAST INDONESIA,LOUIS DREYFUS,BALIKPAPAN,LOUIS DREYFUS,LOUIS DREYFUS,SPAIN,EUROPEAN UNION,ID-64,ID-6404,ID,ES,21.16815595832072,0.0,0.0,0.0,0.0,0.0,0.0,5346.02310999223,1890.2735022715744,1869443.8243224965
2022,INDONESIA,REFINED PALM OIL,3,NDPE COMMITMENT,KALIMANTAN TIMUR,KUTAI TIMUR,ETAM BERSAMA LESTARI,ID-PALM-MILL-00913,TRIPUTRA AGRO PERSADA,SMART TBK (TARJUN REFINERY & KERNEL CRUSHING PLANT),ID-PALM-REFINERY-0020,SINAR MAS,SINAR MAS AGRO RESOURCES AND TECHNOLOGY,SINAR MAS,TARJUN,CASA OLEARIA ITALIANA S P A,CASA OLEARIA ITALIANA S P A,ITALY,EUROPEAN UNION,ID-64,ID-6404,ID,IT,0.0725683285671833,0.0,0.0,0.0,0.0,0.0,0.0,18.327149626898706,6.44833100760249,17410.79214555377
2022,INDONESIA,REFINED PALM OIL,3,NDPE COMMITMENT,KALIMANTAN TIMUR,KUTAI TIMUR,ETAM BERSAMA LESTARI,ID-PALM-MILL-00913,TRIPUTRA AGRO PERSADA,SMART TBK (TARJUN REFINERY & KERNEL CRUSHING PLANT),ID-PALM-REFINERY-0020,SINAR MAS,SINAR MAS AGRO RESOURCES AND TECHNOLOGY,SINAR MAS,TARJUN,GOLDEN AGRI INTERNATIONAL,GOLDEN AGRI INTERNATIONAL,ITALY,EUROPEAN UNION,ID-64,ID-6404,ID,IT,3.7702646175517,0.0,0.0,0.0,0.0,0.0,0.0,952.181277193141,335.021003242721,979784.1411942911
2022,INDONESIA,REFINED PALM OIL,3,NDPE COMMITMENT,KALIMANTAN TIMUR,KUTAI TIMUR,ETAM BERSAMA LESTARI,ID-PALM-MILL-00913,TRIPUTRA AGRO PERSADA,SMART TBK (TARJUN REFINERY & KERNEL CRUSHING PLANT),ID-PALM-REFINERY-0020,SINAR MAS,SINAR MAS AGRO RESOURCES AND TECHNOLOGY,SINAR MAS,TARJUN,GOLDEN AGRI INTERNATIONAL,GOLDEN AGRI INTERNATIONAL,NETHERLANDS,EUROPEAN UNION,ID-64,ID-6404,ID,NL,0.363002904174787,0.0,0.0,0.0,0.0,0.0,0.0,91.67647472617442,32.255984519100096,115833.22581652121
2022,INDONESIA,REFINED PALM OIL,3,NDPE COMMITMENT,KALIMANTAN TIMUR,KUTAI TIMUR,ETAM BERSAMA LESTARI,ID-PALM-MILL-00913,TRIPUTRA AGRO PERSADA,SMART TBK (TARJUN REFINERY & KERNEL CRUSHING PLANT),ID-PALM-REFINERY-0020,SINAR MAS,SINAR MAS AGRO RESOURCES AND TECHNOLOGY,SINAR MAS,TARJUN,GOLDEN AGRI INTERNATIONAL,GOLDEN AGRI INTERNATIONAL,SPAIN,EUROPEAN UNION,ID-64,ID-6404,ID,ES,0.0726005663134501,0.0,0.0,0.0,0.0,0.0,0.0,18.33529127782454,6.451195613457029,17679.804614642308
2022,INDONESIA,REFINED PALM OIL,3,NDPE COMMITMENT,KALIMANTAN TIMUR,KUTAI TIMUR,ETAM BERSAMA LESTARI,ID-PALM-MILL-00913,TRIPUTRA AGRO PERSADA,SMART TBK (TARJUN REFINERY & KERNEL CRUSHING PLANT),ID-PALM-REFINERY-0020,SINAR MAS,SINAR MAS AGRO RESOURCES AND TECHNOLOGY,SINAR MAS,TARJUN,ITAL BI OIL SRL,ITAL BI OIL SRL,ITALY,EUROPEAN UNION,ID-64,ID-6404,ID,IT,0.471931780154104,0.0,0.0,0.0,0.0,0.0,0.0,119.18648974484219,41.9352683398709,113227.1652576001
2022,INDONESIA,REFINED PALM OIL,3,NDPE COMMITMENT,KALIMANTAN TIMUR,KUTAI TIMUR,FAIRCO AGRO MANDIRI (KAUBUN),ID-PALM-MILL-01105,FAIRCO,KUTAI REFINERY NUSANTARA,ID-PALM-REFINERY-0039,ROYAL GOLDEN EAGLE,KUTAI REFINERY NUSANTARA,ROYAL GOLDEN EAGLE,BALIKPAPAN,AAA OILS & FATS,AAA OILS & FATS,NETHERLANDS,EUROPEAN UNION,ID-64,ID-6404,ID,NL,0.0,0.0,0.0,0.0,0.0,0.0,0.0,19.29734670018422,6.86450158811929,29787.01576975401
2022,INDONESIA,REFINED PALM OIL,3,NDPE COMMITMENT,KALIMANTAN TIMUR,KUTAI TIMUR,FAIRCO AGRO MANDIRI (KAUBUN),ID-PALM-MILL-01105,FAIRCO,KUTAI REFINERY NUSANTARA,ID-PALM-REFINERY-0039,ROYAL GOLDEN EAGLE,KUTAI REFINERY NUSANTARA,ROYAL GOLDEN EAGLE,BALIKPAPAN,AAA OILS & FATS,AAA OILS & FATS,SPAIN,EUROPEAN UNION,ID-64,ID-6404,ID,ES,0.0,0.0,0.0,0.0,0.0,0.0,0.0,15.438254056936643,5.49173527004201,18791.99863839144
2022,INDONESIA,REFINED PALM OIL,3,NDPE COMMITMENT,KALIMANTAN TIMUR,KUTAI TIMUR,FAIRCO AGRO MANDIRI (KAUBUN),ID-PALM-MILL-01105,FAIRCO,KUTAI REFINERY NUSANTARA,ID-PALM-REFINERY-0039,ROYAL GOLDEN EAGLE,KUTAI REFINERY NUSANTARA,ROYAL GOLDEN EAGLE,BALIKPAPAN,APICAL (MALAYSIA) SDN BHD,APICAL (MALAYSIA) SDN BHD,ITALY,EUROPEAN UNION,ID-64,ID-6404,ID,IT,0.0,0.0,0.0,0.0,0.0,0.0,0.0,15.438354406491126,5.491770966642539,16233.10544638295
2022,INDONESIA,REFINED PALM OIL,3,NDPE COMMITMENT,KALIMANTAN TIMUR,KUTAI TIMUR,FAIRCO AGRO MANDIRI (KAUBUN),ID-PALM-MILL-01105,FAIRCO,KUTAI REFINERY NUSANTARA,ID-PALM-REFINERY-0039,ROYAL GOLDEN EAGLE,KUTAI REFINERY NUSANTARA,ROYAL GOLDEN EAGLE,BALIKPAPAN,APICAL (MALAYSIA) SDN BHD,APICAL (MALAYSIA) SDN BHD,SPAIN,EUROPEAN UNION,ID-64,ID-6404,ID,ES,0.0,0.0,0.0,0.0,0.0,0.0,0.0,3.8589459785140594,1.372714146122657,5271.52281433057
2022,INDONESIA,REFINED PALM OIL,3,NDPE COMMITMENT,KALIMANTAN TIMUR,KUTAI TIMUR,FAIRCO AGRO MANDIRI (KAUBUN),ID-PALM-MILL-01105,FAIRCO,KUTAI REFINERY NUSANTARA,ID-PALM-REFINERY-0039,ROYAL GOLDEN EAGLE,KUTAI REFINERY NUSANTARA,ROYAL GOLDEN EAGLE,BALIKPAPAN,APICAL MIDDLE EAST FZCO,APICAL MIDDLE EAST FZCO,BELGIUM,EUROPEAN UNION,ID-64,ID-6404,ID,BE,0.0,0.0,0.0,0.0,0.0,0.0,0.0,28.946666532983365,10.296982350663079,22824.44656125739
2022,INDONESIA,REFINED PALM OIL,3,NDPE COMMITMENT,KALIMANTAN TIMUR,KUTAI TIMUR,FAIRCO AGRO MANDIRI (KAUBUN),ID-PALM-MILL-01105,FAIRCO,KUTAI REFINERY NUSANTARA,ID-PALM-REFINERY-0039,ROYAL GOLDEN EAGLE,KUTAI REFINERY NUSANTARA,ROYAL GOLDEN EAGLE,BALIKPAPAN,APICAL MIDDLE EAST FZCO,APICAL MIDDLE EAST FZCO,SPAIN,EUROPEAN UNION,ID-64,ID-6404,ID,ES,0.0,0.0,0.0,0.0,0.0,0.0,0.0,44.57660753703689,15.85690499243806,33960.69504775909
2022,INDONESIA,REFINED PALM OIL,3,NDPE COMMITMENT,KALIMANTAN TIMUR,KUTAI TIMUR,HAMPARAN PERKASA MANDIRI,ID-PALM-MILL-01019,TRIPUTRA AGRO PERSADA,KUTAI REFINERY NUSANTARA,ID-PALM-REFINERY-0039,ROYAL GOLDEN EAGLE,KUTAI REFINERY NUSANTARA,ROYAL GOLDEN EAGLE,BALIKPAPAN,AAA OILS & FATS,AAA OILS & FATS,NETHERLANDS,EUROPEAN UNION,ID-64,ID-6404,ID,NL,0.0,0.0,3.46091120327526,3.46091120327526,0.0,9.12105366352837,0.0,45.793010579246285,16.062778844693497,70685.2164425018
2022,INDONESIA,REFINED PALM OIL,3,NDPE COMMITMENT,KALIMANTAN TIMUR,KUTAI TIMUR,HAMPARAN PERKASA MANDIRI,ID-PALM-MILL-01019,TRIPUTRA AGRO PERSADA,KUTAI REFINERY NUSANTARA,ID-PALM-REFINERY-0039,ROYAL GOLDEN EAGLE,KUTAI REFINERY NUSANTARA,ROYAL GOLDEN EAGLE,BALIKPAPAN,AAA OILS & FATS,AAA OILS & FATS,SPAIN,EUROPEAN UNION,ID-64,ID-6404,ID,ES,0.0,0.0,2.76879652186338,2.76879652186338,0.0,7.29702097973704,0.0,36.635302372820114,12.850536631670618,44593.808973998865
2022,INDONESIA,REFINED PALM OIL,3,NDPE COMMITMENT,KALIMANTAN TIMUR,KUTAI TIMUR,HAMPARAN PERKASA MANDIRI,ID-PALM-MILL-01019,TRIPUTRA AGRO PERSADA,KUTAI REFINERY NUSANTARA,ID-PALM-REFINERY-0039,ROYAL GOLDEN EAGLE,KUTAI REFINERY NUSANTARA,ROYAL GOLDEN EAGLE,BALIKPAPAN,APICAL (MALAYSIA) SDN BHD,APICAL (MALAYSIA) SDN BHD,ITALY,EUROPEAN UNION,ID-64,ID-6404,ID,IT,0.0,0.0,2.76881451920274,2.76881451920274,0.0,7.29706841080029,0.0,36.63554050442879,12.850620160910491,38521.50147839454
2022,INDONESIA,REFINED PALM OIL,3,NDPE COMMITMENT,KALIMANTAN TIMUR,KUTAI TIMUR,HAMPARAN PERKASA MANDIRI,ID-PALM-MILL-01019,TRIPUTRA AGRO PERSADA,KUTAI REFINERY NUSANTARA,ID-PALM-REFINERY-0039,ROYAL GOLDEN EAGLE,KUTAI REFINERY NUSANTARA,ROYAL GOLDEN EAGLE,BALIKPAPAN,APICAL (MALAYSIA) SDN BHD,APICAL (MALAYSIA) SDN BHD,SPAIN,EUROPEAN UNION,ID-64,ID-6404,ID,ES,0.0,0.0,0.692088377608194,0.692088377608194,0.0,1.82396336146812,0.0,9.157360167921304,3.212120131826152,12509.43478167773
2022,INDONESIA,REFINED PALM OIL,3,NDPE COMMITMENT,KALIMANTAN TIMUR,KUTAI TIMUR,HAMPARAN PERKASA MANDIRI,ID-PALM-MILL-01019,TRIPUTRA AGRO PERSADA,KUTAI REFINERY NUSANTARA,ID-PALM-REFINERY-0039,ROYAL GOLDEN EAGLE,KUTAI REFINERY NUSANTARA,ROYAL GOLDEN EAGLE,BALIKPAPAN,APICAL MIDDLE EAST FZCO,APICAL MIDDLE EAST FZCO,BELGIUM,EUROPEAN UNION,ID-64,ID-6404,ID,BE,0.0,0.0,5.19148274931074,5.19148274931074,0.0,13.6818860607962,0.0,68.69104998596347,24.094706388104818,54162.892913932126
2022,INDONESIA,REFINED PALM OIL,3,NDPE COMMITMENT,KALIMANTAN TIMUR,KUTAI TIMUR,HAMPARAN PERKASA MANDIRI,ID-PALM-MILL-01019,TRIPUTRA AGRO PERSADA,KUTAI REFINERY NUSANTARA,ID-PALM-REFINERY-0039,ROYAL GOLDEN EAGLE,KUTAI REFINERY NUSANTARA,ROYAL GOLDEN EAGLE,BALIKPAPAN,APICAL MIDDLE EAST FZCO,APICAL MIDDLE EAST FZCO,SPAIN,EUROPEAN UNION,ID-64,ID-6404,ID,ES,0.0,0.0,7.99465765039412,7.99465765039412,0.0,21.069509492695,0.0,105.78122952576462,37.10479993124066,80589.4453658618
2022,INDONESIA,REFINED PALM OIL,3,NDPE COMMITMENT,KALIMANTAN TIMUR,KUTAI TIMUR,HAMPARAN PERKASA MANDIRI,ID-PALM-MILL-01019,TRIPUTRA AGRO PERSADA,LDC EAST INDONESIA,ID-PALM-REFINERY-0075,LOUIS DREYFUS,LDC EAST INDONESIA,LOUIS DREYFUS,BALIKPAPAN,LOUIS DREYFUS,LOUIS DREYFUS,GREECE,EUROPEAN UNION,ID-64,ID-6404,ID,GR,0.0,0.0,21.4093315711777,21.4093315711777,0.0,56.4231933995255,0.0,283.2772787509921,86.93447391143704,54931.06692861003
2022,INDONESIA,REFINED PALM OIL,3,NDPE COMMITMENT,KALIMANTAN TIMUR,KUTAI TIMUR,HAMPARAN PERKASA MANDIRI,ID-PALM-MILL-01019,TRIPUTRA AGRO PERSADA,LDC EAST INDONESIA,ID-PALM-REFINERY-0075,LOUIS DREYFUS,LDC EAST INDONESIA,LOUIS DREYFUS,BALIKPAPAN,LOUIS DREYFUS,LOUIS DREYFUS,ITALY,EUROPEAN UNION,ID-64,ID-6404,ID,IT,0.0,0.0,293.1422306407658,293.1422306407658,0.0,772.5612879609571,0.0,3878.7074274988236,1190.3298109637458,2063160.982498949
2022,INDONESIA,REFINED PALM OIL,3,NDPE COMMITMENT,KALIMANTAN TIMUR,KUTAI TIMUR,HAMPARAN PERKASA MANDIRI,ID-PALM-MILL-01019,TRIPUTRA AGRO PERSADA,LDC EAST INDONESIA,ID-PALM-REFINERY-0075,LOUIS DREYFUS,LDC EAST INDONESIA,LOUIS DREYFUS,BALIKPAPAN,LOUIS DREYFUS,LOUIS DREYFUS,SPAIN,EUROPEAN UNION,ID-64,ID-6404,ID,ES,0.0,0.0,481.6974733588605,481.6974733588605,0.0,1269.488942661772,0.0,6373.5735504244985,1955.9749584754259,2228766.5929531697
2022,INDONESIA,REFINED PALM OIL,3,NDPE COMMITMENT,KALIMANTAN TIMUR,KUTAI TIMUR,HAMPARAN PERKASA MANDIRI,ID-PALM-MILL-01019,TRIPUTRA AGRO PERSADA,SMART TBK (TARJUN REFINERY & KERNEL CRUSHING PLANT),ID-PALM-REFINERY-0020,SINAR MAS,SINAR MAS AGRO RESOURCES AND TECHNOLOGY,SINAR MAS,TARJUN,CASA OLEARIA ITALIANA S P A,CASA OLEARIA ITALIANA S P A,ITALY,EUROPEAN UNION,ID-64,ID-6404,ID,IT,0.0,0.0,1.6513474572615,1.6513474572615,0.0,4.3520413816336,0.0,21.849786700341696,6.31938396362407,20757.297365324608
2022,INDONESIA,REFINED PALM OIL,3,NDPE COMMITMENT,KALIMANTAN TIMUR,KUTAI TIMUR,HAMPARAN PERKASA MANDIRI,ID-PALM-MILL-01019,TRIPUTRA AGRO PERSADA,SMART TBK (TARJUN REFINERY & KERNEL CRUSHING PLANT),ID-PALM-REFINERY-0020,SINAR MAS,SINAR MAS AGRO RESOURCES AND TECHNOLOGY,SINAR MAS,TARJUN,GOLDEN AGRI INTERNATIONAL,GOLDEN AGRI INTERNATIONAL,ITALY,EUROPEAN UNION,ID-64,ID-6404,ID,IT,0.0,0.0,85.7952361908543,85.7952361908543,0.0,226.108937042738,0.0,1135.1987750563085,328.3216002517927,1168107.148863574
2022,INDONESIA,REFINED PALM OIL,3,NDPE COMMITMENT,KALIMANTAN TIMUR,KUTAI TIMUR,HAMPARAN PERKASA MANDIRI,ID-PALM-MILL-01019,TRIPUTRA AGRO PERSADA,SMART TBK (TARJUN REFINERY & KERNEL CRUSHING PLANT),ID-PALM-REFINERY-0020,SINAR MAS,SINAR MAS AGRO RESOURCES AND TECHNOLOGY,SINAR MAS,TARJUN,GOLDEN AGRI INTERNATIONAL,GOLDEN AGRI INTERNATIONAL,NETHERLANDS,EUROPEAN UNION,ID-64,ID-6404,ID,NL,0.0,0.0,8.2604069106072,8.2604069106072,0.0,21.769878014474,0.0,109.29748809745168,31.61096275308845,138097.3762111303
2022,INDONESIA,REFINED PALM OIL,3,NDPE COMMITMENT,KALIMANTAN TIMUR,KUTAI TIMUR,HAMPARAN PERKASA MANDIRI,ID-PALM-MILL-01019,TRIPUTRA AGRO PERSADA,SMART TBK (TARJUN REFINERY & KERNEL CRUSHING PLANT),ID-PALM-REFINERY-0020,SINAR MAS,SINAR MAS AGRO RESOURCES AND TECHNOLOGY,SINAR MAS,TARJUN,GOLDEN AGRI INTERNATIONAL,GOLDEN AGRI INTERNATIONAL,SPAIN,EUROPEAN UNION,ID-64,ID-6404,ID,ES,0.0,0.0,1.65208105167351,1.65208105167351,0.0,4.35397473201625,0.0,21.859493247171915,6.322191286058031,21078.01636358557
2022,INDONESIA,REFINED PALM OIL,3,NDPE COMMITMENT,KALIMANTAN TIMUR,KUTAI TIMUR,HAMPARAN PERKASA MANDIRI,ID-PALM-MILL-01019,TRIPUTRA AGRO PERSADA,SMART TBK (TARJUN REFINERY & KERNEL CRUSHING PLANT),ID-PALM-REFINERY-0020,SINAR MAS,SINAR MAS AGRO RESOURCES AND TECHNOLOGY,SINAR MAS,TARJUN,ITAL BI OIL SRL,ITAL BI OIL SRL,ITALY,EUROPEAN UNION,ID-64,ID-6404,ID,IT,0.0,0.0,10.7391662526288,10.7391662526288,0.0,28.3025209081013,0.0,142.0951665427062,41.096690282309524,134990.4082155709
2022,INDONESIA,REFINED PALM OIL,3,NDPE COMMITMENT,KALIMANTAN TIMUR,KUTAI TIMUR,HANUSENTRA AGRO LESTARI,ID-PALM-MILL-01319,DHARMA AGUNG WIJAYA (DAW),KUTAI REFINERY NUSANTARA,ID-PALM-REFINERY-0039,ROYAL GOLDEN EAGLE,KUTAI REFINERY NUSANTARA,ROYAL GOLDEN EAGLE,BALIKPAPAN,AAA OILS & FATS,AAA OILS & FATS,NETHERLANDS,EUROPEAN UNION,ID-64,ID-6404,ID,NL,0.323124168598866,0.0,0.0,0.0,0.0,0.0,0.0,15.740812851093683,5.520559024807,24297.218053288
2022,INDONESIA,REFINED PALM OIL,3,NDPE COMMITMENT,KALIMANTAN TIMUR,KUTAI TIMUR,HANUSENTRA AGRO LESTARI,ID-PALM-MILL-01319,DHARMA AGUNG WIJAYA (DAW),KUTAI REFINERY NUSANTARA,ID-PALM-REFINERY-0039,ROYAL GOLDEN EAGLE,KUTAI REFINERY NUSANTARA,ROYAL GOLDEN EAGLE,BALIKPAPAN,AAA OILS & FATS,AAA OILS & FATS,SPAIN,EUROPEAN UNION,ID-64,ID-6404,ID,ES,0.258505642473538,0.0,0.0,0.0,0.0,0.0,0.0,12.59295755180463,4.41655498475711,15328.6012974055
2022,INDONESIA,REFINED PALM OIL,3,NDPE COMMITMENT,KALIMANTAN TIMUR,KUTAI TIMUR,HANUSENTRA AGRO LESTARI,ID-PALM-MILL-01319,DHARMA AGUNG WIJAYA (DAW),KUTAI REFINERY NUSANTARA,ID-PALM-REFINERY-0039,ROYAL GOLDEN EAGLE,KUTAI REFINERY NUSANTARA,ROYAL GOLDEN EAGLE,BALIKPAPAN,APICAL (MALAYSIA) SDN BHD,APICAL (MALAYSIA) SDN BHD,ITALY,EUROPEAN UNION,ID-64,ID-6404,ID,IT,0.258507322775337,0.0,0.0,0.0,0.0,0.0,0.0,12.593039406765367,4.41658369262288,13241.3164770028
2022,INDONESIA,REFINED PALM OIL,3,NDPE COMMITMENT,KALIMANTAN TIMUR,KUTAI TIMUR,HANUSENTRA AGRO LESTARI,ID-PALM-MILL-01319,DHARMA AGUNG WIJAYA (DAW),KUTAI REFINERY NUSANTARA,ID-PALM-REFINERY-0039,ROYAL GOLDEN EAGLE,KUTAI REFINERY NUSANTARA,ROYAL GOLDEN EAGLE,BALIKPAPAN,APICAL (MALAYSIA) SDN BHD,APICAL (MALAYSIA) SDN BHD,SPAIN,EUROPEAN UNION,ID-64,ID-6404,ID,ES,0.0646160702996226,0.0,0.0,0.0,0.0,0.0,0.0,3.1477356651155786,1.10396208239991,4299.97218528784
2022,INDONESIA,REFINED PALM OIL,3,NDPE COMMITMENT,KALIMANTAN TIMUR,KUTAI TIMUR,HANUSENTRA AGRO LESTARI,ID-PALM-MILL-01319,DHARMA AGUNG WIJAYA (DAW),KUTAI REFINERY NUSANTARA,ID-PALM-REFINERY-0039,ROYAL GOLDEN EAGLE,KUTAI REFINERY NUSANTARA,ROYAL GOLDEN EAGLE,BALIKPAPAN,APICAL MIDDLE EAST FZCO,APICAL MIDDLE EAST FZCO,BELGIUM,EUROPEAN UNION,ID-64,ID-6404,ID,BE,0.484697077919503,0.0,0.0,0.0,0.0,0.0,0.0,23.611746611483998,8.28102348211499,18617.8622031551
2022,INDONESIA,REFINED PALM OIL,3,NDPE COMMITMENT,KALIMANTAN TIMUR,KUTAI TIMUR,HANUSENTRA AGRO LESTARI,ID-PALM-MILL-01319,DHARMA AGUNG WIJAYA (DAW),KUTAI REFINERY NUSANTARA,ID-PALM-REFINERY-0039,ROYAL GOLDEN EAGLE,KUTAI REFINERY NUSANTARA,ROYAL GOLDEN EAGLE,BALIKPAPAN,APICAL MIDDLE EAST FZCO,APICAL MIDDLE EAST FZCO,SPAIN,EUROPEAN UNION,ID-64,ID-6404,ID,ES,0.746412419963699,0.0,0.0,0.0,0.0,0.0,0.0,36.36106287971968,12.7524160112395,27701.6811349891
2022,INDONESIA,REFINED PALM OIL,3,NDPE COMMITMENT,KALIMANTAN TIMUR,KUTAI TIMUR,HANUSENTRA AGRO LESTARI,ID-PALM-MILL-01319,DHARMA AGUNG WIJAYA (DAW),SMART TBK (TARJUN REFINERY & KERNEL CRUSHING PLANT),ID-PALM-REFINERY-0020,SINAR MAS,SINAR MAS AGRO RESOURCES AND TECHNOLOGY,SINAR MAS,TARJUN,CASA OLEARIA ITALIANA S P A,CASA OLEARIA ITALIANA S P A,ITALY,EUROPEAN UNION,ID-64,ID-6404,ID,IT,0.2092809090217031,0.0,0.0,0.0,0.0,0.0,0.0,15.178056638650732,5.210256824179662,14419.153806718197
2022,INDONESIA,REFINED PALM OIL,3,NDPE COMMITMENT,KALIMANTAN TIMUR,KUTAI TIMUR,HANUSENTRA AGRO LESTARI,ID-PALM-MILL-01319,DHARMA AGUNG WIJAYA (DAW),SMART TBK (TARJUN REFINERY & KERNEL CRUSHING PLANT),ID-PALM-REFINERY-0020,SINAR MAS,SINAR MAS AGRO RESOURCES AND TECHNOLOGY,SINAR MAS,TARJUN,GOLDEN AGRI INTERNATIONAL,GOLDEN AGRI INTERNATIONAL,ITALY,EUROPEAN UNION,ID-64,ID-6404,ID,IT,10.873123606300108,0.0,0.0,0.0,0.0,0.0,0.0,788.5711444341982,270.6972496186894,811431.1003862969
2022,INDONESIA,REFINED PALM OIL,3,NDPE COMMITMENT,KALIMANTAN TIMUR,KUTAI TIMUR,HANUSENTRA AGRO LESTARI,ID-PALM-MILL-01319,DHARMA AGUNG WIJAYA (DAW),SMART TBK (TARJUN REFINERY & KERNEL CRUSHING PLANT),ID-PALM-REFINERY-0020,SINAR MAS,SINAR MAS AGRO RESOURCES AND TECHNOLOGY,SINAR MAS,TARJUN,GOLDEN AGRI INTERNATIONAL,GOLDEN AGRI INTERNATIONAL,NETHERLANDS,EUROPEAN UNION,ID-64,ID-6404,ID,NL,1.04686960914203,0.0,0.0,0.0,0.0,0.0,0.0,75.9240118705338,26.0628623535504,95929.98899841952
2022,INDONESIA,REFINED PALM OIL,3,NDPE COMMITMENT,KALIMANTAN TIMUR,KUTAI TIMUR,HANUSENTRA AGRO LESTARI,ID-PALM-MILL-01319,DHARMA AGUNG WIJAYA (DAW),SMART TBK (TARJUN REFINERY & KERNEL CRUSHING PLANT),ID-PALM-REFINERY-0020,SINAR MAS,SINAR MAS AGRO RESOURCES AND TECHNOLOGY,SINAR MAS,TARJUN,GOLDEN AGRI INTERNATIONAL,GOLDEN AGRI INTERNATIONAL,SPAIN,EUROPEAN UNION,ID-64,ID-6404,ID,ES,0.2093738799496094,0.0,0.0,0.0,0.0,0.0,0.0,15.184799336855324,5.212571428095715,14641.94276056275
2022,INDONESIA,REFINED PALM OIL,3,NDPE COMMITMENT,KALIMANTAN TIMUR,KUTAI TIMUR,HANUSENTRA AGRO LESTARI,ID-PALM-MILL-01319,DHARMA AGUNG WIJAYA (DAW),SMART TBK (TARJUN REFINERY & KERNEL CRUSHING PLANT),ID-PALM-REFINERY-0020,SINAR MAS,SINAR MAS AGRO RESOURCES AND TECHNOLOGY,SINAR MAS,TARJUN,ITAL BI OIL SRL,ITAL BI OIL SRL,ITALY,EUROPEAN UNION,ID-64,ID-6404,ID,IT,1.361011255143413,0.0,0.0,0.0,0.0,0.0,0.0,98.70707277110283,33.883731741440826,93771.71913254769
2022,INDONESIA,REFINED PALM OIL,3,NDPE COMMITMENT,KALIMANTAN TIMUR,KUTAI TIMUR,INDONESIA PLANTATION SYNERGY,ID-PALM-MILL-00342,KUALA LUMPUR KEPONG (KLK),KUTAI REFINERY NUSANTARA,ID-PALM-REFINERY-0039,ROYAL GOLDEN EAGLE,KUTAI REFINERY NUSANTARA,ROYAL GOLDEN EAGLE,BALIKPAPAN,AAA OILS & FATS,AAA OILS & FATS,NETHERLANDS,EUROPEAN UNION,ID-64,ID-6404,ID,NL,0.00995029065364623,0.0,1.57325498198082,1.57325498198082,0.0,4.11526296532005,0.0,6.97584627847641,2.2112239853485,10767.7830705282
2022,INDONESIA,REFINED PALM OIL,3,NDPE COMMITMENT,KALIMANTAN TIMUR,KUTAI TIMUR,INDONESIA PLANTATION SYNERGY,ID-PALM-MILL-00342,KUALA LUMPUR KEPONG (KLK),KUTAI REFINERY NUSANTARA,ID-PALM-REFINERY-0039,ROYAL GOLDEN EAGLE,KUTAI REFINERY NUSANTARA,ROYAL GOLDEN EAGLE,BALIKPAPAN,AAA OILS & FATS,AAA OILS & FATS,SPAIN,EUROPEAN UNION,ID-64,ID-6404,ID,ES,0.00796042675907803,0.0,1.25863469654765,1.25863469654765,0.0,3.29229070487223,0.0,5.580813195848663,1.76902235281269,6793.16673962776
2022,INDONESIA,REFINED PALM OIL,3,NDPE COMMITMENT,KALIMANTAN TIMUR,KUTAI TIMUR,INDONESIA PLANTATION SYNERGY,ID-PALM-MILL-00342,KUALA LUMPUR KEPONG (KLK),KUTAI REFINERY NUSANTARA,ID-PALM-REFINERY-0039,ROYAL GOLDEN EAGLE,KUTAI REFINERY NUSANTARA,ROYAL GOLDEN EAGLE,BALIKPAPAN,APICAL (MALAYSIA) SDN BHD,APICAL (MALAYSIA) SDN BHD,ITALY,EUROPEAN UNION,ID-64,ID-6404,ID,IT,0.00796047850231766,0.0,1.25864287774681,1.25864287774681,0.0,3.29231210495441,0.0,5.580849471460926,1.76903385156147,5868.14601901644
2022,INDONESIA,REFINED PALM OIL,3,NDPE COMMITMENT,KALIMANTAN TIMUR,KUTAI TIMUR,INDONESIA PLANTATION SYNERGY,ID-PALM-MILL-00342,KUALA LUMPUR KEPONG (KLK),KUTAI REFINERY NUSANTARA,ID-PALM-REFINERY-0039,ROYAL GOLDEN EAGLE,KUTAI REFINERY NUSANTARA,ROYAL GOLDEN EAGLE,BALIKPAPAN,APICAL (MALAYSIA) SDN BHD,APICAL (MALAYSIA) SDN BHD,SPAIN,EUROPEAN UNION,ID-64,ID-6404,ID,ES,0.00198978826983337,0.0,0.314608328295939,0.314608328295939,0.0,0.822940983404627,0.0,1.3949800644252208,0.442184826672207,1905.6160091636
2022,INDONESIA,REFINED PALM OIL,3,NDPE COMMITMENT,KALIMANTAN TIMUR,KUTAI TIMUR,INDONESIA PLANTATION SYNERGY,ID-PALM-MILL-00342,KUALA LUMPUR KEPONG (KLK),KUTAI REFINERY NUSANTARA,ID-PALM-REFINERY-0039,ROYAL GOLDEN EAGLE,KUTAI REFINERY NUSANTARA,ROYAL GOLDEN EAGLE,BALIKPAPAN,APICAL MIDDLE EAST FZCO,APICAL MIDDLE EAST FZCO,BELGIUM,EUROPEAN UNION,ID-64,ID-6404,ID,BE,0.01492576932634,0.0,2.35993517877351,2.35993517877351,0.0,6.17303231389413,0.0,10.464003116370483,3.31691005650049,8250.86645725813
2022,INDONESIA,REFINED PALM OIL,3,NDPE COMMITMENT,KALIMANTAN TIMUR,KUTAI TIMUR,INDONESIA PLANTATION SYNERGY,ID-PALM-MILL-00342,KUALA LUMPUR KEPONG (KLK),KUTAI REFINERY NUSANTARA,ID-PALM-REFINERY-0039,ROYAL GOLDEN EAGLE,KUTAI REFINERY NUSANTARA,ROYAL GOLDEN EAGLE,BALIKPAPAN,APICAL MIDDLE EAST FZCO,APICAL MIDDLE EAST FZCO,SPAIN,EUROPEAN UNION,ID-64,ID-6404,ID,ES,0.0229850356237213,0.0,3.63419753902114,3.63419753902114,0.0,9.50620129113518,0.0,16.11410970770263,5.10789723078468,12276.5368650977
2022,INDONESIA,REFINED PALM OIL,3,NDPE COMMITMENT,KALIMANTAN TIMUR,KUTAI TIMUR,JABONTARA EKA KARSA (JABON),ID-PALM-MILL-00419,KUALA LUMPUR KEPONG (KLK),KUTAI REFINERY NUSANTARA,ID-PALM-REFINERY-0039,ROYAL GOLDEN EAGLE,KUTAI REFINERY NUSANTARA,ROYAL GOLDEN EAGLE,BALIKPAPAN,AAA OILS & FATS,AAA OILS & FATS,NETHERLANDS,EUROPEAN UNION,ID-64,ID-6404,ID,NL,2.197726168118399,0.719849857073611,251.823073367289,251.764723925408,0.0583494418809537,398.22857863948,0.0,23.048354800626477,7.293116072939556,35577.00022597355
2022,INDONESIA,REFINED PALM OIL,3,NDPE COMMITMENT,KALIMANTAN TIMUR,KUTAI TIMUR,JABONTARA EKA KARSA (JABON),ID-PALM-MILL-00419,KUALA LUMPUR KEPONG (KLK),KUTAI REFINERY NUSANTARA,ID-PALM-REFINERY-0039,ROYAL GOLDEN EAGLE,KUTAI REFINERY NUSANTARA,ROYAL GOLDEN EAGLE,BALIKPAPAN,AAA OILS & FATS,AAA OILS & FATS,SPAIN,EUROPEAN UNION,ID-64,ID-6404,ID,ES,1.758223835542423,0.575893937597433,201.46337444441,201.416693751886,0.0466806925239118,318.59063659308,0.0,18.4391337594141,5.834635224732425,22444.77744841473
2022,INDONESIA,REFINED PALM OIL,3,NDPE COMMITMENT,KALIMANTAN TIMUR,KUTAI TIMUR,JABONTARA EKA KARSA (JABON),ID-PALM-MILL-00419,KUALA LUMPUR KEPONG (KLK),KUTAI REFINERY NUSANTARA,ID-PALM-REFINERY-0039,ROYAL GOLDEN EAGLE,KUTAI REFINERY NUSANTARA,ROYAL GOLDEN EAGLE,BALIKPAPAN,APICAL (MALAYSIA) SDN BHD,APICAL (MALAYSIA) SDN BHD,ITALY,EUROPEAN UNION,ID-64,ID-6404,ID,IT,1.758235264100211,0.575897680941718,201.464683968129,201.418002972178,0.046680995951144,318.592707450855,0.0,18.439253614862288,5.834673150202714,19388.48794381894
2022,INDONESIA,REFINED PALM OIL,3,NDPE COMMITMENT,KALIMANTAN TIMUR,KUTAI TIMUR,JABONTARA EKA KARSA (JABON),ID-PALM-MILL-00419,KUALA LUMPUR KEPONG (KLK),KUTAI REFINERY NUSANTARA,ID-PALM-REFINERY-0039,ROYAL GOLDEN EAGLE,KUTAI REFINERY NUSANTARA,ROYAL GOLDEN EAGLE,BALIKPAPAN,APICAL (MALAYSIA) SDN BHD,APICAL (MALAYSIA) SDN BHD,SPAIN,EUROPEAN UNION,ID-64,ID-6404,ID,ES,0.4394856292992174,0.143950448434531,50.3577850035972,50.3461166977107,0.0116683058864718,79.6349154081125,0.0,4.609045867865016,1.4584254186736296,6296.198645958311
2022,INDONESIA,REFINED PALM OIL,3,NDPE COMMITMENT,KALIMANTAN TIMUR,KUTAI TIMUR,JABONTARA EKA KARSA (JABON),ID-PALM-MILL-00419,KUALA LUMPUR KEPONG (KLK),KUTAI REFINERY NUSANTARA,ID-PALM-REFINERY-0039,ROYAL GOLDEN EAGLE,KUTAI REFINERY NUSANTARA,ROYAL GOLDEN EAGLE,BALIKPAPAN,APICAL MIDDLE EAST FZCO,APICAL MIDDLE EAST FZCO,BELGIUM,EUROPEAN UNION,ID-64,ID-6404,ID,BE,3.296662878463352,1.07979890138609,377.743046405666,377.655520288073,0.087526117593023,597.356209062197,0.0,34.57330434661511,10.939918436958317,27261.050477306067
2022,INDONESIA,REFINED PALM OIL,3,NDPE COMMITMENT,KALIMANTAN TIMUR,KUTAI TIMUR,JABONTARA EKA KARSA (JABON),ID-PALM-MILL-00419,KUALA LUMPUR KEPONG (KLK),KUTAI REFINERY NUSANTARA,ID-PALM-REFINERY-0039,ROYAL GOLDEN EAGLE,KUTAI REFINERY NUSANTARA,ROYAL GOLDEN EAGLE,BALIKPAPAN,APICAL MIDDLE EAST FZCO,APICAL MIDDLE EAST FZCO,SPAIN,EUROPEAN UNION,ID-64,ID-6404,ID,ES,5.076717457180515,1.66284334644079,581.707862986,581.573076571518,0.134786414481924,919.902582248505,0.0,53.24138506109228,16.846998603304307,40561.95708652295
2022,INDONESIA,REFINED PALM OIL,3,NDPE COMMITMENT,KALIMANTAN TIMUR,KUTAI TIMUR,JABONTARA EKA KARSA (JABON),ID-PALM-MILL-00419,KUALA LUMPUR KEPONG (KLK),LDC EAST INDONESIA,ID-PALM-REFINERY-0075,LOUIS DREYFUS,LDC EAST INDONESIA,LOUIS DREYFUS,BALIKPAPAN,LOUIS DREYFUS,LOUIS DREYFUS,GREECE,EUROPEAN UNION,ID-64,ID-6404,ID,GR,15.392771919150974,0.0,0.0,0.0,0.0,0.0,0.0,71.50763330607724,25.51848632311979,13866.23949637496
2022,INDONESIA,REFINED PALM OIL,3,NDPE COMMITMENT,KALIMANTAN TIMUR,KUTAI TIMUR,JABONTARA EKA KARSA (JABON),ID-PALM-MILL-00419,KUALA LUMPUR KEPONG (KLK),LDC EAST INDONESIA,ID-PALM-REFINERY-0075,LOUIS DREYFUS,LDC EAST INDONESIA,LOUIS DREYFUS,BALIKPAPAN,LOUIS DREYFUS,LOUIS DREYFUS,ITALY,EUROPEAN UNION,ID-64,ID-6404,ID,IT,210.76190450518743,0.0,0.0,0.0,0.0,0.0,0.0,979.1014289958187,349.40586437578844,520803.36142181256
2022,INDONESIA,REFINED PALM OIL,3,NDPE COMMITMENT,KALIMANTAN TIMUR,KUTAI TIMUR,JABONTARA EKA KARSA (JABON),ID-PALM-MILL-00419,KUALA LUMPUR KEPONG (KLK),LDC EAST INDONESIA,ID-PALM-REFINERY-0075,LOUIS DREYFUS,LDC EAST INDONESIA,LOUIS DREYFUS,BALIKPAPAN,LOUIS DREYFUS,LOUIS DREYFUS,SPAIN,EUROPEAN UNION,ID-64,ID-6404,ID,ES,346.32839034667506,0.0,0.0,0.0,0.0,0.0,0.0,1608.8800425596119,574.1510586130469,562607.1563396509
2022,INDONESIA,REFINED PALM OIL,3,NDPE COMMITMENT,KALIMANTAN TIMUR,KUTAI TIMUR,KALIMANTAN AGRO NUSANTARA,ID-PALM-MILL-01296,PUPUK KALTIM,KUTAI REFINERY NUSANTARA,ID-PALM-REFINERY-0039,ROYAL GOLDEN EAGLE,KUTAI REFINERY NUSANTARA,ROYAL GOLDEN EAGLE,BALIKPAPAN,AAA OILS & FATS,AAA OILS & FATS,NETHERLANDS,EUROPEAN UNION,ID-64,ID-6404,ID,NL,0.0,0.0,0.0,0.0,0.0,0.0,0.0,21.65169905121042,6.98825139940862,33421.149088554
2022,INDONESIA,REFINED PALM OIL,3,NDPE COMMITMENT,KALIMANTAN TIMUR,KUTAI TIMUR,KALIMANTAN AGRO NUSANTARA,ID-PALM-MILL-01296,PUPUK KALTIM,KUTAI REFINERY NUSANTARA,ID-PALM-REFINERY-0039,ROYAL GOLDEN EAGLE,KUTAI REFINERY NUSANTARA,ROYAL GOLDEN EAGLE,BALIKPAPAN,AAA OILS & FATS,AAA OILS & FATS,SPAIN,EUROPEAN UNION,ID-64,ID-6404,ID,ES,0.0,0.0,0.0,0.0,0.0,0.0,0.0,17.321781896250528,5.59073753475048,21084.69653423
2022,INDONESIA,REFINED PALM OIL,3,NDPE COMMITMENT,KALIMANTAN TIMUR,KUTAI TIMUR,KALIMANTAN AGRO NUSANTARA,ID-PALM-MILL-01296,PUPUK KALTIM,KUTAI REFINERY NUSANTARA,ID-PALM-REFINERY-0039,ROYAL GOLDEN EAGLE,KUTAI REFINERY NUSANTARA,ROYAL GOLDEN EAGLE,BALIKPAPAN,APICAL (MALAYSIA) SDN BHD,APICAL (MALAYSIA) SDN BHD,ITALY,EUROPEAN UNION,ID-64,ID-6404,ID,IT,0.0,0.0,0.0,0.0,0.0,0.0,0.0,17.32189448884621,5.59077387487152,18213.6082878324
2022,INDONESIA,REFINED PALM OIL,3,NDPE COMMITMENT,KALIMANTAN TIMUR,KUTAI TIMUR,KALIMANTAN AGRO NUSANTARA,ID-PALM-MILL-01296,PUPUK KALTIM,KUTAI REFINERY NUSANTARA,ID-PALM-REFINERY-0039,ROYAL GOLDEN EAGLE,KUTAI REFINERY NUSANTARA,ROYAL GOLDEN EAGLE,BALIKPAPAN,APICAL (MALAYSIA) SDN BHD,APICAL (MALAYSIA) SDN BHD,SPAIN,EUROPEAN UNION,ID-64,ID-6404,ID,ES,0.0,0.0,0.0,0.0,0.0,0.0,0.0,4.329752596550883,1.39746075217355,5914.66937350439
2022,INDONESIA,REFINED PALM OIL,3,NDPE COMMITMENT,KALIMANTAN TIMUR,KUTAI TIMUR,KALIMANTAN AGRO NUSANTARA,ID-PALM-MILL-01296,PUPUK KALTIM,KUTAI REFINERY NUSANTARA,ID-PALM-REFINERY-0039,ROYAL GOLDEN EAGLE,KUTAI REFINERY NUSANTARA,ROYAL GOLDEN EAGLE,BALIKPAPAN,APICAL MIDDLE EAST FZCO,APICAL MIDDLE EAST FZCO,BELGIUM,EUROPEAN UNION,ID-64,ID-6404,ID,BE,0.0,0.0,0.0,0.0,0.0,0.0,0.0,32.47827393296084,10.4826112133542,25609.1189961396
2022,INDONESIA,REFINED PALM OIL,3,NDPE COMMITMENT,KALIMANTAN TIMUR,KUTAI TIMUR,KALIMANTAN AGRO NUSANTARA,ID-PALM-MILL-01296,PUPUK KALTIM,KUTAI REFINERY NUSANTARA,ID-PALM-REFINERY-0039,ROYAL GOLDEN EAGLE,KUTAI REFINERY NUSANTARA,ROYAL GOLDEN EAGLE,BALIKPAPAN,APICAL MIDDLE EAST FZCO,APICAL MIDDLE EAST FZCO,SPAIN,EUROPEAN UNION,ID-64,ID-6404,ID,ES,0.0,0.0,0.0,0.0,0.0,0.0,0.0,50.01512933934221,16.1427653677701,38104.0336875428
2022,INDONESIA,REFINED PALM OIL,3,NDPE COMMITMENT,KALIMANTAN TIMUR,KUTAI TIMUR,KARYANUSA EKADAYA (KARYANUSA EKA DAYA 1),ID-PALM-MILL-00394,ASTRA AGRO LESTARI,KUTAI REFINERY NUSANTARA,ID-PALM-REFINERY-0039,ROYAL GOLDEN EAGLE,KUTAI REFINERY NUSANTARA,ROYAL GOLDEN EAGLE,BALIKPAPAN,AAA OILS & FATS,AAA OILS & FATS,NETHERLANDS,EUROPEAN UNION,ID-64,ID-6404,ID,NL,0.0,0.0,0.0,0.0,0.0,0.0,0.0,29.433345761709376,10.460995516965161,45432.75031444035
2022,INDONESIA,REFINED PALM OIL,3,NDPE COMMITMENT,KALIMANTAN TIMUR,KUTAI TIMUR,KARYANUSA EKADAYA (KARYANUSA EKA DAYA 1),ID-PALM-MILL-00394,ASTRA AGRO LESTARI,KUTAI REFINERY NUSANTARA,ID-PALM-REFINERY-0039,ROYAL GOLDEN EAGLE,KUTAI REFINERY NUSANTARA,ROYAL GOLDEN EAGLE,BALIKPAPAN,AAA OILS & FATS,AAA OILS & FATS,SPAIN,EUROPEAN UNION,ID-64,ID-6404,ID,ES,0.0,0.0,0.0,0.0,0.0,0.0,0.0,23.54725116746704,8.36900061902509,28662.56185738057
2022,INDONESIA,REFINED PALM OIL,3,NDPE COMMITMENT,KALIMANTAN TIMUR,KUTAI TIMUR,KARYANUSA EKADAYA (KARYANUSA EKA DAYA 1),ID-PALM-MILL-00394,ASTRA AGRO LESTARI,KUTAI REFINERY NUSANTARA,ID-PALM-REFINERY-0039,ROYAL GOLDEN EAGLE,KUTAI REFINERY NUSANTARA,ROYAL GOLDEN EAGLE,BALIKPAPAN,APICAL (MALAYSIA) SDN BHD,APICAL (MALAYSIA) SDN BHD,ITALY,EUROPEAN UNION,ID-64,ID-6404,ID,IT,0.0,0.0,0.0,0.0,0.0,0.0,0.0,23.54740422597709,8.3690550180187,24759.60103805965
2022,INDONESIA,REFINED PALM OIL,3,NDPE COMMITMENT,KALIMANTAN TIMUR,KUTAI TIMUR,KARYANUSA EKADAYA (KARYANUSA EKA DAYA 1),ID-PALM-MILL-00394,ASTRA AGRO LESTARI,KUTAI REFINERY NUSANTARA,ID-PALM-REFINERY-0039,ROYAL GOLDEN EAGLE,KUTAI REFINERY NUSANTARA,ROYAL GOLDEN EAGLE,BALIKPAPAN,APICAL (MALAYSIA) SDN BHD,APICAL (MALAYSIA) SDN BHD,SPAIN,EUROPEAN UNION,ID-64,ID-6404,ID,ES,0.0,0.0,0.0,0.0,0.0,0.0,0.0,5.885870893342971,2.09191539171864,8040.40866838185
2022,INDONESIA,REFINED PALM OIL,3,NDPE COMMITMENT,KALIMANTAN TIMUR,KUTAI TIMUR,KARYANUSA EKADAYA (KARYANUSA EKA DAYA 1),ID-PALM-MILL-00394,ASTRA AGRO LESTARI,KUTAI REFINERY NUSANTARA,ID-PALM-REFINERY-0039,ROYAL GOLDEN EAGLE,KUTAI REFINERY NUSANTARA,ROYAL GOLDEN EAGLE,BALIKPAPAN,APICAL MIDDLE EAST FZCO,APICAL MIDDLE EAST FZCO,BELGIUM,EUROPEAN UNION,ID-64,ID-6404,ID,BE,0.0,0.0,0.0,0.0,0.0,0.0,0.0,44.15100469258121,15.69184373050275,34813.06720010024
2022,INDONESIA,REFINED PALM OIL,3,NDPE COMMITMENT,KALIMANTAN TIMUR,KUTAI TIMUR,KARYANUSA EKADAYA (KARYANUSA EKA DAYA 1),ID-PALM-MILL-00394,ASTRA AGRO LESTARI,KUTAI REFINERY NUSANTARA,ID-PALM-REFINERY-0039,ROYAL GOLDEN EAGLE,KUTAI REFINERY NUSANTARA,ROYAL GOLDEN EAGLE,BALIKPAPAN,APICAL MIDDLE EAST FZCO,APICAL MIDDLE EAST FZCO,SPAIN,EUROPEAN UNION,ID-64,ID-6404,ID,ES,0.0,0.0,0.0,0.0,0.0,0.0,0.0,67.99062704869694,24.16475688867665,51798.66927711468
2022,INDONESIA,REFINED PALM OIL,3,NDPE COMMITMENT,KALIMANTAN TIMUR,KUTAI TIMUR,KARYANUSA EKADAYA (KARYANUSA EKA DAYA 1),ID-PALM-MILL-00394,ASTRA AGRO LESTARI,LDC EAST INDONESIA,ID-PALM-REFINERY-0075,LOUIS DREYFUS,LDC EAST INDONESIA,LOUIS DREYFUS,BALIKPAPAN,LOUIS DREYFUS,LOUIS DREYFUS,GREECE,EUROPEAN UNION,ID-64,ID-6404,ID,GR,0.0,0.0,0.0,0.0,0.0,0.0,0.0,182.06776771049243,64.7092626581744,35305.25560590033
2022,INDONESIA,REFINED PALM OIL,3,NDPE COMMITMENT,KALIMANTAN TIMUR,KUTAI TIMUR,KARYANUSA EKADAYA (KARYANUSA EKA DAYA 1),ID-PALM-MILL-00394,ASTRA AGRO LESTARI,LDC EAST INDONESIA,ID-PALM-REFINERY-0075,LOUIS DREYFUS,LDC EAST INDONESIA,LOUIS DREYFUS,BALIKPAPAN,LOUIS DREYFUS,LOUIS DREYFUS,ITALY,EUROPEAN UNION,ID-64,ID-6404,ID,IT,0.0,0.0,0.0,0.0,0.0,0.0,0.0,2492.920032416628,886.0163399156966,1326033.3344318909
2022,INDONESIA,REFINED PALM OIL,3,NDPE COMMITMENT,KALIMANTAN TIMUR,KUTAI TIMUR,KARYANUSA EKADAYA (KARYANUSA EKA DAYA 1),ID-PALM-MILL-00394,ASTRA AGRO LESTARI,LDC EAST INDONESIA,ID-PALM-REFINERY-0075,LOUIS DREYFUS,LDC EAST INDONESIA,LOUIS DREYFUS,BALIKPAPAN,LOUIS DREYFUS,LOUIS DREYFUS,SPAIN,EUROPEAN UNION,ID-64,ID-6404,ID,ES,0.0,0.0,0.0,0.0,0.0,0.0,0.0,4096.418582460564,1455.920668131479,1432471.2526040608
2022,INDONESIA,REFINED PALM OIL,3,NDPE COMMITMENT,KALIMANTAN TIMUR,KUTAI TIMUR,KARYA PRIMA AGRO SEJAHTERA (POM 7),ID-PALM-MILL-01290,DHARMA SATYA NUSANTARA (DSN),KUTAI REFINERY NUSANTARA,ID-PALM-REFINERY-0039,ROYAL GOLDEN EAGLE,KUTAI REFINERY NUSANTARA,ROYAL GOLDEN EAGLE,BALIKPAPAN,AAA OILS & FATS,AAA OILS & FATS,NETHERLANDS,EUROPEAN UNION,ID-64,ID-6404,ID,NL,0.0680699821169701,0.0,0.0,0.0,0.0,0.0,0.0,53.658825114965474,14.9660308963169,82826.737515717
2022,INDONESIA,REFINED PALM OIL,3,NDPE COMMITMENT,KALIMANTAN TIMUR,KUTAI TIMUR,KARYA PRIMA AGRO SEJAHTERA (POM 7),ID-PALM-MILL-01290,DHARMA SATYA NUSANTARA (DSN),KUTAI REFINERY NUSANTARA,ID-PALM-REFINERY-0039,ROYAL GOLDEN EAGLE,KUTAI REFINERY NUSANTARA,ROYAL GOLDEN EAGLE,BALIKPAPAN,AAA OILS & FATS,AAA OILS & FATS,SPAIN,EUROPEAN UNION,ID-64,ID-6404,ID,ES,0.0544573144640079,0.0,0.0,0.0,0.0,0.0,0.0,42.928107547223576,11.97311686373431,52253.6379827021
2022,INDONESIA,REFINED PALM OIL,3,NDPE COMMITMENT,KALIMANTAN TIMUR,KUTAI TIMUR,KARYA PRIMA AGRO SEJAHTERA (POM 7),ID-PALM-MILL-01290,DHARMA SATYA NUSANTARA (DSN),KUTAI REFINERY NUSANTARA,ID-PALM-REFINERY-0039,ROYAL GOLDEN EAGLE,KUTAI REFINERY NUSANTARA,ROYAL GOLDEN EAGLE,BALIKPAPAN,APICAL (MALAYSIA) SDN BHD,APICAL (MALAYSIA) SDN BHD,ITALY,EUROPEAN UNION,ID-64,ID-6404,ID,IT,0.0544576684397377,0.0,0.0,0.0,0.0,0.0,0.0,42.928386582433994,11.97319468969437,45138.2969769592
2022,INDONESIA,REFINED PALM OIL,3,NDPE COMMITMENT,KALIMANTAN TIMUR,KUTAI TIMUR,KARYA PRIMA AGRO SEJAHTERA (POM 7),ID-PALM-MILL-01290,DHARMA SATYA NUSANTARA (DSN),KUTAI REFINERY NUSANTARA,ID-PALM-REFINERY-0039,ROYAL GOLDEN EAGLE,KUTAI REFINERY NUSANTARA,ROYAL GOLDEN EAGLE,BALIKPAPAN,APICAL (MALAYSIA) SDN BHD,APICAL (MALAYSIA) SDN BHD,SPAIN,EUROPEAN UNION,ID-64,ID-6404,ID,ES,0.0136121503038186,0.0,0.0,0.0,0.0,0.0,0.0,10.730309747049757,2.992800286948664,14658.16649192578
2022,INDONESIA,REFINED PALM OIL,3,NDPE COMMITMENT,KALIMANTAN TIMUR,KUTAI TIMUR,KARYA PRIMA AGRO SEJAHTERA (POM 7),ID-PALM-MILL-01290,DHARMA SATYA NUSANTARA (DSN),KUTAI REFINERY NUSANTARA,ID-PALM-REFINERY-0039,ROYAL GOLDEN EAGLE,KUTAI REFINERY NUSANTARA,ROYAL GOLDEN EAGLE,BALIKPAPAN,APICAL MIDDLE EAST FZCO,APICAL MIDDLE EAST FZCO,BELGIUM,EUROPEAN UNION,ID-64,ID-6404,ID,BE,0.102107253596022,0.0,0.0,0.0,0.0,0.0,0.0,80.49003530313041,22.44954772325639,63466.3928365183
2022,INDONESIA,REFINED PALM OIL,3,NDPE COMMITMENT,KALIMANTAN TIMUR,KUTAI TIMUR,KARYA PRIMA AGRO SEJAHTERA (POM 7),ID-PALM-MILL-01290,DHARMA SATYA NUSANTARA (DSN),KUTAI REFINERY NUSANTARA,ID-PALM-REFINERY-0039,ROYAL GOLDEN EAGLE,KUTAI REFINERY NUSANTARA,ROYAL GOLDEN EAGLE,BALIKPAPAN,APICAL MIDDLE EAST FZCO,APICAL MIDDLE EAST FZCO,SPAIN,EUROPEAN UNION,ID-64,ID-6404,ID,ES,0.157240729776199,0.0,0.0,0.0,0.0,0.0,0.0,123.95115376278547,34.571327137213,94432.204834304
2022,INDONESIA,REFINED PALM OIL,3,NDPE COMMITMENT,KALIMANTAN TIMUR,KUTAI TIMUR,KARYA PRIMA AGRO SEJAHTERA (POM 7),ID-PALM-MILL-01290,DHARMA SATYA NUSANTARA (DSN),SMART TBK (SURABAYA REFINERY),ID-PALM-REFINERY-0019,SINAR MAS,SINAR MAS AGRO RESOURCES AND TECHNOLOGY,SINAR MAS,TANJUNG PERAK,WINKER VAN SINKER GMBH,WINKER VAN SINKER GMBH,BULGARIA,EUROPEAN UNION,ID-64,ID-6404,ID,BG,0.00167353690017663,0.0,0.0,0.0,0.0,0.0,0.0,1.3192309011585843,0.367947870342186,2011.4973165415518
2022,INDONESIA,REFINED PALM OIL,3,NDPE COMMITMENT,KALIMANTAN TIMUR,KUTAI TIMUR,KEMILAU INDAH NUSANTARA (SUNGAI BENGALON),ID-PALM-MILL-00228,KALIMANTAN PLANTATION UNIT (KPU),KUTAI REFINERY NUSANTARA,ID-PALM-REFINERY-0039,ROYAL GOLDEN EAGLE,KUTAI REFINERY NUSANTARA,ROYAL GOLDEN EAGLE,BALIKPAPAN,AAA OILS & FATS,AAA OILS & FATS,NETHERLANDS,EUROPEAN UNION,ID-64,ID-6404,ID,NL,0.0,0.0,0.0,0.0,0.0,0.0,0.0,34.179931913568524,12.17513086099919,52759.4900343922
2022,INDONESIA,REFINED PALM OIL,3,NDPE COMMITMENT,KALIMANTAN TIMUR,KUTAI TIMUR,KEMILAU INDAH NUSANTARA (SUNGAI BENGALON),ID-PALM-MILL-00228,KALIMANTAN PLANTATION UNIT (KPU),KUTAI REFINERY NUSANTARA,ID-PALM-REFINERY-0039,ROYAL GOLDEN EAGLE,KUTAI REFINERY NUSANTARA,ROYAL GOLDEN EAGLE,BALIKPAPAN,AAA OILS & FATS,AAA OILS & FATS,SPAIN,EUROPEAN UNION,ID-64,ID-6404,ID,ES,0.0,0.0,0.0,0.0,0.0,0.0,0.0,27.34461274541063,9.74034235529182,33284.8470807627
2022,INDONESIA,REFINED PALM OIL,3,NDPE COMMITMENT,KALIMANTAN TIMUR,KUTAI TIMUR,KEMILAU INDAH NUSANTARA (SUNGAI BENGALON),ID-PALM-MILL-00228,KALIMANTAN PLANTATION UNIT (KPU),KUTAI REFINERY NUSANTARA,ID-PALM-REFINERY-0039,ROYAL GOLDEN EAGLE,KUTAI REFINERY NUSANTARA,ROYAL GOLDEN EAGLE,BALIKPAPAN,APICAL (MALAYSIA) SDN BHD,APICAL (MALAYSIA) SDN BHD,ITALY,EUROPEAN UNION,ID-64,ID-6404,ID,IT,0.0,0.0,0.0,0.0,0.0,0.0,0.0,27.344790486993155,9.74040566808695,28752.4729447832
2022,INDONESIA,REFINED PALM OIL,3,NDPE COMMITMENT,KALIMANTAN TIMUR,KUTAI TIMUR,KEMILAU INDAH NUSANTARA (SUNGAI BENGALON),ID-PALM-MILL-00228,KALIMANTAN PLANTATION UNIT (KPU),KUTAI REFINERY NUSANTARA,ID-PALM-REFINERY-0039,ROYAL GOLDEN EAGLE,KUTAI REFINERY NUSANTARA,ROYAL GOLDEN EAGLE,BALIKPAPAN,APICAL (MALAYSIA) SDN BHD,APICAL (MALAYSIA) SDN BHD,SPAIN,EUROPEAN UNION,ID-64,ID-6404,ID,ES,0.0,0.0,0.0,0.0,0.0,0.0,0.0,6.8350593919987155,2.4346959716221903,9337.04999314345
2022,INDONESIA,REFINED PALM OIL,3,NDPE COMMITMENT,KALIMANTAN TIMUR,KUTAI TIMUR,KEMILAU INDAH NUSANTARA (SUNGAI BENGALON),ID-PALM-MILL-00228,KALIMANTAN PLANTATION UNIT (KPU),KUTAI REFINERY NUSANTARA,ID-PALM-REFINERY-0039,ROYAL GOLDEN EAGLE,KUTAI REFINERY NUSANTARA,ROYAL GOLDEN EAGLE,BALIKPAPAN,APICAL MIDDLE EAST FZCO,APICAL MIDDLE EAST FZCO,BELGIUM,EUROPEAN UNION,ID-64,ID-6404,ID,BE,0.0,0.0,0.0,0.0,0.0,0.0,0.0,51.271042936316945,18.263104172005832,40427.217355286004
2022,INDONESIA,REFINED PALM OIL,3,NDPE COMMITMENT,KALIMANTAN TIMUR,KUTAI TIMUR,KEMILAU INDAH NUSANTARA (SUNGAI BENGALON),ID-PALM-MILL-00228,KALIMANTAN PLANTATION UNIT (KPU),KUTAI REFINERY NUSANTARA,ID-PALM-REFINERY-0039,ROYAL GOLDEN EAGLE,KUTAI REFINERY NUSANTARA,ROYAL GOLDEN EAGLE,BALIKPAPAN,APICAL MIDDLE EAST FZCO,APICAL MIDDLE EAST FZCO,SPAIN,EUROPEAN UNION,ID-64,ID-6404,ID,ES,0.0,0.0,0.0,0.0,0.0,0.0,0.0,78.95517628541336,28.1243861415231,60152.012735449505
2022,INDONESIA,REFINED PALM OIL,3,NDPE COMMITMENT,KALIMANTAN TIMUR,KUTAI TIMUR,KRESNA DUTA AGROINDO (GUNUNG KOMBENG),ID-PALM-MILL-00276,SINAR MAS,SMART TBK (SURABAYA REFINERY),ID-PALM-REFINERY-0019,SINAR MAS,SINAR MAS AGRO RESOURCES AND TECHNOLOGY,SINAR MAS,TANJUNG PERAK,WINKER VAN SINKER GMBH,WINKER VAN SINKER GMBH,BULGARIA,EUROPEAN UNION,ID-64,ID-6404,ID,BG,0.0,0.0,0.0,0.0,0.0,0.0,0.0,0.1907032103641238,0.06675934404602771,290.774720002697
2022,INDONESIA,REFINED PALM OIL,3,NDPE COMMITMENT,KALIMANTAN TIMUR,KUTAI TIMUR,KRESNA DUTA AGROINDO (GUNUNG KOMBENG),ID-PALM-MILL-00276,SINAR MAS,SMART TBK (TARJUN REFINERY & KERNEL CRUSHING PLANT),ID-PALM-REFINERY-0020,SINAR MAS,SINAR MAS AGRO RESOURCES AND TECHNOLOGY,SINAR MAS,TARJUN,CASA OLEARIA ITALIANA S P A,CASA OLEARIA ITALIANA S P A,ITALY,EUROPEAN UNION,ID-64,ID-6404,ID,IT,0.0,0.0,0.0,0.0,0.0,0.0,0.0,3.6970853526170835,1.294236172278547,3512.2310849862197
2022,INDONESIA,REFINED PALM OIL,3,NDPE COMMITMENT,KALIMANTAN TIMUR,KUTAI TIMUR,KRESNA DUTA AGROINDO (GUNUNG KOMBENG),ID-PALM-MILL-00276,SINAR MAS,SMART TBK (TARJUN REFINERY & KERNEL CRUSHING PLANT),ID-PALM-REFINERY-0020,SINAR MAS,SINAR MAS AGRO RESOURCES AND TECHNOLOGY,SINAR MAS,TARJUN,GOLDEN AGRI INTERNATIONAL,GOLDEN AGRI INTERNATIONAL,ITALY,EUROPEAN UNION,ID-64,ID-6404,ID,IT,0.0,0.0,0.0,0.0,0.0,0.0,0.0,192.08090317439525,67.2416320375885,197649.15280766942
2022,INDONESIA,REFINED PALM OIL,3,NDPE COMMITMENT,KALIMANTAN TIMUR,KUTAI TIMUR,KRESNA DUTA AGROINDO (GUNUNG KOMBENG),ID-PALM-MILL-00276,SINAR MAS,SMART TBK (TARJUN REFINERY & KERNEL CRUSHING PLANT),ID-PALM-REFINERY-0020,SINAR MAS,SINAR MAS AGRO RESOURCES AND TECHNOLOGY,SINAR MAS,TARJUN,GOLDEN AGRI INTERNATIONAL,GOLDEN AGRI INTERNATIONAL,NETHERLANDS,EUROPEAN UNION,ID-64,ID-6404,ID,NL,0.0,0.0,0.0,0.0,0.0,0.0,0.0,18.49364242611163,6.47405691299923,23366.71720539199
2022,INDONESIA,REFINED PALM OIL,3,NDPE COMMITMENT,KALIMANTAN TIMUR,KUTAI TIMUR,KRESNA DUTA AGROINDO (GUNUNG KOMBENG),ID-PALM-MILL-00276,SINAR MAS,SMART TBK (TARJUN REFINERY & KERNEL CRUSHING PLANT),ID-PALM-REFINERY-0020,SINAR MAS,SINAR MAS AGRO RESOURCES AND TECHNOLOGY,SINAR MAS,TARJUN,GOLDEN AGRI INTERNATIONAL,GOLDEN AGRI INTERNATIONAL,SPAIN,EUROPEAN UNION,ID-64,ID-6404,ID,ES,0.0,0.0,0.0,0.0,0.0,0.0,0.0,3.698727745405747,1.294811123612759,3566.49822850749
2022,INDONESIA,REFINED PALM OIL,3,NDPE COMMITMENT,KALIMANTAN TIMUR,KUTAI TIMUR,KRESNA DUTA AGROINDO (GUNUNG KOMBENG),ID-PALM-MILL-00276,SINAR MAS,SMART TBK (TARJUN REFINERY & KERNEL CRUSHING PLANT),ID-PALM-REFINERY-0020,SINAR MAS,SINAR MAS AGRO RESOURCES AND TECHNOLOGY,SINAR MAS,TARJUN,ITAL BI OIL SRL,ITAL BI OIL SRL,ITALY,EUROPEAN UNION,ID-64,ID-6404,ID,IT,0.0,0.0,0.0,0.0,0.0,0.0,0.0,24.043161890203145,8.41677344349721,22841.00379569299
2022,INDONESIA,REFINED PALM OIL,3,NDPE COMMITMENT,KALIMANTAN TIMUR,KUTAI TIMUR,KRESNA DUTA AGROINDO (MUARA WAHAU),ID-PALM-MILL-00277,SINAR MAS,SMART TBK (SURABAYA REFINERY),ID-PALM-REFINERY-0019,SINAR MAS,SINAR MAS AGRO RESOURCES AND TECHNOLOGY,SINAR MAS,TANJUNG PERAK,WINKER VAN SINKER GMBH,WINKER VAN SINKER GMBH,BULGARIA,EUROPEAN UNION,ID-64,ID-6404,ID,BG,0.0,0.0,0.0,0.0,0.0,0.0,0.0,0.9675783572298484,0.338719501986684,1475.315100186212
2022,INDONESIA,REFINED PALM OIL,3,NDPE COMMITMENT,KALIMANTAN TIMUR,KUTAI TIMUR,KRESNA DUTA AGROINDO (MUARA WAHAU),ID-PALM-MILL-00277,SINAR MAS,SMART TBK (TARJUN REFINERY & KERNEL CRUSHING PLANT),ID-PALM-REFINERY-0020,SINAR MAS,SINAR MAS AGRO RESOURCES AND TECHNOLOGY,SINAR MAS,TARJUN,CASA OLEARIA ITALIANA S P A,CASA OLEARIA ITALIANA S P A,ITALY,EUROPEAN UNION,ID-64,ID-6404,ID,IT,0.0,0.0,0.0,0.0,0.0,0.0,0.0,18.758046942122906,6.56661682333331,17820.14459501676
2022,INDONESIA,REFINED PALM OIL,3,NDPE COMMITMENT,KALIMANTAN TIMUR,KUTAI TIMUR,KRESNA DUTA AGROINDO (MUARA WAHAU),ID-PALM-MILL-00277,SINAR MAS,SMART TBK (TARJUN REFINERY & KERNEL CRUSHING PLANT),ID-PALM-REFINERY-0020,SINAR MAS,SINAR MAS AGRO RESOURCES AND TECHNOLOGY,SINAR MAS,TARJUN,GOLDEN AGRI INTERNATIONAL,GOLDEN AGRI INTERNATIONAL,ITALY,EUROPEAN UNION,ID-64,ID-6404,ID,IT,0.0,0.0,0.0,0.0,0.0,0.0,0.0,974.5684112702884,341.166505483349,1002820.257804606
2022,INDONESIA,REFINED PALM OIL,3,NDPE COMMITMENT,KALIMANTAN TIMUR,KUTAI TIMUR,KRESNA DUTA AGROINDO (MUARA WAHAU),ID-PALM-MILL-00277,SINAR MAS,SMART TBK (TARJUN REFINERY & KERNEL CRUSHING PLANT),ID-PALM-REFINERY-0020,SINAR MAS,SINAR MAS AGRO RESOURCES AND TECHNOLOGY,SINAR MAS,TARJUN,GOLDEN AGRI INTERNATIONAL,GOLDEN AGRI INTERNATIONAL,NETHERLANDS,EUROPEAN UNION,ID-64,ID-6404,ID,NL,0.0,0.0,0.0,0.0,0.0,0.0,0.0,93.8319188423043,32.8476764524926,118556.62945725149
2022,INDONESIA,REFINED PALM OIL,3,NDPE COMMITMENT,KALIMANTAN TIMUR,KUTAI TIMUR,KRESNA DUTA AGROINDO (MUARA WAHAU),ID-PALM-MILL-00277,SINAR MAS,SMART TBK (TARJUN REFINERY & KERNEL CRUSHING PLANT),ID-PALM-REFINERY-0020,SINAR MAS,SINAR MAS AGRO RESOURCES AND TECHNOLOGY,SINAR MAS,TARJUN,GOLDEN AGRI INTERNATIONAL,GOLDEN AGRI INTERNATIONAL,SPAIN,EUROPEAN UNION,ID-64,ID-6404,ID,ES,0.0,0.0,0.0,0.0,0.0,0.0,0.0,18.766380014824506,6.56953397646557,18095.481929294532
2022,INDONESIA,REFINED PALM OIL,3,NDPE COMMITMENT,KALIMANTAN TIMUR,KUTAI TIMUR,KRESNA DUTA AGROINDO (MUARA WAHAU),ID-PALM-MILL-00277,SINAR MAS,SMART TBK (TARJUN REFINERY & KERNEL CRUSHING PLANT),ID-PALM-REFINERY-0020,SINAR MAS,SINAR MAS AGRO RESOURCES AND TECHNOLOGY,SINAR MAS,TARJUN,ITAL BI OIL SRL,ITAL BI OIL SRL,ITALY,EUROPEAN UNION,ID-64,ID-6404,ID,IT,0.0,0.0,0.0,0.0,0.0,0.0,0.0,121.98873338270053,42.7045135007699,115889.2967135655
2022,INDONESIA,REFINED PALM OIL,3,NDPE COMMITMENT,KALIMANTAN TIMUR,KUTAI TIMUR,KRESNA DUTA AGROINDO (RANTAU PANJANG),ID-PALM-MILL-01173,SINAR MAS,SMART TBK (TARJUN REFINERY & KERNEL CRUSHING PLANT),ID-PALM-REFINERY-0020,SINAR MAS,SINAR MAS AGRO RESOURCES AND TECHNOLOGY,SINAR MAS,TARJUN,CASA OLEARIA ITALIANA S P A,CASA OLEARIA ITALIANA S P A,ITALY,EUROPEAN UNION,ID-64,ID-6404,ID,IT,0.0,0.0,0.0,0.0,0.0,0.0,0.0,12.269134694165295,4.2950476954787895,11655.67795945703
2022,INDONESIA,REFINED PALM OIL,3,NDPE COMMITMENT,KALIMANTAN TIMUR,KUTAI TIMUR,KRESNA DUTA AGROINDO (RANTAU PANJANG),ID-PALM-MILL-01173,SINAR MAS,SMART TBK (TARJUN REFINERY & KERNEL CRUSHING PLANT),ID-PALM-REFINERY-0020,SINAR MAS,SINAR MAS AGRO RESOURCES AND TECHNOLOGY,SINAR MAS,TARJUN,GOLDEN AGRI INTERNATIONAL,GOLDEN AGRI INTERNATIONAL,ITALY,EUROPEAN UNION,ID-64,ID-6404,ID,IT,0.0,0.0,0.0,0.0,0.0,0.0,0.0,637.4390224870926,223.1478480583838,655917.796506473
2022,INDONESIA,REFINED PALM OIL,3,NDPE COMMITMENT,KALIMANTAN TIMUR,KUTAI TIMUR,KRESNA DUTA AGROINDO (RANTAU PANJANG),ID-PALM-MILL-01173,SINAR MAS,SMART TBK (TARJUN REFINERY & KERNEL CRUSHING PLANT),ID-PALM-REFINERY-0020,SINAR MAS,SINAR MAS AGRO RESOURCES AND TECHNOLOGY,SINAR MAS,TARJUN,GOLDEN AGRI INTERNATIONAL,GOLDEN AGRI INTERNATIONAL,NETHERLANDS,EUROPEAN UNION,ID-64,ID-6404,ID,NL,0.0,0.0,0.0,0.0,0.0,0.0,0.0,61.37293794179652,21.48478293233133,77544.70708946
2022,INDONESIA,REFINED PALM OIL,3,NDPE COMMITMENT,KALIMANTAN TIMUR,KUTAI TIMUR,KRESNA DUTA AGROINDO (RANTAU PANJANG),ID-PALM-MILL-01173,SINAR MAS,SMART TBK (TARJUN REFINERY & KERNEL CRUSHING PLANT),ID-PALM-REFINERY-0020,SINAR MAS,SINAR MAS AGRO RESOURCES AND TECHNOLOGY,SINAR MAS,TARJUN,GOLDEN AGRI INTERNATIONAL,GOLDEN AGRI INTERNATIONAL,SPAIN,EUROPEAN UNION,ID-64,ID-6404,ID,ES,0.0,0.0,0.0,0.0,0.0,0.0,0.0,12.274585133206589,4.29695572699261,11835.768714694459
2022,INDONESIA,REFINED PALM OIL,3,NDPE COMMITMENT,KALIMANTAN TIMUR,KUTAI TIMUR,KRESNA DUTA AGROINDO (RANTAU PANJANG),ID-PALM-MILL-01173,SINAR MAS,SMART TBK (TARJUN REFINERY & KERNEL CRUSHING PLANT),ID-PALM-REFINERY-0020,SINAR MAS,SINAR MAS AGRO RESOURCES AND TECHNOLOGY,SINAR MAS,TARJUN,ITAL BI OIL SRL,ITAL BI OIL SRL,ITALY,EUROPEAN UNION,ID-64,ID-6404,ID,IT,0.0,0.0,0.0,0.0,0.0,0.0,0.0,79.78955408635863,27.9318753069741,75800.0763820407
2022,INDONESIA,REFINED PALM OIL,3,NDPE COMMITMENT,KALIMANTAN TIMUR,KUTAI TIMUR,KUTAI BALIAN NAULI,ID-PALM-MILL-01095,CHELLAM PLANTATIONS,KUTAI REFINERY NUSANTARA,ID-PALM-REFINERY-0039,ROYAL GOLDEN EAGLE,KUTAI REFINERY NUSANTARA,ROYAL GOLDEN EAGLE,BALIKPAPAN,AAA OILS & FATS,AAA OILS & FATS,NETHERLANDS,EUROPEAN UNION,ID-64,ID-6404,ID,NL,0.0,0.0,0.0,0.0,0.0,0.0,0.0,24.55539457704463,8.61474289929426,37903.2380390397
2022,INDONESIA,REFINED PALM OIL,3,NDPE COMMITMENT,KALIMANTAN TIMUR,KUTAI TIMUR,KUTAI BALIAN NAULI,ID-PALM-MILL-01095,CHELLAM PLANTATIONS,KUTAI REFINERY NUSANTARA,ID-PALM-REFINERY-0039,ROYAL GOLDEN EAGLE,KUTAI REFINERY NUSANTARA,ROYAL GOLDEN EAGLE,BALIKPAPAN,AAA OILS & FATS,AAA OILS & FATS,SPAIN,EUROPEAN UNION,ID-64,ID-6404,ID,ES,0.0,0.0,0.0,0.0,0.0,0.0,0.0,19.644794998947788,6.89196248483353,23912.351714787
2022,INDONESIA,REFINED PALM OIL,3,NDPE COMMITMENT,KALIMANTAN TIMUR,KUTAI TIMUR,KUTAI BALIAN NAULI,ID-PALM-MILL-01095,CHELLAM PLANTATIONS,KUTAI REFINERY NUSANTARA,ID-PALM-REFINERY-0039,ROYAL GOLDEN EAGLE,KUTAI REFINERY NUSANTARA,ROYAL GOLDEN EAGLE,BALIKPAPAN,APICAL (MALAYSIA) SDN BHD,APICAL (MALAYSIA) SDN BHD,ITALY,EUROPEAN UNION,ID-64,ID-6404,ID,IT,0.0,0.0,0.0,0.0,0.0,0.0,0.0,19.644922691264526,6.89200728299287,20656.2236580899
2022,INDONESIA,REFINED PALM OIL,3,NDPE COMMITMENT,KALIMANTAN TIMUR,KUTAI TIMUR,KUTAI BALIAN NAULI,ID-PALM-MILL-01095,CHELLAM PLANTATIONS,KUTAI REFINERY NUSANTARA,ID-PALM-REFINERY-0039,ROYAL GOLDEN EAGLE,KUTAI REFINERY NUSANTARA,ROYAL GOLDEN EAGLE,BALIKPAPAN,APICAL (MALAYSIA) SDN BHD,APICAL (MALAYSIA) SDN BHD,SPAIN,EUROPEAN UNION,ID-64,ID-6404,ID,ES,0.0,0.0,0.0,0.0,0.0,0.0,0.0,4.91041295086479,1.72271494022786,6707.88190412439
2022,INDONESIA,REFINED PALM OIL,3,NDPE COMMITMENT,KALIMANTAN TIMUR,KUTAI TIMUR,KUTAI BALIAN NAULI,ID-PALM-MILL-01095,CHELLAM PLANTATIONS,KUTAI REFINERY NUSANTARA,ID-PALM-REFINERY-0039,ROYAL GOLDEN EAGLE,KUTAI REFINERY NUSANTARA,ROYAL GOLDEN EAGLE,BALIKPAPAN,APICAL MIDDLE EAST FZCO,APICAL MIDDLE EAST FZCO,BELGIUM,EUROPEAN UNION,ID-64,ID-6404,ID,BE,0.0,0.0,0.0,0.0,0.0,0.0,0.0,36.83391449876126,12.9224029524679,29043.5415822733
2022,INDONESIA,REFINED PALM OIL,3,NDPE COMMITMENT,KALIMANTAN TIMUR,KUTAI TIMUR,KUTAI BALIAN NAULI,ID-PALM-MILL-01095,CHELLAM PLANTATIONS,KUTAI REFINERY NUSANTARA,ID-PALM-REFINERY-0039,ROYAL GOLDEN EAGLE,KUTAI REFINERY NUSANTARA,ROYAL GOLDEN EAGLE,BALIKPAPAN,APICAL MIDDLE EAST FZCO,APICAL MIDDLE EAST FZCO,SPAIN,EUROPEAN UNION,ID-64,ID-6404,ID,ES,0.0,0.0,0.0,0.0,0.0,0.0,0.0,56.72262637886663,19.8999385366616,43214.1412995627
2022,INDONESIA,REFINED PALM OIL,3,NDPE COMMITMENT,KALIMANTAN TIMUR,KUTAI TIMUR,NALA PALMA CADUDASA,ID-PALM-MILL-00721,NPC RESOURCES BERHAD,KUTAI REFINERY NUSANTARA,ID-PALM-REFINERY-0039,ROYAL GOLDEN EAGLE,KUTAI REFINERY NUSANTARA,ROYAL GOLDEN EAGLE,BALIKPAPAN,AAA OILS & FATS,AAA OILS & FATS,NETHERLANDS,EUROPEAN UNION,ID-64,ID-6404,ID,NL,0.0,0.0,0.418249506732664,0.0,0.418249506732664,0.0,0.0,14.665528959141652,5.2150110372977405,22637.43037655873
2022,INDONESIA,REFINED PALM OIL,3,NDPE COMMITMENT,KALIMANTAN TIMUR,KUTAI TIMUR,NALA PALMA CADUDASA,ID-PALM-MILL-00721,NPC RESOURCES BERHAD,KUTAI REFINERY NUSANTARA,ID-PALM-REFINERY-0039,ROYAL GOLDEN EAGLE,KUTAI REFINERY NUSANTARA,ROYAL GOLDEN EAGLE,BALIKPAPAN,AAA OILS & FATS,AAA OILS & FATS,SPAIN,EUROPEAN UNION,ID-64,ID-6404,ID,ES,0.0,0.0,0.334607769889197,0.0,0.334607769889197,0.0,0.0,11.732709448000378,4.17211063025378,14281.47633523368
2022,INDONESIA,REFINED PALM OIL,3,NDPE COMMITMENT,KALIMANTAN TIMUR,KUTAI TIMUR,NALA PALMA CADUDASA,ID-PALM-MILL-00721,NPC RESOURCES BERHAD,KUTAI REFINERY NUSANTARA,ID-PALM-REFINERY-0039,ROYAL GOLDEN EAGLE,KUTAI REFINERY NUSANTARA,ROYAL GOLDEN EAGLE,BALIKPAPAN,APICAL (MALAYSIA) SDN BHD,APICAL (MALAYSIA) SDN BHD,ITALY,EUROPEAN UNION,ID-64,ID-6404,ID,IT,0.0,0.0,0.334609944859276,0.0,0.334609944859276,0.0,0.0,11.732785711298158,4.17213774921695,12336.77778191431
2022,INDONESIA,REFINED PALM OIL,3,NDPE COMMITMENT,KALIMANTAN TIMUR,KUTAI TIMUR,NALA PALMA CADUDASA,ID-PALM-MILL-00721,NPC RESOURCES BERHAD,KUTAI REFINERY NUSANTARA,ID-PALM-REFINERY-0039,ROYAL GOLDEN EAGLE,KUTAI REFINERY NUSANTARA,ROYAL GOLDEN EAGLE,BALIKPAPAN,APICAL (MALAYSIA) SDN BHD,APICAL (MALAYSIA) SDN BHD,SPAIN,EUROPEAN UNION,ID-64,ID-6404,ID,ES,0.0,0.0,0.0836385580410437,0.0,0.0836385580410437,0.0,0.0,2.9327080493983617,1.0428607716362621,4006.233172542982
2022,INDONESIA,REFINED PALM OIL,3,NDPE COMMITMENT,KALIMANTAN TIMUR,KUTAI TIMUR,NALA PALMA CADUDASA,ID-PALM-MILL-00721,NPC RESOURCES BERHAD,KUTAI REFINERY NUSANTARA,ID-PALM-REFINERY-0039,ROYAL GOLDEN EAGLE,KUTAI REFINERY NUSANTARA,ROYAL GOLDEN EAGLE,BALIKPAPAN,APICAL MIDDLE EAST FZCO,APICAL MIDDLE EAST FZCO,BELGIUM,EUROPEAN UNION,ID-64,ID-6404,ID,BE,0.0,0.0,0.627388271925466,0.0,0.627388271925466,0.0,0.0,21.998784750342423,7.82269126465164,17346.041775645
2022,INDONESIA,REFINED PALM OIL,3,NDPE COMMITMENT,KALIMANTAN TIMUR,KUTAI TIMUR,NALA PALMA CADUDASA,ID-PALM-MILL-00721,NPC RESOURCES BERHAD,KUTAI REFINERY NUSANTARA,ID-PALM-REFINERY-0039,ROYAL GOLDEN EAGLE,KUTAI REFINERY NUSANTARA,ROYAL GOLDEN EAGLE,BALIKPAPAN,APICAL MIDDLE EAST FZCO,APICAL MIDDLE EAST FZCO,SPAIN,EUROPEAN UNION,ID-64,ID-6404,ID,ES,0.0,0.0,0.96615065292905,0.0,0.96615065292905,0.0,0.0,33.87717176312464,12.046604329740221,25809.32832028838
2022,INDONESIA,REFINED PALM OIL,3,NDPE COMMITMENT,KALIMANTAN TIMUR,KUTAI TIMUR,REA KALTIM PLANTATIONS (CAKRA),ID-PALM-MILL-00680,REA HOLDINGS,KUTAI REFINERY NUSANTARA,ID-PALM-REFINERY-0039,ROYAL GOLDEN EAGLE,KUTAI REFINERY NUSANTARA,ROYAL GOLDEN EAGLE,BALIKPAPAN,AAA OILS & FATS,AAA OILS & FATS,NETHERLANDS,EUROPEAN UNION,ID-64,ID-6404,ID,NL,0.0,0.0,0.0,0.0,0.0,0.0,0.0,16.87515505554445,5.041903397945315,26048.167013123497
2022,INDONESIA,REFINED PALM OIL,3,NDPE COMMITMENT,KALIMANTAN TIMUR,KUTAI TIMUR,REA KALTIM PLANTATIONS (CAKRA),ID-PALM-MILL-00680,REA HOLDINGS,KUTAI REFINERY NUSANTARA,ID-PALM-REFINERY-0039,ROYAL GOLDEN EAGLE,KUTAI REFINERY NUSANTARA,ROYAL GOLDEN EAGLE,BALIKPAPAN,AAA OILS & FATS,AAA OILS & FATS,SPAIN,EUROPEAN UNION,ID-64,ID-6404,ID,ES,0.0,0.0,0.0,0.0,0.0,0.0,0.0,13.500453458464703,4.033621139597853,16433.237986205128
2022,INDONESIA,REFINED PALM OIL,3,NDPE COMMITMENT,KALIMANTAN TIMUR,KUTAI TIMUR,REA KALTIM PLANTATIONS (CAKRA),ID-PALM-MILL-00680,REA HOLDINGS,KUTAI REFINERY NUSANTARA,ID-PALM-REFINERY-0039,ROYAL GOLDEN EAGLE,KUTAI REFINERY NUSANTARA,ROYAL GOLDEN EAGLE,BALIKPAPAN,APICAL (MALAYSIA) SDN BHD,APICAL (MALAYSIA) SDN BHD,ITALY,EUROPEAN UNION,ID-64,ID-6404,ID,IT,0.0,0.0,0.0,0.0,0.0,0.0,0.0,13.500541212201927,4.033647358371231,14195.535567493362
2022,INDONESIA,REFINED PALM OIL,3,NDPE COMMITMENT,KALIMANTAN TIMUR,KUTAI TIMUR,REA KALTIM PLANTATIONS (CAKRA),ID-PALM-MILL-00680,REA HOLDINGS,KUTAI REFINERY NUSANTARA,ID-PALM-REFINERY-0039,ROYAL GOLDEN EAGLE,KUTAI REFINERY NUSANTARA,ROYAL GOLDEN EAGLE,BALIKPAPAN,APICAL (MALAYSIA) SDN BHD,APICAL (MALAYSIA) SDN BHD,SPAIN,EUROPEAN UNION,ID-64,ID-6404,ID,ES,0.0,0.0,0.0,0.0,0.0,0.0,0.0,3.3745733416176265,1.0082439386017643,4609.844361132779
2022,INDONESIA,REFINED PALM OIL,3,NDPE COMMITMENT,KALIMANTAN TIMUR,KUTAI TIMUR,REA KALTIM PLANTATIONS (CAKRA),ID-PALM-MILL-00680,REA HOLDINGS,KUTAI REFINERY NUSANTARA,ID-PALM-REFINERY-0039,ROYAL GOLDEN EAGLE,KUTAI REFINERY NUSANTARA,ROYAL GOLDEN EAGLE,BALIKPAPAN,APICAL MIDDLE EAST FZCO,APICAL MIDDLE EAST FZCO,BELGIUM,EUROPEAN UNION,ID-64,ID-6404,ID,BE,0.0,0.0,0.0,0.0,0.0,0.0,0.0,25.313297919893245,7.563024006323379,19959.53540983584
2022,INDONESIA,REFINED PALM OIL,3,NDPE COMMITMENT,KALIMANTAN TIMUR,KUTAI TIMUR,REA KALTIM PLANTATIONS (CAKRA),ID-PALM-MILL-00680,REA HOLDINGS,KUTAI REFINERY NUSANTARA,ID-PALM-REFINERY-0039,ROYAL GOLDEN EAGLE,KUTAI REFINERY NUSANTARA,ROYAL GOLDEN EAGLE,BALIKPAPAN,APICAL MIDDLE EAST FZCO,APICAL MIDDLE EAST FZCO,SPAIN,EUROPEAN UNION,ID-64,ID-6404,ID,ES,0.0,0.0,0.0,0.0,0.0,0.0,0.0,38.98137789225022,11.64672804514183,29697.96851499401
2022,INDONESIA,REFINED PALM OIL,3,NDPE COMMITMENT,KALIMANTAN TIMUR,KUTAI TIMUR,REA KALTIM PLANTATIONS (CAKRA),ID-PALM-MILL-00680,REA HOLDINGS,LDC EAST INDONESIA,ID-PALM-REFINERY-0075,LOUIS DREYFUS,LDC EAST INDONESIA,LOUIS DREYFUS,BALIKPAPAN,LOUIS DREYFUS,LOUIS DREYFUS,GREECE,EUROPEAN UNION,ID-64,ID-6404,ID,GR,0.0,0.0,0.0,0.0,0.0,0.0,0.0,104.37592611696996,31.185096363303433,20239.819474920845
2022,INDONESIA,REFINED PALM OIL,3,NDPE COMMITMENT,KALIMANTAN TIMUR,KUTAI TIMUR,REA KALTIM PLANTATIONS (CAKRA),ID-PALM-MILL-00680,REA HOLDINGS,LDC EAST INDONESIA,ID-PALM-REFINERY-0075,LOUIS DREYFUS,LDC EAST INDONESIA,LOUIS DREYFUS,BALIKPAPAN,LOUIS DREYFUS,LOUIS DREYFUS,ITALY,EUROPEAN UNION,ID-64,ID-6404,ID,IT,0.0,0.0,0.0,0.0,0.0,0.0,0.0,1429.142787826006,426.9945878643384,760189.2365889961
2022,INDONESIA,REFINED PALM OIL,3,NDPE COMMITMENT,KALIMANTAN TIMUR,KUTAI TIMUR,REA KALTIM PLANTATIONS (CAKRA),ID-PALM-MILL-00680,REA HOLDINGS,LDC EAST INDONESIA,ID-PALM-REFINERY-0075,LOUIS DREYFUS,LDC EAST INDONESIA,LOUIS DREYFUS,BALIKPAPAN,LOUIS DREYFUS,LOUIS DREYFUS,SPAIN,EUROPEAN UNION,ID-64,ID-6404,ID,ES,0.0,0.0,0.0,0.0,0.0,0.0,0.0,2348.397460372913,701.6464794668718,821208.0342756251
2022,INDONESIA,REFINED PALM OIL,3,NDPE COMMITMENT,KALIMANTAN TIMUR,KUTAI TIMUR,SAWIT SUKSES SEJAHTERA,ID-PALM-MILL-00218,EAGLE HIGH PLANTATIONS,KUTAI REFINERY NUSANTARA,ID-PALM-REFINERY-0039,ROYAL GOLDEN EAGLE,KUTAI REFINERY NUSANTARA,ROYAL GOLDEN EAGLE,BALIKPAPAN,AAA OILS & FATS,AAA OILS & FATS,NETHERLANDS,EUROPEAN UNION,ID-64,ID-6404,ID,NL,0.00178795367013859,0.0,0.0,0.0,0.0,0.0,0.0,24.930150747296313,8.9060326498474,38481.7045052608
2022,INDONESIA,REFINED PALM OIL,3,NDPE COMMITMENT,KALIMANTAN TIMUR,KUTAI TIMUR,SAWIT SUKSES SEJAHTERA,ID-PALM-MILL-00218,EAGLE HIGH PLANTATIONS,KUTAI REFINERY NUSANTARA,ID-PALM-REFINERY-0039,ROYAL GOLDEN EAGLE,KUTAI REFINERY NUSANTARA,ROYAL GOLDEN EAGLE,BALIKPAPAN,AAA OILS & FATS,AAA OILS & FATS,SPAIN,EUROPEAN UNION,ID-64,ID-6404,ID,ES,0.00143039783813224,0.0,0.0,0.0,0.0,0.0,0.0,19.944607250633897,7.12499997144189,24277.2939812298
2022,INDONESIA,REFINED PALM OIL,3,NDPE COMMITMENT,KALIMANTAN TIMUR,KUTAI TIMUR,SAWIT SUKSES SEJAHTERA,ID-PALM-MILL-00218,EAGLE HIGH PLANTATIONS,KUTAI REFINERY NUSANTARA,ID-PALM-REFINERY-0039,ROYAL GOLDEN EAGLE,KUTAI REFINERY NUSANTARA,ROYAL GOLDEN EAGLE,BALIKPAPAN,APICAL (MALAYSIA) SDN BHD,APICAL (MALAYSIA) SDN BHD,ITALY,EUROPEAN UNION,ID-64,ID-6404,ID,IT,0.00143040713580187,0.0,0.0,0.0,0.0,0.0,0.0,19.944736891747787,7.12504628435852,20971.4719936716
2022,INDONESIA,REFINED PALM OIL,3,NDPE COMMITMENT,KALIMANTAN TIMUR,KUTAI TIMUR,SAWIT SUKSES SEJAHTERA,ID-PALM-MILL-00218,EAGLE HIGH PLANTATIONS,KUTAI REFINERY NUSANTARA,ID-PALM-REFINERY-0039,ROYAL GOLDEN EAGLE,KUTAI REFINERY NUSANTARA,ROYAL GOLDEN EAGLE,BALIKPAPAN,APICAL (MALAYSIA) SDN BHD,APICAL (MALAYSIA) SDN BHD,SPAIN,EUROPEAN UNION,ID-64,ID-6404,ID,ES,0.000357542243104587,0.0,0.0,0.0,0.0,0.0,0.0,4.985354021188315,1.78096499029659,6810.2553408453
2022,INDONESIA,REFINED PALM OIL,3,NDPE COMMITMENT,KALIMANTAN TIMUR,KUTAI TIMUR,SAWIT SUKSES SEJAHTERA,ID-PALM-MILL-00218,EAGLE HIGH PLANTATIONS,KUTAI REFINERY NUSANTARA,ID-PALM-REFINERY-0039,ROYAL GOLDEN EAGLE,KUTAI REFINERY NUSANTARA,ROYAL GOLDEN EAGLE,BALIKPAPAN,APICAL MIDDLE EAST FZCO,APICAL MIDDLE EAST FZCO,BELGIUM,EUROPEAN UNION,ID-64,ID-6404,ID,BE,0.00268199040365645,0.0,0.0,0.0,0.0,0.0,0.0,37.396061308889784,13.3593473368302,29486.7943420596
2022,INDONESIA,REFINED PALM OIL,3,NDPE COMMITMENT,KALIMANTAN TIMUR,KUTAI TIMUR,SAWIT SUKSES SEJAHTERA,ID-PALM-MILL-00218,EAGLE HIGH PLANTATIONS,KUTAI REFINERY NUSANTARA,ID-PALM-REFINERY-0039,ROYAL GOLDEN EAGLE,KUTAI REFINERY NUSANTARA,ROYAL GOLDEN EAGLE,BALIKPAPAN,APICAL MIDDLE EAST FZCO,APICAL MIDDLE EAST FZCO,SPAIN,EUROPEAN UNION,ID-64,ID-6404,ID,ES,0.00413014857878943,0.0,0.0,0.0,0.0,0.0,0.0,57.58830801805441,20.5728138853667,43873.6609844663
2022,INDONESIA,REFINED PALM OIL,3,NDPE COMMITMENT,KALIMANTAN TIMUR,KUTAI TIMUR,SINERGI AGRO INDUSTRI,ID-PALM-MILL-01052,IJM PLANTATIONS BERHAD,KUTAI REFINERY NUSANTARA,ID-PALM-REFINERY-0039,ROYAL GOLDEN EAGLE,KUTAI REFINERY NUSANTARA,ROYAL GOLDEN EAGLE,BALIKPAPAN,AAA OILS & FATS,AAA OILS & FATS,NETHERLANDS,EUROPEAN UNION,ID-64,ID-6404,ID,NL,0.588813653275716,0.0,0.0,0.0,0.0,0.0,0.0,28.373885223392534,10.13270129652061,43797.3872641421
2022,INDONESIA,REFINED PALM OIL,3,NDPE COMMITMENT,KALIMANTAN TIMUR,KUTAI TIMUR,SINERGI AGRO INDUSTRI,ID-PALM-MILL-01052,IJM PLANTATIONS BERHAD,KUTAI REFINERY NUSANTARA,ID-PALM-REFINERY-0039,ROYAL GOLDEN EAGLE,KUTAI REFINERY NUSANTARA,ROYAL GOLDEN EAGLE,BALIKPAPAN,AAA OILS & FATS,AAA OILS & FATS,SPAIN,EUROPEAN UNION,ID-64,ID-6404,ID,ES,0.47106241664698567,0.0,0.0,0.0,0.0,0.0,0.0,22.699662055453114,8.10635883415222,27630.845875758583
2022,INDONESIA,REFINED PALM OIL,3,NDPE COMMITMENT,KALIMANTAN TIMUR,KUTAI TIMUR,SINERGI AGRO INDUSTRI,ID-PALM-MILL-01052,IJM PLANTATIONS BERHAD,KUTAI REFINERY NUSANTARA,ID-PALM-REFINERY-0039,ROYAL GOLDEN EAGLE,KUTAI REFINERY NUSANTARA,ROYAL GOLDEN EAGLE,BALIKPAPAN,APICAL (MALAYSIA) SDN BHD,APICAL (MALAYSIA) SDN BHD,ITALY,EUROPEAN UNION,ID-64,ID-6404,ID,IT,0.4710654785802506,0.0,0.0,0.0,0.0,0.0,0.0,22.699809604584345,8.10641152595886,23868.37309351464
2022,INDONESIA,REFINED PALM OIL,3,NDPE COMMITMENT,KALIMANTAN TIMUR,KUTAI TIMUR,SINERGI AGRO INDUSTRI,ID-PALM-MILL-01052,IJM PLANTATIONS BERHAD,KUTAI REFINERY NUSANTARA,ID-PALM-REFINERY-0039,ROYAL GOLDEN EAGLE,KUTAI REFINERY NUSANTARA,ROYAL GOLDEN EAGLE,BALIKPAPAN,APICAL (MALAYSIA) SDN BHD,APICAL (MALAYSIA) SDN BHD,SPAIN,EUROPEAN UNION,ID-64,ID-6404,ID,ES,0.1177467614954965,0.0,0.0,0.0,0.0,0.0,0.0,5.674007519209105,2.0262654512663723,7750.99217577321
2022,INDONESIA,REFINED PALM OIL,3,NDPE COMMITMENT,KALIMANTAN TIMUR,KUTAI TIMUR,SINERGI AGRO INDUSTRI,ID-PALM-MILL-01052,IJM PLANTATIONS BERHAD,KUTAI REFINERY NUSANTARA,ID-PALM-REFINERY-0039,ROYAL GOLDEN EAGLE,KUTAI REFINERY NUSANTARA,ROYAL GOLDEN EAGLE,BALIKPAPAN,APICAL MIDDLE EAST FZCO,APICAL MIDDLE EAST FZCO,BELGIUM,EUROPEAN UNION,ID-64,ID-6404,ID,BE,0.883240205829805,0.0,0.0,0.0,0.0,0.0,0.0,42.56177839199238,15.19939140161221,33559.96226208598
2022,INDONESIA,REFINED PALM OIL,3,NDPE COMMITMENT,KALIMANTAN TIMUR,KUTAI TIMUR,SINERGI AGRO INDUSTRI,ID-PALM-MILL-01052,IJM PLANTATIONS BERHAD,KUTAI REFINERY NUSANTARA,ID-PALM-REFINERY-0039,ROYAL GOLDEN EAGLE,KUTAI REFINERY NUSANTARA,ROYAL GOLDEN EAGLE,BALIKPAPAN,APICAL MIDDLE EAST FZCO,APICAL MIDDLE EAST FZCO,SPAIN,EUROPEAN UNION,ID-64,ID-6404,ID,ES,1.3601515038474201,0.0,0.0,0.0,0.0,0.0,0.0,65.54328766306641,23.40640171950237,49934.1634040575
2022,INDONESIA,REFINED PALM OIL,3,NDPE COMMITMENT,KALIMANTAN TIMUR,KUTAI TIMUR,SINERGI AGRO INDUSTRI,ID-PALM-MILL-01052,IJM PLANTATIONS BERHAD,LDC EAST INDONESIA,ID-PALM-REFINERY-0075,LOUIS DREYFUS,LDC EAST INDONESIA,LOUIS DREYFUS,BALIKPAPAN,LOUIS DREYFUS,LOUIS DREYFUS,GREECE,EUROPEAN UNION,ID-64,ID-6404,ID,GR,3.6236567513923017,0.0,0.0,0.0,0.0,0.0,0.0,175.51419351779413,62.676963580513984,34034.4342248564
2022,INDONESIA,REFINED PALM OIL,3,NDPE COMMITMENT,KALIMANTAN TIMUR,KUTAI TIMUR,SINERGI AGRO INDUSTRI,ID-PALM-MILL-01052,IJM PLANTATIONS BERHAD,LDC EAST INDONESIA,ID-PALM-REFINERY-0075,LOUIS DREYFUS,LDC EAST INDONESIA,LOUIS DREYFUS,BALIKPAPAN,LOUIS DREYFUS,LOUIS DREYFUS,ITALY,EUROPEAN UNION,ID-64,ID-6404,ID,IT,49.61606669727408,0.0,0.0,0.0,0.0,0.0,0.0,2403.186761149826,858.1895634012646,1278302.4375879776
2022,INDONESIA,REFINED PALM OIL,3,NDPE COMMITMENT,KALIMANTAN TIMUR,KUTAI TIMUR,SINERGI AGRO INDUSTRI,ID-PALM-MILL-01052,IJM PLANTATIONS BERHAD,LDC EAST INDONESIA,ID-PALM-REFINERY-0075,LOUIS DREYFUS,LDC EAST INDONESIA,LOUIS DREYFUS,BALIKPAPAN,LOUIS DREYFUS,LOUIS DREYFUS,SPAIN,EUROPEAN UNION,ID-64,ID-6404,ID,ES,81.53016340852642,0.0,0.0,0.0,0.0,0.0,0.0,3948.9669854970075,1410.195124222555,1380909.0966502624
2022,INDONESIA,REFINED PALM OIL,3,NDPE COMMITMENT,KALIMANTAN TIMUR,KUTAI TIMUR,SUMBER KHARISMA PERSADA,ID-PALM-MILL-00084,ASTRA AGRO LESTARI,KUTAI REFINERY NUSANTARA,ID-PALM-REFINERY-0039,ROYAL GOLDEN EAGLE,KUTAI REFINERY NUSANTARA,ROYAL GOLDEN EAGLE,BALIKPAPAN,AAA OILS & FATS,AAA OILS & FATS,NETHERLANDS,EUROPEAN UNION,ID-64,ID-6404,ID,NL,0.1691180728834789,0.0,0.0,0.0,0.0,0.0,0.0,17.849622091519386,6.0423289588504305,27552.33571665906
2022,INDONESIA,REFINED PALM OIL,3,NDPE COMMITMENT,KALIMANTAN TIMUR,KUTAI TIMUR,SUMBER KHARISMA PERSADA,ID-PALM-MILL-00084,ASTRA AGRO LESTARI,KUTAI REFINERY NUSANTARA,ID-PALM-REFINERY-0039,ROYAL GOLDEN EAGLE,KUTAI REFINERY NUSANTARA,ROYAL GOLDEN EAGLE,BALIKPAPAN,AAA OILS & FATS,AAA OILS & FATS,SPAIN,EUROPEAN UNION,ID-64,ID-6404,ID,ES,0.135297759601829,0.0,0.0,0.0,0.0,0.0,0.0,14.280046109476556,4.83398111728116,17382.18622752077
2022,INDONESIA,REFINED PALM OIL,3,NDPE COMMITMENT,KALIMANTAN TIMUR,KUTAI TIMUR,SUMBER KHARISMA PERSADA,ID-PALM-MILL-00084,ASTRA AGRO LESTARI,KUTAI REFINERY NUSANTARA,ID-PALM-REFINERY-0039,ROYAL GOLDEN EAGLE,KUTAI REFINERY NUSANTARA,ROYAL GOLDEN EAGLE,BALIKPAPAN,APICAL (MALAYSIA) SDN BHD,APICAL (MALAYSIA) SDN BHD,ITALY,EUROPEAN UNION,ID-64,ID-6404,ID,IT,0.1352986390451815,0.0,0.0,0.0,0.0,0.0,0.0,14.280138930611653,4.83401253844122,15015.26619651589
2022,INDONESIA,REFINED PALM OIL,3,NDPE COMMITMENT,KALIMANTAN TIMUR,KUTAI TIMUR,SUMBER KHARISMA PERSADA,ID-PALM-MILL-00084,ASTRA AGRO LESTARI,KUTAI REFINERY NUSANTARA,ID-PALM-REFINERY-0039,ROYAL GOLDEN EAGLE,KUTAI REFINERY NUSANTARA,ROYAL GOLDEN EAGLE,BALIKPAPAN,APICAL (MALAYSIA) SDN BHD,APICAL (MALAYSIA) SDN BHD,SPAIN,EUROPEAN UNION,ID-64,ID-6404,ID,ES,0.0338190279413656,0.0,0.0,0.0,0.0,0.0,0.0,3.5694403203838982,1.2083019183353492,4876.04288530119
2022,INDONESIA,REFINED PALM OIL,3,NDPE COMMITMENT,KALIMANTAN TIMUR,KUTAI TIMUR,SUMBER KHARISMA PERSADA,ID-PALM-MILL-00084,ASTRA AGRO LESTARI,KUTAI REFINERY NUSANTARA,ID-PALM-REFINERY-0039,ROYAL GOLDEN EAGLE,KUTAI REFINERY NUSANTARA,ROYAL GOLDEN EAGLE,BALIKPAPAN,APICAL MIDDLE EAST FZCO,APICAL MIDDLE EAST FZCO,BELGIUM,EUROPEAN UNION,ID-64,ID-6404,ID,BE,0.253682774969892,0.0,0.0,0.0,0.0,0.0,0.0,26.775031119591844,9.06369586305675,21112.112037798208
2022,INDONESIA,REFINED PALM OIL,3,NDPE COMMITMENT,KALIMANTAN TIMUR,KUTAI TIMUR,SUMBER KHARISMA PERSADA,ID-PALM-MILL-00084,ASTRA AGRO LESTARI,KUTAI REFINERY NUSANTARA,ID-PALM-REFINERY-0039,ROYAL GOLDEN EAGLE,KUTAI REFINERY NUSANTARA,ROYAL GOLDEN EAGLE,BALIKPAPAN,APICAL MIDDLE EAST FZCO,APICAL MIDDLE EAST FZCO,SPAIN,EUROPEAN UNION,ID-64,ID-6404,ID,ES,0.390660440498531,0.0,0.0,0.0,0.0,0.0,0.0,41.23238344733115,13.95769743856949,31412.89743019688
2022,INDONESIA,REFINED PALM OIL,3,NDPE COMMITMENT,KALIMANTAN TIMUR,KUTAI TIMUR,SWAKARSA SINARSENTOSA (POM 1),ID-PALM-MILL-00196,DHARMA SATYA NUSANTARA (DSN),KUTAI REFINERY NUSANTARA,ID-PALM-REFINERY-0039,ROYAL GOLDEN EAGLE,KUTAI REFINERY NUSANTARA,ROYAL GOLDEN EAGLE,BALIKPAPAN,AAA OILS & FATS,AAA OILS & FATS,NETHERLANDS,EUROPEAN UNION,ID-64,ID-6404,ID,NL,0.0,0.0,0.0,0.0,0.0,0.0,0.0,11.025794796105075,3.9157229740591015,17019.206244686364
2022,INDONESIA,REFINED PALM OIL,3,NDPE COMMITMENT,KALIMANTAN TIMUR,KUTAI TIMUR,SWAKARSA SINARSENTOSA (POM 1),ID-PALM-MILL-00196,DHARMA SATYA NUSANTARA (DSN),KUTAI REFINERY NUSANTARA,ID-PALM-REFINERY-0039,ROYAL GOLDEN EAGLE,KUTAI REFINERY NUSANTARA,ROYAL GOLDEN EAGLE,BALIKPAPAN,AAA OILS & FATS,AAA OILS & FATS,SPAIN,EUROPEAN UNION,ID-64,ID-6404,ID,ES,0.0,0.0,0.0,0.0,0.0,0.0,0.0,8.820851067587181,3.1326548167127513,10737.057483328144
2022,INDONESIA,REFINED PALM OIL,3,NDPE COMMITMENT,KALIMANTAN TIMUR,KUTAI TIMUR,SWAKARSA SINARSENTOSA (POM 1),ID-PALM-MILL-00196,DHARMA SATYA NUSANTARA (DSN),KUTAI REFINERY NUSANTARA,ID-PALM-REFINERY-0039,ROYAL GOLDEN EAGLE,KUTAI REFINERY NUSANTARA,ROYAL GOLDEN EAGLE,BALIKPAPAN,APICAL (MALAYSIA) SDN BHD,APICAL (MALAYSIA) SDN BHD,ITALY,EUROPEAN UNION,ID-64,ID-6404,ID,IT,0.0,0.0,0.0,0.0,0.0,0.0,0.0,8.820908403635153,3.1326751791523137,9274.999943574938
2022,INDONESIA,REFINED PALM OIL,3,NDPE COMMITMENT,KALIMANTAN TIMUR,KUTAI TIMUR,SWAKARSA SINARSENTOSA (POM 1),ID-PALM-MILL-00196,DHARMA SATYA NUSANTARA (DSN),KUTAI REFINERY NUSANTARA,ID-PALM-REFINERY-0039,ROYAL GOLDEN EAGLE,KUTAI REFINERY NUSANTARA,ROYAL GOLDEN EAGLE,BALIKPAPAN,APICAL (MALAYSIA) SDN BHD,APICAL (MALAYSIA) SDN BHD,SPAIN,EUROPEAN UNION,ID-64,ID-6404,ID,ES,0.0,0.0,0.0,0.0,0.0,0.0,0.0,2.204859929678556,0.7830383968577528,3011.9544265243703
2022,INDONESIA,REFINED PALM OIL,3,NDPE COMMITMENT,KALIMANTAN TIMUR,KUTAI TIMUR,SWAKARSA SINARSENTOSA (POM 1),ID-PALM-MILL-00196,DHARMA SATYA NUSANTARA (DSN),KUTAI REFINERY NUSANTARA,ID-PALM-REFINERY-0039,ROYAL GOLDEN EAGLE,KUTAI REFINERY NUSANTARA,ROYAL GOLDEN EAGLE,BALIKPAPAN,APICAL MIDDLE EAST FZCO,APICAL MIDDLE EAST FZCO,BELGIUM,EUROPEAN UNION,ID-64,ID-6404,ID,BE,0.0,0.0,0.0,0.0,0.0,0.0,0.0,16.53906157062046,5.873715642189735,13041.05004843426
2022,INDONESIA,REFINED PALM OIL,3,NDPE COMMITMENT,KALIMANTAN TIMUR,KUTAI TIMUR,SWAKARSA SINARSENTOSA (POM 1),ID-PALM-MILL-00196,DHARMA SATYA NUSANTARA (DSN),KUTAI REFINERY NUSANTARA,ID-PALM-REFINERY-0039,ROYAL GOLDEN EAGLE,KUTAI REFINERY NUSANTARA,ROYAL GOLDEN EAGLE,BALIKPAPAN,APICAL MIDDLE EAST FZCO,APICAL MIDDLE EAST FZCO,SPAIN,EUROPEAN UNION,ID-64,ID-6404,ID,ES,0.0,0.0,0.0,0.0,0.0,0.0,0.0,25.46943551598151,9.04526663433607,19403.893216372544
2022,INDONESIA,REFINED PALM OIL,3,NDPE COMMITMENT,KALIMANTAN TIMUR,KUTAI TIMUR,SWAKARSA SINARSENTOSA (POM 1),ID-PALM-MILL-00196,DHARMA SATYA NUSANTARA (DSN),SMART TBK (SURABAYA REFINERY),ID-PALM-REFINERY-0019,SINAR MAS,SINAR MAS AGRO RESOURCES AND TECHNOLOGY,SINAR MAS,TANJUNG PERAK,WINKER VAN SINKER GMBH,WINKER VAN SINKER GMBH,BULGARIA,EUROPEAN UNION,ID-64,ID-6404,ID,BG,0.0,0.0,0.0,0.0,0.0,0.0,0.0,0.2710750593903438,0.09627014264079799,413.32169680542665
2022,INDONESIA,REFINED PALM OIL,3,NDPE COMMITMENT,KALIMANTAN TIMUR,KUTAI TIMUR,SWAKARSA SINARSENTOSA (POM 4),ID-PALM-MILL-00197,DHARMA SATYA NUSANTARA (DSN),KUTAI REFINERY NUSANTARA,ID-PALM-REFINERY-0039,ROYAL GOLDEN EAGLE,KUTAI REFINERY NUSANTARA,ROYAL GOLDEN EAGLE,BALIKPAPAN,AAA OILS & FATS,AAA OILS & FATS,NETHERLANDS,EUROPEAN UNION,ID-64,ID-6404,ID,NL,0.0,0.0,0.0,0.0,0.0,0.0,0.0,44.417154084373614,15.774397574671394,68561.47063711079
2022,INDONESIA,REFINED PALM OIL,3,NDPE COMMITMENT,KALIMANTAN TIMUR,KUTAI TIMUR,SWAKARSA SINARSENTOSA (POM 4),ID-PALM-MILL-00197,DHARMA SATYA NUSANTARA (DSN),KUTAI REFINERY NUSANTARA,ID-PALM-REFINERY-0039,ROYAL GOLDEN EAGLE,KUTAI REFINERY NUSANTARA,ROYAL GOLDEN EAGLE,BALIKPAPAN,AAA OILS & FATS,AAA OILS & FATS,SPAIN,EUROPEAN UNION,ID-64,ID-6404,ID,ES,0.0,0.0,0.0,0.0,0.0,0.0,0.0,35.53459031930617,12.619825986262509,43253.98263517775
2022,INDONESIA,REFINED PALM OIL,3,NDPE COMMITMENT,KALIMANTAN TIMUR,KUTAI TIMUR,SWAKARSA SINARSENTOSA (POM 4),ID-PALM-MILL-00197,DHARMA SATYA NUSANTARA (DSN),KUTAI REFINERY NUSANTARA,ID-PALM-REFINERY-0039,ROYAL GOLDEN EAGLE,KUTAI REFINERY NUSANTARA,ROYAL GOLDEN EAGLE,BALIKPAPAN,APICAL (MALAYSIA) SDN BHD,APICAL (MALAYSIA) SDN BHD,ITALY,EUROPEAN UNION,ID-64,ID-6404,ID,IT,0.0,0.0,0.0,0.0,0.0,0.0,0.0,35.534821296222006,12.619908015869765,37364.11834653907
2022,INDONESIA,REFINED PALM OIL,3,NDPE COMMITMENT,KALIMANTAN TIMUR,KUTAI TIMUR,SWAKARSA SINARSENTOSA (POM 4),ID-PALM-MILL-00197,DHARMA SATYA NUSANTARA (DSN),KUTAI REFINERY NUSANTARA,ID-PALM-REFINERY-0039,ROYAL GOLDEN EAGLE,KUTAI REFINERY NUSANTARA,ROYAL GOLDEN EAGLE,BALIKPAPAN,APICAL (MALAYSIA) SDN BHD,APICAL (MALAYSIA) SDN BHD,SPAIN,EUROPEAN UNION,ID-64,ID-6404,ID,ES,0.0,0.0,0.0,0.0,0.0,0.0,0.0,8.88222618342119,3.154451698983008,12133.587313388345
2022,INDONESIA,REFINED PALM OIL,3,NDPE COMMITMENT,KALIMANTAN TIMUR,KUTAI TIMUR,SWAKARSA SINARSENTOSA (POM 4),ID-PALM-MILL-00197,DHARMA SATYA NUSANTARA (DSN),KUTAI REFINERY NUSANTARA,ID-PALM-REFINERY-0039,ROYAL GOLDEN EAGLE,KUTAI REFINERY NUSANTARA,ROYAL GOLDEN EAGLE,BALIKPAPAN,APICAL MIDDLE EAST FZCO,APICAL MIDDLE EAST FZCO,BELGIUM,EUROPEAN UNION,ID-64,ID-6404,ID,BE,0.0,0.0,0.0,0.0,0.0,0.0,0.0,66.62721915092222,23.66212482197646,52535.5623005022
2022,INDONESIA,REFINED PALM OIL,3,NDPE COMMITMENT,KALIMANTAN TIMUR,KUTAI TIMUR,SWAKARSA SINARSENTOSA (POM 4),ID-PALM-MILL-00197,DHARMA SATYA NUSANTARA (DSN),KUTAI REFINERY NUSANTARA,ID-PALM-REFINERY-0039,ROYAL GOLDEN EAGLE,KUTAI REFINERY NUSANTARA,ROYAL GOLDEN EAGLE,BALIKPAPAN,APICAL MIDDLE EAST FZCO,APICAL MIDDLE EAST FZCO,SPAIN,EUROPEAN UNION,ID-64,ID-6404,ID,ES,0.0,0.0,0.0,0.0,0.0,0.0,0.0,102.60301979817342,36.43864313287181,78168.12581464036
2022,INDONESIA,REFINED PALM OIL,3,NDPE COMMITMENT,KALIMANTAN TIMUR,KUTAI TIMUR,SWAKARSA SINARSENTOSA (POM 4),ID-PALM-MILL-00197,DHARMA SATYA NUSANTARA (DSN),SMART TBK (SURABAYA REFINERY),ID-PALM-REFINERY-0019,SINAR MAS,SINAR MAS AGRO RESOURCES AND TECHNOLOGY,SINAR MAS,TANJUNG PERAK,WINKER VAN SINKER GMBH,WINKER VAN SINKER GMBH,BULGARIA,EUROPEAN UNION,ID-64,ID-6404,ID,BG,0.0,0.0,0.0,0.0,0.0,0.0,0.0,1.0920194783259471,0.38782199727782735,1665.0566995774916
2022,INDONESIA,REFINED PALM OIL,3,NDPE COMMITMENT,KALIMANTAN TIMUR,KUTAI TIMUR,TAPIAN NADENGGAN (JAK LUAY),ID-PALM-MILL-00275,SINAR MAS,SMART TBK (SURABAYA REFINERY),ID-PALM-REFINERY-0019,SINAR MAS,SINAR MAS AGRO RESOURCES AND TECHNOLOGY,SINAR MAS,TANJUNG PERAK,WINKER VAN SINKER GMBH,WINKER VAN SINKER GMBH,BULGARIA,EUROPEAN UNION,ID-64,ID-6404,ID,BG,0.0,0.0,0.0,0.0,0.0,0.0,0.0,1.4769849752263893,0.516109629278469,2252.03284097643
2022,INDONESIA,REFINED PALM OIL,3,NDPE COMMITMENT,KALIMANTAN TIMUR,KUTAI TIMUR,TAPIAN NADENGGAN (JAK LUAY),ID-PALM-MILL-00275,SINAR MAS,SMART TBK (TARJUN REFINERY & KERNEL CRUSHING PLANT),ID-PALM-REFINERY-0020,SINAR MAS,SINAR MAS AGRO RESOURCES AND TECHNOLOGY,SINAR MAS,TARJUN,CASA OLEARIA ITALIANA S P A,CASA OLEARIA ITALIANA S P A,ITALY,EUROPEAN UNION,ID-64,ID-6404,ID,IT,0.0,0.0,0.0,0.0,0.0,0.0,0.0,28.633705261273576,10.0056068647548,27202.0199982099
2022,INDONESIA,REFINED PALM OIL,3,NDPE COMMITMENT,KALIMANTAN TIMUR,KUTAI TIMUR,TAPIAN NADENGGAN (JAK LUAY),ID-PALM-MILL-00275,SINAR MAS,SMART TBK (TARJUN REFINERY & KERNEL CRUSHING PLANT),ID-PALM-REFINERY-0020,SINAR MAS,SINAR MAS AGRO RESOURCES AND TECHNOLOGY,SINAR MAS,TARJUN,GOLDEN AGRI INTERNATIONAL,GOLDEN AGRI INTERNATIONAL,ITALY,EUROPEAN UNION,ID-64,ID-6404,ID,IT,0.0,0.0,0.0,0.0,0.0,0.0,0.0,1487.6551237643366,519.838148185999,1530780.88463093
2022,INDONESIA,REFINED PALM OIL,3,NDPE COMMITMENT,KALIMANTAN TIMUR,KUTAI TIMUR,TAPIAN NADENGGAN (JAK LUAY),ID-PALM-MILL-00275,SINAR MAS,SMART TBK (TARJUN REFINERY & KERNEL CRUSHING PLANT),ID-PALM-REFINERY-0020,SINAR MAS,SINAR MAS AGRO RESOURCES AND TECHNOLOGY,SINAR MAS,TARJUN,GOLDEN AGRI INTERNATIONAL,GOLDEN AGRI INTERNATIONAL,NETHERLANDS,EUROPEAN UNION,ID-64,ID-6404,ID,NL,0.0,0.0,0.0,0.0,0.0,0.0,0.0,143.23215612585577,50.050268783229,180973.829265019
2022,INDONESIA,REFINED PALM OIL,3,NDPE COMMITMENT,KALIMANTAN TIMUR,KUTAI TIMUR,TAPIAN NADENGGAN (JAK LUAY),ID-PALM-MILL-00275,SINAR MAS,SMART TBK (TARJUN REFINERY & KERNEL CRUSHING PLANT),ID-PALM-REFINERY-0020,SINAR MAS,SINAR MAS AGRO RESOURCES AND TECHNOLOGY,SINAR MAS,TARJUN,GOLDEN AGRI INTERNATIONAL,GOLDEN AGRI INTERNATIONAL,SPAIN,EUROPEAN UNION,ID-64,ID-6404,ID,ES,0.0,0.0,0.0,0.0,0.0,0.0,0.0,28.646425495336,10.0100517544432,27622.3157838778
2022,INDONESIA,REFINED PALM OIL,3,NDPE COMMITMENT,KALIMANTAN TIMUR,KUTAI TIMUR,TAPIAN NADENGGAN (JAK LUAY),ID-PALM-MILL-00275,SINAR MAS,SMART TBK (TARJUN REFINERY & KERNEL CRUSHING PLANT),ID-PALM-REFINERY-0020,SINAR MAS,SINAR MAS AGRO RESOURCES AND TECHNOLOGY,SINAR MAS,TARJUN,ITAL BI OIL SRL,ITAL BI OIL SRL,ITALY,EUROPEAN UNION,ID-64,ID-6404,ID,IT,0.0,0.0,0.0,0.0,0.0,0.0,0.0,186.21285295072525,65.0692106658391,176902.210303189
2022,INDONESIA,REFINED PALM OIL,3,NDPE COMMITMENT,KALIMANTAN TIMUR,KUTAI TIMUR,TELEN (PENGADAN BAAY),ID-PALM-MILL-00879,TELADAN PRIMA,KUTAI REFINERY NUSANTARA,ID-PALM-REFINERY-0039,ROYAL GOLDEN EAGLE,KUTAI REFINERY NUSANTARA,ROYAL GOLDEN EAGLE,BALIKPAPAN,AAA OILS & FATS,AAA OILS & FATS,NETHERLANDS,EUROPEAN UNION,ID-64,ID-6404,ID,NL,0.27203096006232386,0.0,0.0,0.0,0.0,0.0,0.0,26.20895099845304,9.23866235105411,40455.63614671326
2022,INDONESIA,REFINED PALM OIL,3,NDPE COMMITMENT,KALIMANTAN TIMUR,KUTAI TIMUR,TELEN (PENGADAN BAAY),ID-PALM-MILL-00879,TELADAN PRIMA,KUTAI REFINERY NUSANTARA,ID-PALM-REFINERY-0039,ROYAL GOLDEN EAGLE,KUTAI REFINERY NUSANTARA,ROYAL GOLDEN EAGLE,BALIKPAPAN,AAA OILS & FATS,AAA OILS & FATS,SPAIN,EUROPEAN UNION,ID-64,ID-6404,ID,ES,0.2176300782715609,0.0,0.0,0.0,0.0,0.0,0.0,20.96767241457398,7.39111022555589,25522.60573065716
2022,INDONESIA,REFINED PALM OIL,3,NDPE COMMITMENT,KALIMANTAN TIMUR,KUTAI TIMUR,TELEN (PENGADAN BAAY),ID-PALM-MILL-00879,TELADAN PRIMA,KUTAI REFINERY NUSANTARA,ID-PALM-REFINERY-0039,ROYAL GOLDEN EAGLE,KUTAI REFINERY NUSANTARA,ROYAL GOLDEN EAGLE,BALIKPAPAN,APICAL (MALAYSIA) SDN BHD,APICAL (MALAYSIA) SDN BHD,ITALY,EUROPEAN UNION,ID-64,ID-6404,ID,IT,0.2176314928798013,0.0,0.0,0.0,0.0,0.0,0.0,20.96780870567123,7.391158268204745,22047.210521066707
2022,INDONESIA,REFINED PALM OIL,3,NDPE COMMITMENT,KALIMANTAN TIMUR,KUTAI TIMUR,TELEN (PENGADAN BAAY),ID-PALM-MILL-00879,TELADAN PRIMA,KUTAI REFINERY NUSANTARA,ID-PALM-REFINERY-0039,ROYAL GOLDEN EAGLE,KUTAI REFINERY NUSANTARA,ROYAL GOLDEN EAGLE,BALIKPAPAN,APICAL (MALAYSIA) SDN BHD,APICAL (MALAYSIA) SDN BHD,SPAIN,EUROPEAN UNION,ID-64,ID-6404,ID,ES,0.05439881428641189,0.0,0.0,0.0,0.0,0.0,0.0,5.2410793891984735,1.847481909319123,7159.589619991573
2022,INDONESIA,REFINED PALM OIL,3,NDPE COMMITMENT,KALIMANTAN TIMUR,KUTAI TIMUR,TELEN (PENGADAN BAAY),ID-PALM-MILL-00879,TELADAN PRIMA,KUTAI REFINERY NUSANTARA,ID-PALM-REFINERY-0039,ROYAL GOLDEN EAGLE,KUTAI REFINERY NUSANTARA,ROYAL GOLDEN EAGLE,BALIKPAPAN,APICAL MIDDLE EAST FZCO,APICAL MIDDLE EAST FZCO,BELGIUM,EUROPEAN UNION,ID-64,ID-6404,ID,BE,0.40805555343503375,0.0,0.0,0.0,0.0,0.0,0.0,39.31430452686426,13.85830303210736,30999.3291194325
2022,INDONESIA,REFINED PALM OIL,3,NDPE COMMITMENT,KALIMANTAN TIMUR,KUTAI TIMUR,TELEN (PENGADAN BAAY),ID-PALM-MILL-00879,TELADAN PRIMA,KUTAI REFINERY NUSANTARA,ID-PALM-REFINERY-0039,ROYAL GOLDEN EAGLE,KUTAI REFINERY NUSANTARA,ROYAL GOLDEN EAGLE,BALIKPAPAN,APICAL MIDDLE EAST FZCO,APICAL MIDDLE EAST FZCO,SPAIN,EUROPEAN UNION,ID-64,ID-6404,ID,ES,0.6283878054854983,0.0,0.0,0.0,0.0,0.0,0.0,60.542319147135466,21.34118395593767,46124.1748002397
2022,INDONESIA,REFINED PALM OIL,3,NDPE COMMITMENT,KALIMANTAN TIMUR,KUTAI TIMUR,TELEN PRIMA SAWIT (MUARA BENGKAL),ID-PALM-MILL-00876,TELADAN PRIMA,KUTAI REFINERY NUSANTARA,ID-PALM-REFINERY-0039,ROYAL GOLDEN EAGLE,KUTAI REFINERY NUSANTARA,ROYAL GOLDEN EAGLE,BALIKPAPAN,AAA OILS & FATS,AAA OILS & FATS,NETHERLANDS,EUROPEAN UNION,ID-64,ID-6404,ID,NL,0.0,0.0,0.0,0.0,0.0,0.0,0.0,42.294740064417894,14.51990267597124,65285.3528959209
2022,INDONESIA,REFINED PALM OIL,3,NDPE COMMITMENT,KALIMANTAN TIMUR,KUTAI TIMUR,TELEN PRIMA SAWIT (MUARA BENGKAL),ID-PALM-MILL-00876,TELADAN PRIMA,KUTAI REFINERY NUSANTARA,ID-PALM-REFINERY-0039,ROYAL GOLDEN EAGLE,KUTAI REFINERY NUSANTARA,ROYAL GOLDEN EAGLE,BALIKPAPAN,AAA OILS & FATS,AAA OILS & FATS,SPAIN,EUROPEAN UNION,ID-64,ID-6404,ID,ES,0.0,0.0,0.0,0.0,0.0,0.0,0.0,33.8366176724362,11.61620557874404,41187.1491998471
2022,INDONESIA,REFINED PALM OIL,3,NDPE COMMITMENT,KALIMANTAN TIMUR,KUTAI TIMUR,TELEN PRIMA SAWIT (MUARA BENGKAL),ID-PALM-MILL-00876,TELADAN PRIMA,KUTAI REFINERY NUSANTARA,ID-PALM-REFINERY-0039,ROYAL GOLDEN EAGLE,KUTAI REFINERY NUSANTARA,ROYAL GOLDEN EAGLE,BALIKPAPAN,APICAL (MALAYSIA) SDN BHD,APICAL (MALAYSIA) SDN BHD,ITALY,EUROPEAN UNION,ID-64,ID-6404,ID,IT,0.0,0.0,0.0,0.0,0.0,0.0,0.0,33.83683761243049,11.61628108475986,35578.72416141546
2022,INDONESIA,REFINED PALM OIL,3,NDPE COMMITMENT,KALIMANTAN TIMUR,KUTAI TIMUR,TELEN PRIMA SAWIT (MUARA BENGKAL),ID-PALM-MILL-00876,TELADAN PRIMA,KUTAI REFINERY NUSANTARA,ID-PALM-REFINERY-0039,ROYAL GOLDEN EAGLE,KUTAI REFINERY NUSANTARA,ROYAL GOLDEN EAGLE,BALIKPAPAN,APICAL (MALAYSIA) SDN BHD,APICAL (MALAYSIA) SDN BHD,SPAIN,EUROPEAN UNION,ID-64,ID-6404,ID,ES,0.0,0.0,0.0,0.0,0.0,0.0,0.0,8.457800941220853,2.903586742280987,11553.800148785851
2022,INDONESIA,REFINED PALM OIL,3,NDPE COMMITMENT,KALIMANTAN TIMUR,KUTAI TIMUR,TELEN PRIMA SAWIT (MUARA BENGKAL),ID-PALM-MILL-00876,TELADAN PRIMA,KUTAI REFINERY NUSANTARA,ID-PALM-REFINERY-0039,ROYAL GOLDEN EAGLE,KUTAI REFINERY NUSANTARA,ROYAL GOLDEN EAGLE,BALIKPAPAN,APICAL MIDDLE EAST FZCO,APICAL MIDDLE EAST FZCO,BELGIUM,EUROPEAN UNION,ID-64,ID-6404,ID,BE,0.0,0.0,0.0,0.0,0.0,0.0,0.0,63.443527017744216,21.780340446943402,50025.2210534914
2022,INDONESIA,REFINED PALM OIL,3,NDPE COMMITMENT,KALIMANTAN TIMUR,KUTAI TIMUR,TELEN PRIMA SAWIT (MUARA BENGKAL),ID-PALM-MILL-00876,TELADAN PRIMA,KUTAI REFINERY NUSANTARA,ID-PALM-REFINERY-0039,ROYAL GOLDEN EAGLE,KUTAI REFINERY NUSANTARA,ROYAL GOLDEN EAGLE,BALIKPAPAN,APICAL MIDDLE EAST FZCO,APICAL MIDDLE EAST FZCO,SPAIN,EUROPEAN UNION,ID-64,ID-6404,ID,ES,0.0,0.0,0.0,0.0,0.0,0.0,0.0,97.70027237550494,33.54077703628353,74432.9669652575
2022,INDONESIA,REFINED PALM OIL,3,NDPE COMMITMENT,KALIMANTAN TIMUR,KUTAI TIMUR,TUNAS PRIMA SEJAHTERA,ID-PALM-MILL-01009,LOW YAT,LDC EAST INDONESIA,ID-PALM-REFINERY-0075,LOUIS DREYFUS,LDC EAST INDONESIA,LOUIS DREYFUS,BALIKPAPAN,LOUIS DREYFUS,LOUIS DREYFUS,GREECE,EUROPEAN UNION,ID-64,ID-6404,ID,GR,0.0,0.0,0.0,0.0,0.0,0.0,0.0,47.39161828019937,16.7704247005435,9189.83748743613
2022,INDONESIA,REFINED PALM OIL,3,NDPE COMMITMENT,KALIMANTAN TIMUR,KUTAI TIMUR,TUNAS PRIMA SEJAHTERA,ID-PALM-MILL-01009,LOW YAT,LDC EAST INDONESIA,ID-PALM-REFINERY-0075,LOUIS DREYFUS,LDC EAST INDONESIA,LOUIS DREYFUS,BALIKPAPAN,LOUIS DREYFUS,LOUIS DREYFUS,ITALY,EUROPEAN UNION,ID-64,ID-6404,ID,IT,0.0,0.0,0.0,0.0,0.0,0.0,0.0,648.8985725755242,229.6250907771746,345161.9493250608
2022,INDONESIA,REFINED PALM OIL,3,NDPE COMMITMENT,KALIMANTAN TIMUR,KUTAI TIMUR,TUNAS PRIMA SEJAHTERA,ID-PALM-MILL-01009,LOW YAT,LDC EAST INDONESIA,ID-PALM-REFINERY-0075,LOUIS DREYFUS,LDC EAST INDONESIA,LOUIS DREYFUS,BALIKPAPAN,LOUIS DREYFUS,LOUIS DREYFUS,SPAIN,EUROPEAN UNION,ID-64,ID-6404,ID,ES,0.0,0.0,0.0,0.0,0.0,0.0,0.0,1066.2837701431226,377.3247744120214,372867.3760020965
2022,INDONESIA,REFINED PALM OIL,3,NDPE COMMITMENT,KALIMANTAN TIMUR,KUTAI TIMUR,YUDHA WAHANA ABADI,ID-PALM-MILL-00990,TRIPUTRA AGRO PERSADA,KUTAI REFINERY NUSANTARA,ID-PALM-REFINERY-0039,ROYAL GOLDEN EAGLE,KUTAI REFINERY NUSANTARA,ROYAL GOLDEN EAGLE,BALIKPAPAN,AAA OILS & FATS,AAA OILS & FATS,NETHERLANDS,EUROPEAN UNION,ID-64,ID-6404,ID,NL,0.3119879623171825,0.0598894485715453,37.3375858296908,37.3375858296908,0.0,76.8042941576935,0.0,14.265498540831198,4.851561107295241,22019.95106379488
2022,INDONESIA,REFINED PALM OIL,3,NDPE COMMITMENT,KALIMANTAN TIMUR,KUTAI TIMUR,YUDHA WAHANA ABADI,ID-PALM-MILL-00990,TRIPUTRA AGRO PERSADA,KUTAI REFINERY NUSANTARA,ID-PALM-REFINERY-0039,ROYAL GOLDEN EAGLE,KUTAI REFINERY NUSANTARA,ROYAL GOLDEN EAGLE,BALIKPAPAN,AAA OILS & FATS,AAA OILS & FATS,SPAIN,EUROPEAN UNION,ID-64,ID-6404,ID,ES,0.2495964600621836,0.0479127279383197,29.8707975177718,29.8707975177718,0.0,61.4449345960524,0.0,11.412677304497407,3.8813435914721808,13891.921688524979
2022,INDONESIA,REFINED PALM OIL,3,NDPE COMMITMENT,KALIMANTAN TIMUR,KUTAI TIMUR,YUDHA WAHANA ABADI,ID-PALM-MILL-00990,TRIPUTRA AGRO PERSADA,KUTAI REFINERY NUSANTARA,ID-PALM-REFINERY-0039,ROYAL GOLDEN EAGLE,KUTAI REFINERY NUSANTARA,ROYAL GOLDEN EAGLE,BALIKPAPAN,APICAL (MALAYSIA) SDN BHD,APICAL (MALAYSIA) SDN BHD,ITALY,EUROPEAN UNION,ID-64,ID-6404,ID,IT,0.24959808245377577,0.0479130393738542,29.8709916797031,29.8709916797031,0.0,61.4453339917218,0.0,11.412751487567546,3.881368820432582,12000.268516517071
2022,INDONESIA,REFINED PALM OIL,3,NDPE COMMITMENT,KALIMANTAN TIMUR,KUTAI TIMUR,YUDHA WAHANA ABADI,ID-PALM-MILL-00990,TRIPUTRA AGRO PERSADA,KUTAI REFINERY NUSANTARA,ID-PALM-REFINERY-0039,ROYAL GOLDEN EAGLE,KUTAI REFINERY NUSANTARA,ROYAL GOLDEN EAGLE,BALIKPAPAN,APICAL (MALAYSIA) SDN BHD,APICAL (MALAYSIA) SDN BHD,SPAIN,EUROPEAN UNION,ID-64,ID-6404,ID,ES,0.062389131067287815,0.0119762654582137,7.46650453678865,7.46650453678865,0.0,15.3587758295089,0.0,2.8527128149235716,0.970180642727089,3896.95548223079
2022,INDONESIA,REFINED PALM OIL,3,NDPE COMMITMENT,KALIMANTAN TIMUR,KUTAI TIMUR,YUDHA WAHANA ABADI,ID-PALM-MILL-00990,TRIPUTRA AGRO PERSADA,KUTAI REFINERY NUSANTARA,ID-PALM-REFINERY-0039,ROYAL GOLDEN EAGLE,KUTAI REFINERY NUSANTARA,ROYAL GOLDEN EAGLE,BALIKPAPAN,APICAL MIDDLE EAST FZCO,APICAL MIDDLE EAST FZCO,BELGIUM,EUROPEAN UNION,ID-64,ID-6404,ID,BE,0.4679923954216058,0.0898361792208577,56.00762959544,56.00762959544,0.0,115.209014266334,0.0,21.398725721410074,7.27750419366855,16872.89523133187
2022,INDONESIA,REFINED PALM OIL,3,NDPE COMMITMENT,KALIMANTAN TIMUR,KUTAI TIMUR,YUDHA WAHANA ABADI,ID-PALM-MILL-00990,TRIPUTRA AGRO PERSADA,KUTAI REFINERY NUSANTARA,ID-PALM-REFINERY-0039,ROYAL GOLDEN EAGLE,KUTAI REFINERY NUSANTARA,ROYAL GOLDEN EAGLE,BALIKPAPAN,APICAL MIDDLE EAST FZCO,APICAL MIDDLE EAST FZCO,SPAIN,EUROPEAN UNION,ID-64,ID-6404,ID,ES,0.720687935422756,0.138343808921557,86.2493137408715,86.2493137408715,0.0,177.416871397867,0.0,32.95310695582487,11.207039951237839,25105.32941012014
2022,INDONESIA,REFINED PALM OIL,3,NDPE COMMITMENT,KALIMANTAN TIMUR,KUTAI TIMUR,YUDHA WAHANA ABADI,ID-PALM-MILL-00990,TRIPUTRA AGRO PERSADA,LDC EAST INDONESIA,ID-PALM-REFINERY-0075,LOUIS DREYFUS,LDC EAST INDONESIA,LOUIS DREYFUS,BALIKPAPAN,LOUIS DREYFUS,LOUIS DREYFUS,GREECE,EUROPEAN UNION,ID-64,ID-6404,ID,GR,1.9299693659646104,0.370478399160395,230.971721340409,230.971721340409,0.0,475.11427516642,0.0,88.24691747255463,30.01194189422191,17112.1995781013
2022,INDONESIA,REFINED PALM OIL,3,NDPE COMMITMENT,KALIMANTAN TIMUR,KUTAI TIMUR,YUDHA WAHANA ABADI,ID-PALM-MILL-00990,TRIPUTRA AGRO PERSADA,LDC EAST INDONESIA,ID-PALM-REFINERY-0075,LOUIS DREYFUS,LDC EAST INDONESIA,LOUIS DREYFUS,BALIKPAPAN,LOUIS DREYFUS,LOUIS DREYFUS,ITALY,EUROPEAN UNION,ID-64,ID-6404,ID,IT,26.425651035684755,5.07268823284071,3162.525900613175,3162.525900613175,0.0,6505.39032330441,0.0,1208.300135343889,410.9314465743174,642718.6739365043
2022,INDONESIA,REFINED PALM OIL,3,NDPE COMMITMENT,KALIMANTAN TIMUR,KUTAI TIMUR,YUDHA WAHANA ABADI,ID-PALM-MILL-00990,TRIPUTRA AGRO PERSADA,LDC EAST INDONESIA,ID-PALM-REFINERY-0075,LOUIS DREYFUS,LDC EAST INDONESIA,LOUIS DREYFUS,BALIKPAPAN,LOUIS DREYFUS,LOUIS DREYFUS,SPAIN,EUROPEAN UNION,ID-64,ID-6404,ID,ES,43.423185079571034,8.335547899582586,5196.729015902726,5196.729015902726,0.0,10689.794080843467,0.0,1985.504173117863,675.2511881548829,694308.3556193467
2022,INDONESIA,REFINED PALM OIL,3,NDPE COMMITMENT,KALIMANTAN TIMUR,KUTAI TIMUR,YUDHA WAHANA ABADI,ID-PALM-MILL-00990,TRIPUTRA AGRO PERSADA,SMART TBK (TARJUN REFINERY & KERNEL CRUSHING PLANT),ID-PALM-REFINERY-0020,SINAR MAS,SINAR MAS AGRO RESOURCES AND TECHNOLOGY,SINAR MAS,TARJUN,CASA OLEARIA ITALIANA S P A,CASA OLEARIA ITALIANA S P A,ITALY,EUROPEAN UNION,ID-64,ID-6404,ID,IT,0.14886269871508237,0.0285757978755676,17.8153469647712,17.8153469647712,0.0,36.6465886424717,0.0,6.806674713433926,2.314885679207638,6466.34097776223
2022,INDONESIA,REFINED PALM OIL,3,NDPE COMMITMENT,KALIMANTAN TIMUR,KUTAI TIMUR,YUDHA WAHANA ABADI,ID-PALM-MILL-00990,TRIPUTRA AGRO PERSADA,SMART TBK (TARJUN REFINERY & KERNEL CRUSHING PLANT),ID-PALM-REFINERY-0020,SINAR MAS,SINAR MAS AGRO RESOURCES AND TECHNOLOGY,SINAR MAS,TARJUN,GOLDEN AGRI INTERNATIONAL,GOLDEN AGRI INTERNATIONAL,ITALY,EUROPEAN UNION,ID-64,ID-6404,ID,IT,7.734114549973849,1.48464656380804,925.590731340874,925.590731340874,0.0,1903.96195200732,0.0,353.6386374323779,120.26915518542819,363890.29796005855
2022,INDONESIA,REFINED PALM OIL,3,NDPE COMMITMENT,KALIMANTAN TIMUR,KUTAI TIMUR,YUDHA WAHANA ABADI,ID-PALM-MILL-00990,TRIPUTRA AGRO PERSADA,SMART TBK (TARJUN REFINERY & KERNEL CRUSHING PLANT),ID-PALM-REFINERY-0020,SINAR MAS,SINAR MAS AGRO RESOURCES AND TECHNOLOGY,SINAR MAS,TARJUN,GOLDEN AGRI INTERNATIONAL,GOLDEN AGRI INTERNATIONAL,NETHERLANDS,EUROPEAN UNION,ID-64,ID-6404,ID,NL,0.7446442962627094,0.142942490515534,89.1163240876672,89.1163240876672,0.0,183.3143792612,0.0,34.04849935963607,11.57957253496674,43020.278940900214
2022,INDONESIA,REFINED PALM OIL,3,NDPE COMMITMENT,KALIMANTAN TIMUR,KUTAI TIMUR,YUDHA WAHANA ABADI,ID-PALM-MILL-00990,TRIPUTRA AGRO PERSADA,SMART TBK (TARJUN REFINERY & KERNEL CRUSHING PLANT),ID-PALM-REFINERY-0020,SINAR MAS,SINAR MAS AGRO RESOURCES AND TECHNOLOGY,SINAR MAS,TARJUN,GOLDEN AGRI INTERNATIONAL,GOLDEN AGRI INTERNATIONAL,SPAIN,EUROPEAN UNION,ID-64,ID-6404,ID,ES,0.14892882946391603,0.0285884923848593,17.8232612525389,17.8232612525389,0.0,36.6628685189622,0.0,6.809698509856757,2.315914043766069,6566.25178812937
2022,INDONESIA,REFINED PALM OIL,3,NDPE COMMITMENT,KALIMANTAN TIMUR,KUTAI TIMUR,YUDHA WAHANA ABADI,ID-PALM-MILL-00990,TRIPUTRA AGRO PERSADA,SMART TBK (TARJUN REFINERY & KERNEL CRUSHING PLANT),ID-PALM-REFINERY-0020,SINAR MAS,SINAR MAS AGRO RESOURCES AND TECHNOLOGY,SINAR MAS,TARJUN,ITAL BI OIL SRL,ITAL BI OIL SRL,ITALY,EUROPEAN UNION,ID-64,ID-6404,ID,IT,0.9680950325059939,0.18583626531036,115.858096405841,115.858096405841,0.0,238.322835265601,0.0,44.26567592041041,15.05433762926349,42052.392124389895
2022,INDONESIA,REFINED PALM OIL,3,NDPE COMMITMENT,KALIMANTAN TIMUR,MAHAKAM ULU,BORNEO BHAKTI SEJAHTERA,ID-PALM-MILL-01302,FANGIONO AGRO PLANTATION (FAP AGRI),ADHITYA SERAYAKORITA,ID-PALM-REFINERY-0041,FIRST RESOURCES,ADHITYA SERAYAKORITA,FIRST RESOURCES,DUMAI,FIRST RESOURCES,FIRST RESOURCES,NETHERLANDS,EUROPEAN UNION,ID-64,ID-6411,ID,NL,188.5065171660967,0.0,0.0,0.0,0.0,0.0,0.0,631.9136387799367,225.03809711567828,815931.630521156
2022,INDONESIA,REFINED PALM OIL,3,NDPE COMMITMENT,KALIMANTAN TIMUR,MAHAKAM ULU,BORNEO BHAKTI SEJAHTERA,ID-PALM-MILL-01302,FANGIONO AGRO PLANTATION (FAP AGRI),ADHITYA SERAYAKORITA,ID-PALM-REFINERY-0041,FIRST RESOURCES,ADHITYA SERAYAKORITA,FIRST RESOURCES,DUMAI,FIRST RESOURCES,FIRST RESOURCES,SPAIN,EUROPEAN UNION,ID-64,ID-6411,ID,ES,893.5227588621821,0.0,0.0,0.0,0.0,0.0,0.0,2995.276908053979,1066.682809733968,2965513.50497327
2022,INDONESIA,REFINED PALM OIL,3,NDPE COMMITMENT,KALIMANTAN TIMUR,PASER,AGRO INTI KENCANAMAS,ID-PALM-MILL-00399,KENCANA AGRI,KUTAI REFINERY NUSANTARA,ID-PALM-REFINERY-0039,ROYAL GOLDEN EAGLE,KUTAI REFINERY NUSANTARA,ROYAL GOLDEN EAGLE,BALIKPAPAN,AAA OILS & FATS,AAA OILS & FATS,NETHERLANDS,EUROPEAN UNION,ID-64,ID-6401,ID,NL,0.100259405411538,0.0,0.0143868498105128,0.0143868498105128,0.0,0.109179122914655,0.0,13.536489742425367,4.62054951367991,20894.6670072984
2022,INDONESIA,REFINED PALM OIL,3,NDPE COMMITMENT,KALIMANTAN TIMUR,PASER,AGRO INTI KENCANAMAS,ID-PALM-MILL-00399,KENCANA AGRI,KUTAI REFINERY NUSANTARA,ID-PALM-REFINERY-0039,ROYAL GOLDEN EAGLE,KUTAI REFINERY NUSANTARA,ROYAL GOLDEN EAGLE,BALIKPAPAN,AAA OILS & FATS,AAA OILS & FATS,SPAIN,EUROPEAN UNION,ID-64,ID-6401,ID,ES,0.0802094814581923,0.0,0.0115097606890986,0.0115097606890986,0.0,0.0873454295793868,0.0,10.829456035045789,3.69652980708299,13182.0037625085
2022,INDONESIA,REFINED PALM OIL,3,NDPE COMMITMENT,KALIMANTAN TIMUR,PASER,AGRO INTI KENCANAMAS,ID-PALM-MILL-00399,KENCANA AGRI,KUTAI REFINERY NUSANTARA,ID-PALM-REFINERY-0039,ROYAL GOLDEN EAGLE,KUTAI REFINERY NUSANTARA,ROYAL GOLDEN EAGLE,BALIKPAPAN,APICAL (MALAYSIA) SDN BHD,APICAL (MALAYSIA) SDN BHD,ITALY,EUROPEAN UNION,ID-64,ID-6401,ID,IT,0.0802100028245141,0.0,0.0115098355032164,0.0115098355032164,0.0,0.0873459973297889,0.0,10.829526427143474,3.69655383474298,11387.0196134568
2022,INDONESIA,REFINED PALM OIL,3,NDPE COMMITMENT,KALIMANTAN TIMUR,PASER,AGRO INTI KENCANAMAS,ID-PALM-MILL-00399,KENCANA AGRI,KUTAI REFINERY NUSANTARA,ID-PALM-REFINERY-0039,ROYAL GOLDEN EAGLE,KUTAI REFINERY NUSANTARA,ROYAL GOLDEN EAGLE,BALIKPAPAN,APICAL (MALAYSIA) SDN BHD,APICAL (MALAYSIA) SDN BHD,SPAIN,EUROPEAN UNION,ID-64,ID-6401,ID,ES,0.0200491619564141,0.0,0.00287697977770354,0.00287697977770354,0.0,0.0218328635462189,0.0,2.7069308266214,0.9239845892477,3697.80963216389
2022,INDONESIA,REFINED PALM OIL,3,NDPE COMMITMENT,KALIMANTAN TIMUR,PASER,AGRO INTI KENCANAMAS,ID-PALM-MILL-00399,KENCANA AGRI,KUTAI REFINERY NUSANTARA,ID-PALM-REFINERY-0039,ROYAL GOLDEN EAGLE,KUTAI REFINERY NUSANTARA,ROYAL GOLDEN EAGLE,BALIKPAPAN,APICAL MIDDLE EAST FZCO,APICAL MIDDLE EAST FZCO,BELGIUM,EUROPEAN UNION,ID-64,ID-6401,ID,BE,0.150392466919573,0.0,0.0215807566913358,0.0215807566913358,0.0,0.163772341994764,0.0,20.305188101190947,6.93097906409868,16010.6408177891
2022,INDONESIA,REFINED PALM OIL,3,NDPE COMMITMENT,KALIMANTAN TIMUR,PASER,AGRO INTI KENCANAMAS,ID-PALM-MILL-00399,KENCANA AGRI,KUTAI REFINERY NUSANTARA,ID-PALM-REFINERY-0039,ROYAL GOLDEN EAGLE,KUTAI REFINERY NUSANTARA,ROYAL GOLDEN EAGLE,BALIKPAPAN,APICAL MIDDLE EAST FZCO,APICAL MIDDLE EAST FZCO,SPAIN,EUROPEAN UNION,ID-64,ID-6401,ID,ES,0.23159785831511,0.0,0.0332334267327746,0.0332334267327746,0.0,0.252202284024779,0.0,31.269106579893894,10.6734063224759,23822.3734745481
2022,INDONESIA,REFINED PALM OIL,3,NDPE COMMITMENT,KALIMANTAN TIMUR,PASER,AGRO INTI KENCANAMAS,ID-PALM-MILL-00399,KENCANA AGRI,LDC EAST INDONESIA,ID-PALM-REFINERY-0075,LOUIS DREYFUS,LDC EAST INDONESIA,LOUIS DREYFUS,BALIKPAPAN,LOUIS DREYFUS,LOUIS DREYFUS,GREECE,EUROPEAN UNION,ID-64,ID-6401,ID,GR,0.62012279338007,0.0,0.0889853022348764,0.0889853022348764,0.0,0.67529288053039,0.0,83.72566939906737,28.5789453828574,16235.4720776797
2022,INDONESIA,REFINED PALM OIL,3,NDPE COMMITMENT,KALIMANTAN TIMUR,PASER,AGRO INTI KENCANAMAS,ID-PALM-MILL-00399,KENCANA AGRI,LDC EAST INDONESIA,ID-PALM-REFINERY-0075,LOUIS DREYFUS,LDC EAST INDONESIA,LOUIS DREYFUS,BALIKPAPAN,LOUIS DREYFUS,LOUIS DREYFUS,ITALY,EUROPEAN UNION,ID-64,ID-6401,ID,IT,8.49088530943877,0.0,1.218410294812369,1.218410294812369,0.0,9.246288735189,0.0,1146.3940108515874,391.3104793131379,609789.5853115848
2022,INDONESIA,REFINED PALM OIL,3,NDPE COMMITMENT,KALIMANTAN TIMUR,PASER,AGRO INTI KENCANAMAS,ID-PALM-MILL-00399,KENCANA AGRI,LDC EAST INDONESIA,ID-PALM-REFINERY-0075,LOUIS DREYFUS,LDC EAST INDONESIA,LOUIS DREYFUS,BALIKPAPAN,LOUIS DREYFUS,LOUIS DREYFUS,SPAIN,EUROPEAN UNION,ID-64,ID-6401,ID,ES,13.95240116443234,0.0,2.0021173996071897,2.0021173996071897,0.0,15.1936959473612,0.0,1883.778728482338,643.0096024443977,658736.1180255944
2022,INDONESIA,REFINED PALM OIL,3,NDPE COMMITMENT,KALIMANTAN TIMUR,PASER,BORNEO INDAH MARJAYA,ID-PALM-MILL-00070,ASTRA AGRO LESTARI,KUTAI REFINERY NUSANTARA,ID-PALM-REFINERY-0039,ROYAL GOLDEN EAGLE,KUTAI REFINERY NUSANTARA,ROYAL GOLDEN EAGLE,BALIKPAPAN,AAA OILS & FATS,AAA OILS & FATS,NETHERLANDS,EUROPEAN UNION,ID-64,ID-6401,ID,NL,0.7402818332205064,0.0,0.0,0.0,0.0,0.0,0.0,32.71007595233168,11.137894231276336,50490.64844819591
2022,INDONESIA,REFINED PALM OIL,3,NDPE COMMITMENT,KALIMANTAN TIMUR,PASER,BORNEO INDAH MARJAYA,ID-PALM-MILL-00070,ASTRA AGRO LESTARI,KUTAI REFINERY NUSANTARA,ID-PALM-REFINERY-0039,ROYAL GOLDEN EAGLE,KUTAI REFINERY NUSANTARA,ROYAL GOLDEN EAGLE,BALIKPAPAN,AAA OILS & FATS,AAA OILS & FATS,SPAIN,EUROPEAN UNION,ID-64,ID-6401,ID,ES,0.5922399173604458,0.0,0.0,0.0,0.0,0.0,0.0,26.16869928387461,8.91053280397826,31853.48288073368
2022,INDONESIA,REFINED PALM OIL,3,NDPE COMMITMENT,KALIMANTAN TIMUR,PASER,BORNEO INDAH MARJAYA,ID-PALM-MILL-00070,ASTRA AGRO LESTARI,KUTAI REFINERY NUSANTARA,ID-PALM-REFINERY-0039,ROYAL GOLDEN EAGLE,KUTAI REFINERY NUSANTARA,ROYAL GOLDEN EAGLE,BALIKPAPAN,APICAL (MALAYSIA) SDN BHD,APICAL (MALAYSIA) SDN BHD,ITALY,EUROPEAN UNION,ID-64,ID-6401,ID,IT,0.5922437669545546,0.0,0.0,0.0,0.0,0.0,0.0,26.16886938195084,8.910590722962747,27516.01659767707
2022,INDONESIA,REFINED PALM OIL,3,NDPE COMMITMENT,KALIMANTAN TIMUR,PASER,BORNEO INDAH MARJAYA,ID-PALM-MILL-00070,ASTRA AGRO LESTARI,KUTAI REFINERY NUSANTARA,ID-PALM-REFINERY-0039,ROYAL GOLDEN EAGLE,KUTAI REFINERY NUSANTARA,ROYAL GOLDEN EAGLE,BALIKPAPAN,APICAL (MALAYSIA) SDN BHD,APICAL (MALAYSIA) SDN BHD,SPAIN,EUROPEAN UNION,ID-64,ID-6401,ID,ES,0.1480362895302088,0.0,0.0,0.0,0.0,0.0,0.0,6.541128063576484,2.2272767764745893,8935.5243661325
2022,INDONESIA,REFINED PALM OIL,3,NDPE COMMITMENT,KALIMANTAN TIMUR,PASER,BORNEO INDAH MARJAYA,ID-PALM-MILL-00070,ASTRA AGRO LESTARI,KUTAI REFINERY NUSANTARA,ID-PALM-REFINERY-0039,ROYAL GOLDEN EAGLE,KUTAI REFINERY NUSANTARA,ROYAL GOLDEN EAGLE,BALIKPAPAN,APICAL MIDDLE EAST FZCO,APICAL MIDDLE EAST FZCO,BELGIUM,EUROPEAN UNION,ID-64,ID-6401,ID,BE,1.110447550100503,0.0,0.0,0.0,0.0,0.0,0.0,49.06620975264255,16.707214478833855,38688.70638995874
2022,INDONESIA,REFINED PALM OIL,3,NDPE COMMITMENT,KALIMANTAN TIMUR,PASER,BORNEO INDAH MARJAYA,ID-PALM-MILL-00070,ASTRA AGRO LESTARI,KUTAI REFINERY NUSANTARA,ID-PALM-REFINERY-0039,ROYAL GOLDEN EAGLE,KUTAI REFINERY NUSANTARA,ROYAL GOLDEN EAGLE,BALIKPAPAN,APICAL MIDDLE EAST FZCO,APICAL MIDDLE EAST FZCO,SPAIN,EUROPEAN UNION,ID-64,ID-6401,ID,ES,1.710040932516063,0.0,0.0,0.0,0.0,0.0,0.0,75.55982907328092,25.728383681467097,57565.266959502245
2022,INDONESIA,REFINED PALM OIL,3,NDPE COMMITMENT,KALIMANTAN TIMUR,PASER,BORNEO INDAH MARJAYA,ID-PALM-MILL-00070,ASTRA AGRO LESTARI,LDC EAST INDONESIA,ID-PALM-REFINERY-0075,LOUIS DREYFUS,LDC EAST INDONESIA,LOUIS DREYFUS,BALIKPAPAN,LOUIS DREYFUS,LOUIS DREYFUS,GREECE,EUROPEAN UNION,ID-64,ID-6401,ID,GR,4.613509341348701,0.0,0.0,0.0,0.0,0.0,0.0,202.2904591393705,68.75905656859109,39226.69265603801
2022,INDONESIA,REFINED PALM OIL,3,NDPE COMMITMENT,KALIMANTAN TIMUR,PASER,BORNEO INDAH MARJAYA,ID-PALM-MILL-00070,ASTRA AGRO LESTARI,LDC EAST INDONESIA,ID-PALM-REFINERY-0075,LOUIS DREYFUS,LDC EAST INDONESIA,LOUIS DREYFUS,BALIKPAPAN,LOUIS DREYFUS,LOUIS DREYFUS,ITALY,EUROPEAN UNION,ID-64,ID-6401,ID,IT,63.16939017496714,0.0,0.0,0.0,0.0,0.0,0.0,2769.814472362705,941.4671893076104,1473318.9483757163
2022,INDONESIA,REFINED PALM OIL,3,NDPE COMMITMENT,KALIMANTAN TIMUR,PASER,BORNEO INDAH MARJAYA,ID-PALM-MILL-00070,ASTRA AGRO LESTARI,LDC EAST INDONESIA,ID-PALM-REFINERY-0075,LOUIS DREYFUS,LDC EAST INDONESIA,LOUIS DREYFUS,BALIKPAPAN,LOUIS DREYFUS,LOUIS DREYFUS,SPAIN,EUROPEAN UNION,ID-64,ID-6401,ID,ES,103.80126935102236,0.0,0.0,0.0,0.0,0.0,0.0,4551.41734472554,1547.0386690735536,1591579.1742665754
2022,INDONESIA,REFINED PALM OIL,3,NDPE COMMITMENT,KALIMANTAN TIMUR,PASER,BUANA WIRASUBUR SAKTI,ID-PALM-MILL-00131,UNKNOWN AFFILIATION,KUTAI REFINERY NUSANTARA,ID-PALM-REFINERY-0039,ROYAL GOLDEN EAGLE,KUTAI REFINERY NUSANTARA,ROYAL GOLDEN EAGLE,BALIKPAPAN,AAA OILS & FATS,AAA OILS & FATS,NETHERLANDS,EUROPEAN UNION,ID-64,ID-6401,ID,NL,0.02430829189626241,0.0,0.0,0.0,0.0,0.0,0.0,17.85357076694691,4.607384078133112,27558.43081662555
2022,INDONESIA,REFINED PALM OIL,3,NDPE COMMITMENT,KALIMANTAN TIMUR,PASER,BUANA WIRASUBUR SAKTI,ID-PALM-MILL-00131,UNKNOWN AFFILIATION,KUTAI REFINERY NUSANTARA,ID-PALM-REFINERY-0039,ROYAL GOLDEN EAGLE,KUTAI REFINERY NUSANTARA,ROYAL GOLDEN EAGLE,BALIKPAPAN,AAA OILS & FATS,AAA OILS & FATS,SPAIN,EUROPEAN UNION,ID-64,ID-6401,ID,ES,0.019447108030716552,0.0,0.0,0.0,0.0,0.0,0.0,14.283205126899253,3.6859972016476616,17386.031497257052
2022,INDONESIA,REFINED PALM OIL,3,NDPE COMMITMENT,KALIMANTAN TIMUR,PASER,BUANA WIRASUBUR SAKTI,ID-PALM-MILL-00131,UNKNOWN AFFILIATION,KUTAI REFINERY NUSANTARA,ID-PALM-REFINERY-0039,ROYAL GOLDEN EAGLE,KUTAI REFINERY NUSANTARA,ROYAL GOLDEN EAGLE,BALIKPAPAN,APICAL (MALAYSIA) SDN BHD,APICAL (MALAYSIA) SDN BHD,ITALY,EUROPEAN UNION,ID-64,ID-6401,ID,IT,0.01944723443805638,0.0,0.0,0.0,0.0,0.0,0.0,14.283297968568146,3.6860211608451072,15018.587858585941
2022,INDONESIA,REFINED PALM OIL,3,NDPE COMMITMENT,KALIMANTAN TIMUR,PASER,BUANA WIRASUBUR SAKTI,ID-PALM-MILL-00131,UNKNOWN AFFILIATION,KUTAI REFINERY NUSANTARA,ID-PALM-REFINERY-0039,ROYAL GOLDEN EAGLE,KUTAI REFINERY NUSANTARA,ROYAL GOLDEN EAGLE,BALIKPAPAN,APICAL (MALAYSIA) SDN BHD,APICAL (MALAYSIA) SDN BHD,SPAIN,EUROPEAN UNION,ID-64,ID-6401,ID,ES,0.004860999116356875,0.0,0.0,0.0,0.0,0.0,0.0,3.5702299483777375,0.9213518591968792,4877.12155859891
2022,INDONESIA,REFINED PALM OIL,3,NDPE COMMITMENT,KALIMANTAN TIMUR,PASER,BUANA WIRASUBUR SAKTI,ID-PALM-MILL-00131,UNKNOWN AFFILIATION,KUTAI REFINERY NUSANTARA,ID-PALM-REFINERY-0039,ROYAL GOLDEN EAGLE,KUTAI REFINERY NUSANTARA,ROYAL GOLDEN EAGLE,BALIKPAPAN,APICAL MIDDLE EAST FZCO,APICAL MIDDLE EAST FZCO,BELGIUM,EUROPEAN UNION,ID-64,ID-6401,ID,BE,0.036463252199371576,0.0,0.0,0.0,0.0,0.0,0.0,26.78095426501805,6.911230469721662,21116.782437966787
2022,INDONESIA,REFINED PALM OIL,3,NDPE COMMITMENT,KALIMANTAN TIMUR,PASER,BUANA WIRASUBUR SAKTI,ID-PALM-MILL-00131,UNKNOWN AFFILIATION,KUTAI REFINERY NUSANTARA,ID-PALM-REFINERY-0039,ROYAL GOLDEN EAGLE,KUTAI REFINERY NUSANTARA,ROYAL GOLDEN EAGLE,BALIKPAPAN,APICAL MIDDLE EAST FZCO,APICAL MIDDLE EAST FZCO,SPAIN,EUROPEAN UNION,ID-64,ID-6401,ID,ES,0.05615182255833546,0.0,0.0,0.0,0.0,0.0,0.0,41.241504833683145,10.64299434602436,31419.846559738733
2022,INDONESIA,REFINED PALM OIL,3,NDPE COMMITMENT,KALIMANTAN TIMUR,PASER,BUANA WIRASUBUR SAKTI,ID-PALM-MILL-00131,UNKNOWN AFFILIATION,SMART TBK (TARJUN REFINERY & KERNEL CRUSHING PLANT),ID-PALM-REFINERY-0020,SINAR MAS,SINAR MAS AGRO RESOURCES AND TECHNOLOGY,SINAR MAS,TARJUN,CASA OLEARIA ITALIANA S P A,CASA OLEARIA ITALIANA S P A,ITALY,EUROPEAN UNION,ID-64,ID-6401,ID,IT,0.01221367084768586,0.0,0.0,0.0,0.0,0.0,0.0,8.51286408333197,2.201197805994086,8087.22087916537
2022,INDONESIA,REFINED PALM OIL,3,NDPE COMMITMENT,KALIMANTAN TIMUR,PASER,BUANA WIRASUBUR SAKTI,ID-PALM-MILL-00131,UNKNOWN AFFILIATION,SMART TBK (TARJUN REFINERY & KERNEL CRUSHING PLANT),ID-PALM-REFINERY-0020,SINAR MAS,SINAR MAS AGRO RESOURCES AND TECHNOLOGY,SINAR MAS,TARJUN,GOLDEN AGRI INTERNATIONAL,GOLDEN AGRI INTERNATIONAL,ITALY,EUROPEAN UNION,ID-64,ID-6401,ID,IT,0.6345574158404511,0.0,0.0,0.0,0.0,0.0,0.0,442.2831678932663,114.36253759777179,455104.552251236
2022,INDONESIA,REFINED PALM OIL,3,NDPE COMMITMENT,KALIMANTAN TIMUR,PASER,BUANA WIRASUBUR SAKTI,ID-PALM-MILL-00131,UNKNOWN AFFILIATION,SMART TBK (TARJUN REFINERY & KERNEL CRUSHING PLANT),ID-PALM-REFINERY-0020,SINAR MAS,SINAR MAS AGRO RESOURCES AND TECHNOLOGY,SINAR MAS,TARJUN,GOLDEN AGRI INTERNATIONAL,GOLDEN AGRI INTERNATIONAL,NETHERLANDS,EUROPEAN UNION,ID-64,ID-6401,ID,NL,0.061095495457640245,0.0,0.0,0.0,0.0,0.0,0.0,42.58323770312357,11.01088053170849,53803.9208378967
2022,INDONESIA,REFINED PALM OIL,3,NDPE COMMITMENT,KALIMANTAN TIMUR,PASER,BUANA WIRASUBUR SAKTI,ID-PALM-MILL-00131,UNKNOWN AFFILIATION,SMART TBK (TARJUN REFINERY & KERNEL CRUSHING PLANT),ID-PALM-REFINERY-0020,SINAR MAS,SINAR MAS AGRO RESOURCES AND TECHNOLOGY,SINAR MAS,TARJUN,GOLDEN AGRI INTERNATIONAL,GOLDEN AGRI INTERNATIONAL,SPAIN,EUROPEAN UNION,ID-64,ID-6401,ID,ES,0.01221909664747413,0.0,0.0,0.0,0.0,0.0,0.0,8.51664583713201,2.202175665864278,8212.17574845455
2022,INDONESIA,REFINED PALM OIL,3,NDPE COMMITMENT,KALIMANTAN TIMUR,PASER,BUANA WIRASUBUR SAKTI,ID-PALM-MILL-00131,UNKNOWN AFFILIATION,SMART TBK (TARJUN REFINERY & KERNEL CRUSHING PLANT),ID-PALM-REFINERY-0020,SINAR MAS,SINAR MAS AGRO RESOURCES AND TECHNOLOGY,SINAR MAS,TARJUN,ITAL BI OIL SRL,ITAL BI OIL SRL,ITALY,EUROPEAN UNION,ID-64,ID-6401,ID,IT,0.0794288574529916,0.0,0.0,0.0,0.0,0.0,0.0,55.36149419973789,14.3149941519236,52593.419489751
2022,INDONESIA,REFINED PALM OIL,3,NDPE COMMITMENT,KALIMANTAN TIMUR,PASER,CAHAYA BINTANG SAWIT SEJATI (CAHAYA BINTANG SAWIT SEJATI 1),ID-PALM-MILL-00155,SUPERVENTURE,KUTAI REFINERY NUSANTARA,ID-PALM-REFINERY-0039,ROYAL GOLDEN EAGLE,KUTAI REFINERY NUSANTARA,ROYAL GOLDEN EAGLE,BALIKPAPAN,AAA OILS & FATS,AAA OILS & FATS,NETHERLANDS,EUROPEAN UNION,ID-64,ID-6401,ID,NL,0.2507996397047172,0.0,0.0,0.0,0.0,0.0,0.0,28.25056540734579,6.6778197515335,43607.0331516116
2022,INDONESIA,REFINED PALM OIL,3,NDPE COMMITMENT,KALIMANTAN TIMUR,PASER,CAHAYA BINTANG SAWIT SEJATI (CAHAYA BINTANG SAWIT SEJATI 1),ID-PALM-MILL-00155,SUPERVENTURE,KUTAI REFINERY NUSANTARA,ID-PALM-REFINERY-0039,ROYAL GOLDEN EAGLE,KUTAI REFINERY NUSANTARA,ROYAL GOLDEN EAGLE,BALIKPAPAN,AAA OILS & FATS,AAA OILS & FATS,SPAIN,EUROPEAN UNION,ID-64,ID-6401,ID,ES,0.20064460753626,0.0,0.0,0.0,0.0,0.0,0.0,22.601003795332524,5.34238615662222,27510.7554896946
2022,INDONESIA,REFINED PALM OIL,3,NDPE COMMITMENT,KALIMANTAN TIMUR,PASER,CAHAYA BINTANG SAWIT SEJATI (CAHAYA BINTANG SAWIT SEJATI 1),ID-PALM-MILL-00155,SUPERVENTURE,KUTAI REFINERY NUSANTARA,ID-PALM-REFINERY-0039,ROYAL GOLDEN EAGLE,KUTAI REFINERY NUSANTARA,ROYAL GOLDEN EAGLE,BALIKPAPAN,APICAL (MALAYSIA) SDN BHD,APICAL (MALAYSIA) SDN BHD,ITALY,EUROPEAN UNION,ID-64,ID-6401,ID,IT,0.2006459117379468,0.0,0.0,0.0,0.0,0.0,0.0,22.601150703179368,5.34242088244477,23764.6353305664
2022,INDONESIA,REFINED PALM OIL,3,NDPE COMMITMENT,KALIMANTAN TIMUR,PASER,CAHAYA BINTANG SAWIT SEJATI (CAHAYA BINTANG SAWIT SEJATI 1),ID-PALM-MILL-00155,SUPERVENTURE,KUTAI REFINERY NUSANTARA,ID-PALM-REFINERY-0039,ROYAL GOLDEN EAGLE,KUTAI REFINERY NUSANTARA,ROYAL GOLDEN EAGLE,BALIKPAPAN,APICAL (MALAYSIA) SDN BHD,APICAL (MALAYSIA) SDN BHD,SPAIN,EUROPEAN UNION,ID-64,ID-6401,ID,ES,0.05015312602753083,0.0,0.0,0.0,0.0,0.0,0.0,5.649346900544873,1.3353828417860139,7717.3044759122295
2022,INDONESIA,REFINED PALM OIL,3,NDPE COMMITMENT,KALIMANTAN TIMUR,PASER,CAHAYA BINTANG SAWIT SEJATI (CAHAYA BINTANG SAWIT SEJATI 1),ID-PALM-MILL-00155,SUPERVENTURE,KUTAI REFINERY NUSANTARA,ID-PALM-REFINERY-0039,ROYAL GOLDEN EAGLE,KUTAI REFINERY NUSANTARA,ROYAL GOLDEN EAGLE,BALIKPAPAN,APICAL MIDDLE EAST FZCO,APICAL MIDDLE EAST FZCO,BELGIUM,EUROPEAN UNION,ID-64,ID-6401,ID,BE,0.3762078616256355,0.0,0.0,0.0,0.0,0.0,0.0,42.37679453657053,10.01695334173399,33414.102492085905
2022,INDONESIA,REFINED PALM OIL,3,NDPE COMMITMENT,KALIMANTAN TIMUR,PASER,CAHAYA BINTANG SAWIT SEJATI (CAHAYA BINTANG SAWIT SEJATI 1),ID-PALM-MILL-00155,SUPERVENTURE,KUTAI REFINERY NUSANTARA,ID-PALM-REFINERY-0039,ROYAL GOLDEN EAGLE,KUTAI REFINERY NUSANTARA,ROYAL GOLDEN EAGLE,BALIKPAPAN,APICAL MIDDLE EAST FZCO,APICAL MIDDLE EAST FZCO,SPAIN,EUROPEAN UNION,ID-64,ID-6401,ID,ES,0.5793437451917023,0.0,0.0,0.0,0.0,0.0,0.0,65.25842057087704,15.42567249747037,49717.1373677234
2022,INDONESIA,REFINED PALM OIL,3,NDPE COMMITMENT,KALIMANTAN TIMUR,PASER,CAHAYA BINTANG SAWIT SEJATI (CAHAYA BINTANG SAWIT SEJATI 2),ID-PALM-MILL-01106,SUPERVENTURE,KUTAI REFINERY NUSANTARA,ID-PALM-REFINERY-0039,ROYAL GOLDEN EAGLE,KUTAI REFINERY NUSANTARA,ROYAL GOLDEN EAGLE,BALIKPAPAN,AAA OILS & FATS,AAA OILS & FATS,NETHERLANDS,EUROPEAN UNION,ID-64,ID-6401,ID,NL,0.0,0.0,0.0,0.0,0.0,0.0,0.0,15.436696266051577,5.49851824366642,23827.7895015169
2022,INDONESIA,REFINED PALM OIL,3,NDPE COMMITMENT,KALIMANTAN TIMUR,PASER,CAHAYA BINTANG SAWIT SEJATI (CAHAYA BINTANG SAWIT SEJATI 2),ID-PALM-MILL-01106,SUPERVENTURE,KUTAI REFINERY NUSANTARA,ID-PALM-REFINERY-0039,ROYAL GOLDEN EAGLE,KUTAI REFINERY NUSANTARA,ROYAL GOLDEN EAGLE,BALIKPAPAN,AAA OILS & FATS,AAA OILS & FATS,SPAIN,EUROPEAN UNION,ID-64,ID-6401,ID,ES,0.0,0.0,0.0,0.0,0.0,0.0,0.0,12.349658347216948,4.39892192959423,15032.4487464453
2022,INDONESIA,REFINED PALM OIL,3,NDPE COMMITMENT,KALIMANTAN TIMUR,PASER,CAHAYA BINTANG SAWIT SEJATI (CAHAYA BINTANG SAWIT SEJATI 2),ID-PALM-MILL-01106,SUPERVENTURE,KUTAI REFINERY NUSANTARA,ID-PALM-REFINERY-0039,ROYAL GOLDEN EAGLE,KUTAI REFINERY NUSANTARA,ROYAL GOLDEN EAGLE,BALIKPAPAN,APICAL (MALAYSIA) SDN BHD,APICAL (MALAYSIA) SDN BHD,ITALY,EUROPEAN UNION,ID-64,ID-6401,ID,IT,0.0,0.0,0.0,0.0,0.0,0.0,0.0,12.349738620718735,4.39895052284411,12985.4908098952
2022,INDONESIA,REFINED PALM OIL,3,NDPE COMMITMENT,KALIMANTAN TIMUR,PASER,CAHAYA BINTANG SAWIT SEJATI (CAHAYA BINTANG SAWIT SEJATI 2),ID-PALM-MILL-01106,SUPERVENTURE,KUTAI REFINERY NUSANTARA,ID-PALM-REFINERY-0039,ROYAL GOLDEN EAGLE,KUTAI REFINERY NUSANTARA,ROYAL GOLDEN EAGLE,BALIKPAPAN,APICAL (MALAYSIA) SDN BHD,APICAL (MALAYSIA) SDN BHD,SPAIN,EUROPEAN UNION,ID-64,ID-6401,ID,ES,0.0,0.0,0.0,0.0,0.0,0.0,0.0,3.086920596024442,1.09955452393775,4216.89560791308
2022,INDONESIA,REFINED PALM OIL,3,NDPE COMMITMENT,KALIMANTAN TIMUR,PASER,CAHAYA BINTANG SAWIT SEJATI (CAHAYA BINTANG SAWIT SEJATI 2),ID-PALM-MILL-01106,SUPERVENTURE,KUTAI REFINERY NUSANTARA,ID-PALM-REFINERY-0039,ROYAL GOLDEN EAGLE,KUTAI REFINERY NUSANTARA,ROYAL GOLDEN EAGLE,BALIKPAPAN,APICAL MIDDLE EAST FZCO,APICAL MIDDLE EAST FZCO,BELGIUM,EUROPEAN UNION,ID-64,ID-6401,ID,BE,0.0,0.0,0.0,0.0,0.0,0.0,0.0,23.155561545675052,8.24796157201329,18258.1602787648
2022,INDONESIA,REFINED PALM OIL,3,NDPE COMMITMENT,KALIMANTAN TIMUR,PASER,CAHAYA BINTANG SAWIT SEJATI (CAHAYA BINTANG SAWIT SEJATI 2),ID-PALM-MILL-01106,SUPERVENTURE,KUTAI REFINERY NUSANTARA,ID-PALM-REFINERY-0039,ROYAL GOLDEN EAGLE,KUTAI REFINERY NUSANTARA,ROYAL GOLDEN EAGLE,BALIKPAPAN,APICAL MIDDLE EAST FZCO,APICAL MIDDLE EAST FZCO,SPAIN,EUROPEAN UNION,ID-64,ID-6401,ID,ES,0.0,0.0,0.0,0.0,0.0,0.0,0.0,35.658557718386106,12.7015021075833,27166.4774738827
2022,INDONESIA,REFINED PALM OIL,3,NDPE COMMITMENT,KALIMANTAN TIMUR,PASER,MUARATOYU SUBUR LESTARI,ID-PALM-MILL-00910,TRIPUTRA AGRO PERSADA,KUTAI REFINERY NUSANTARA,ID-PALM-REFINERY-0039,ROYAL GOLDEN EAGLE,KUTAI REFINERY NUSANTARA,ROYAL GOLDEN EAGLE,BALIKPAPAN,AAA OILS & FATS,AAA OILS & FATS,NETHERLANDS,EUROPEAN UNION,ID-64,ID-6401,ID,NL,1.75426060332305,0.0,0.0,0.0,0.0,0.0,0.0,8.019101148965959,2.86172720630177,12378.131361511
2022,INDONESIA,REFINED PALM OIL,3,NDPE COMMITMENT,KALIMANTAN TIMUR,PASER,MUARATOYU SUBUR LESTARI,ID-PALM-MILL-00910,TRIPUTRA AGRO PERSADA,KUTAI REFINERY NUSANTARA,ID-PALM-REFINERY-0039,ROYAL GOLDEN EAGLE,KUTAI REFINERY NUSANTARA,ROYAL GOLDEN EAGLE,BALIKPAPAN,AAA OILS & FATS,AAA OILS & FATS,SPAIN,EUROPEAN UNION,ID-64,ID-6401,ID,ES,1.40344272696918,0.0,0.0,0.0,0.0,0.0,0.0,6.415437457255568,2.2894376278223,7809.10143833677
2022,INDONESIA,REFINED PALM OIL,3,NDPE COMMITMENT,KALIMANTAN TIMUR,PASER,MUARATOYU SUBUR LESTARI,ID-PALM-MILL-00910,TRIPUTRA AGRO PERSADA,KUTAI REFINERY NUSANTARA,ID-PALM-REFINERY-0039,ROYAL GOLDEN EAGLE,KUTAI REFINERY NUSANTARA,ROYAL GOLDEN EAGLE,BALIKPAPAN,APICAL (MALAYSIA) SDN BHD,APICAL (MALAYSIA) SDN BHD,ITALY,EUROPEAN UNION,ID-64,ID-6401,ID,IT,1.40345184942901,0.0,0.0,0.0,0.0,0.0,0.0,6.415479157974347,2.28945250930081,6745.74160680508
2022,INDONESIA,REFINED PALM OIL,3,NDPE COMMITMENT,KALIMANTAN TIMUR,PASER,MUARATOYU SUBUR LESTARI,ID-PALM-MILL-00910,TRIPUTRA AGRO PERSADA,KUTAI REFINERY NUSANTARA,ID-PALM-REFINERY-0039,ROYAL GOLDEN EAGLE,KUTAI REFINERY NUSANTARA,ROYAL GOLDEN EAGLE,BALIKPAPAN,APICAL (MALAYSIA) SDN BHD,APICAL (MALAYSIA) SDN BHD,SPAIN,EUROPEAN UNION,ID-64,ID-6401,ID,ES,0.350804543527972,0.0,0.0,0.0,0.0,0.0,0.0,1.603602744506021,0.572267828626257,2190.60554354838
2022,INDONESIA,REFINED PALM OIL,3,NDPE COMMITMENT,KALIMANTAN TIMUR,PASER,MUARATOYU SUBUR LESTARI,ID-PALM-MILL-00910,TRIPUTRA AGRO PERSADA,KUTAI REFINERY NUSANTARA,ID-PALM-REFINERY-0039,ROYAL GOLDEN EAGLE,KUTAI REFINERY NUSANTARA,ROYAL GOLDEN EAGLE,BALIKPAPAN,APICAL MIDDLE EAST FZCO,APICAL MIDDLE EAST FZCO,BELGIUM,EUROPEAN UNION,ID-64,ID-6401,ID,BE,2.6314496746777,0.0,0.0,0.0,0.0,0.0,0.0,12.028920372310315,4.29268668051616,9484.80371356667
2022,INDONESIA,REFINED PALM OIL,3,NDPE COMMITMENT,KALIMANTAN TIMUR,PASER,MUARATOYU SUBUR LESTARI,ID-PALM-MILL-00910,TRIPUTRA AGRO PERSADA,KUTAI REFINERY NUSANTARA,ID-PALM-REFINERY-0039,ROYAL GOLDEN EAGLE,KUTAI REFINERY NUSANTARA,ROYAL GOLDEN EAGLE,BALIKPAPAN,APICAL MIDDLE EAST FZCO,APICAL MIDDLE EAST FZCO,SPAIN,EUROPEAN UNION,ID-64,ID-6401,ID,ES,4.05231805423649,0.0,0.0,0.0,0.0,0.0,0.0,18.524014221802002,6.61055079412328,14112.5229757398
2022,INDONESIA,REFINED PALM OIL,3,NDPE COMMITMENT,KALIMANTAN TIMUR,PASER,MUARATOYU SUBUR LESTARI,ID-PALM-MILL-00910,TRIPUTRA AGRO PERSADA,LDC EAST INDONESIA,ID-PALM-REFINERY-0075,LOUIS DREYFUS,LDC EAST INDONESIA,LOUIS DREYFUS,BALIKPAPAN,LOUIS DREYFUS,LOUIS DREYFUS,GREECE,EUROPEAN UNION,ID-64,ID-6401,ID,GR,10.8489557503774,0.0,0.0,0.0,0.0,0.0,0.0,49.59290162369947,17.6979131675236,9616.69432256173
2022,INDONESIA,REFINED PALM OIL,3,NDPE COMMITMENT,KALIMANTAN TIMUR,PASER,MUARATOYU SUBUR LESTARI,ID-PALM-MILL-00910,TRIPUTRA AGRO PERSADA,LDC EAST INDONESIA,ID-PALM-REFINERY-0075,LOUIS DREYFUS,LDC EAST INDONESIA,LOUIS DREYFUS,BALIKPAPAN,LOUIS DREYFUS,LOUIS DREYFUS,ITALY,EUROPEAN UNION,ID-64,ID-6401,ID,IT,148.54677168296269,0.0,0.0,0.0,0.0,0.0,0.0,679.0391263541727,242.3245081877658,361194.3043581184
2022,INDONESIA,REFINED PALM OIL,3,NDPE COMMITMENT,KALIMANTAN TIMUR,PASER,MUARATOYU SUBUR LESTARI,ID-PALM-MILL-00910,TRIPUTRA AGRO PERSADA,LDC EAST INDONESIA,ID-PALM-REFINERY-0075,LOUIS DREYFUS,LDC EAST INDONESIA,LOUIS DREYFUS,BALIKPAPAN,LOUIS DREYFUS,LOUIS DREYFUS,SPAIN,EUROPEAN UNION,ID-64,ID-6401,ID,ES,244.09517673004947,0.0,0.0,0.0,0.0,0.0,0.0,1115.8113614733666,398.1927239614245,390186.61459140066
2022,INDONESIA,REFINED PALM OIL,3,NDPE COMMITMENT,KALIMANTAN TIMUR,PASER,MULTI MAKMUR MITRA ALAM (PASER),ID-PALM-MILL-00533,PADASA ENAM UTAMA,KUTAI REFINERY NUSANTARA,ID-PALM-REFINERY-0039,ROYAL GOLDEN EAGLE,KUTAI REFINERY NUSANTARA,ROYAL GOLDEN EAGLE,BALIKPAPAN,AAA OILS & FATS,AAA OILS & FATS,NETHERLANDS,EUROPEAN UNION,ID-64,ID-6401,ID,NL,3.930155027501515,0.0370681258214431,-1.61748589196865,-1.61748589196865,0.0,43.7957027230529,0.0,27.859034451855997,9.54384885228469,43002.673447310255
2022,INDONESIA,REFINED PALM OIL,3,NDPE COMMITMENT,KALIMANTAN TIMUR,PASER,MULTI MAKMUR MITRA ALAM (PASER),ID-PALM-MILL-00533,PADASA ENAM UTAMA,KUTAI REFINERY NUSANTARA,ID-PALM-REFINERY-0039,ROYAL GOLDEN EAGLE,KUTAI REFINERY NUSANTARA,ROYAL GOLDEN EAGLE,BALIKPAPAN,AAA OILS & FATS,AAA OILS & FATS,SPAIN,EUROPEAN UNION,ID-64,ID-6401,ID,ES,3.144200741189776,0.0296552242511385,-1.29402028795411,-1.29402028795411,0.0,35.0374170991138,0.0,22.287771388001083,7.63526538397984,27129.47772665463
2022,INDONESIA,REFINED PALM OIL,3,NDPE COMMITMENT,KALIMANTAN TIMUR,PASER,MULTI MAKMUR MITRA ALAM (PASER),ID-PALM-MILL-00533,PADASA ENAM UTAMA,KUTAI REFINERY NUSANTARA,ID-PALM-REFINERY-0039,ROYAL GOLDEN EAGLE,KUTAI REFINERY NUSANTARA,ROYAL GOLDEN EAGLE,BALIKPAPAN,APICAL (MALAYSIA) SDN BHD,APICAL (MALAYSIA) SDN BHD,ITALY,EUROPEAN UNION,ID-64,ID-6401,ID,IT,3.1442211786785297,0.029655417011831,-1.29402869916169,-1.29402869916169,0.0,35.0376448443747,0.0,22.28791625981897,7.63531501365151,23435.2758914301
2022,INDONESIA,REFINED PALM OIL,3,NDPE COMMITMENT,KALIMANTAN TIMUR,PASER,MULTI MAKMUR MITRA ALAM (PASER),ID-PALM-MILL-00533,PADASA ENAM UTAMA,KUTAI REFINERY NUSANTARA,ID-PALM-REFINERY-0039,ROYAL GOLDEN EAGLE,KUTAI REFINERY NUSANTARA,ROYAL GOLDEN EAGLE,BALIKPAPAN,APICAL (MALAYSIA) SDN BHD,APICAL (MALAYSIA) SDN BHD,SPAIN,EUROPEAN UNION,ID-64,ID-6401,ID,ES,0.7859244161358732,0.00741261984313862,-0.323453310711159,-0.323453310711159,0.0,8.75795276548091,0.0,5.571051328121076,1.908510932630882,7610.348613199671
2022,INDONESIA,REFINED PALM OIL,3,NDPE COMMITMENT,KALIMANTAN TIMUR,PASER,MULTI MAKMUR MITRA ALAM (PASER),ID-PALM-MILL-00533,PADASA ENAM UTAMA,KUTAI REFINERY NUSANTARA,ID-PALM-REFINERY-0039,ROYAL GOLDEN EAGLE,KUTAI REFINERY NUSANTARA,ROYAL GOLDEN EAGLE,BALIKPAPAN,APICAL MIDDLE EAST FZCO,APICAL MIDDLE EAST FZCO,BELGIUM,EUROPEAN UNION,ID-64,ID-6401,ID,BE,5.895364205843283,0.0556034305558566,-2.42628302554022,-2.42628302554022,0.0,65.6950212896252,0.0,41.789484986610695,14.31609300804256,32951.008911942496
2022,INDONESIA,REFINED PALM OIL,3,NDPE COMMITMENT,KALIMANTAN TIMUR,PASER,MULTI MAKMUR MITRA ALAM (PASER),ID-PALM-MILL-00533,PADASA ENAM UTAMA,KUTAI REFINERY NUSANTARA,ID-PALM-REFINERY-0039,ROYAL GOLDEN EAGLE,KUTAI REFINERY NUSANTARA,ROYAL GOLDEN EAGLE,BALIKPAPAN,APICAL MIDDLE EAST FZCO,APICAL MIDDLE EAST FZCO,SPAIN,EUROPEAN UNION,ID-64,ID-6401,ID,ES,9.078604480841669,0.0856268647989933,-3.73637033749786,-3.73637033749786,0.0,101.167475634131,0.0,64.35398940670527,22.04616060906624,49028.09635147726
2022,INDONESIA,REFINED PALM OIL,3,NDPE COMMITMENT,KALIMANTAN TIMUR,PASER,MULTI MAKMUR MITRA ALAM (PASER),ID-PALM-MILL-00533,PADASA ENAM UTAMA,SMART TBK (TARJUN REFINERY & KERNEL CRUSHING PLANT),ID-PALM-REFINERY-0020,SINAR MAS,SINAR MAS AGRO RESOURCES AND TECHNOLOGY,SINAR MAS,TARJUN,CASA OLEARIA ITALIANA S P A,CASA OLEARIA ITALIANA S P A,ITALY,EUROPEAN UNION,ID-64,ID-6401,ID,IT,2.76811993149488,0.0,0.0,0.0,0.0,0.0,0.0,13.281103032730103,4.71609541903701,12617.0478810936
2022,INDONESIA,REFINED PALM OIL,3,NDPE COMMITMENT,KALIMANTAN TIMUR,PASER,MULTI MAKMUR MITRA ALAM (PASER),ID-PALM-MILL-00533,PADASA ENAM UTAMA,SMART TBK (TARJUN REFINERY & KERNEL CRUSHING PLANT),ID-PALM-REFINERY-0020,SINAR MAS,SINAR MAS AGRO RESOURCES AND TECHNOLOGY,SINAR MAS,TARJUN,GOLDEN AGRI INTERNATIONAL,GOLDEN AGRI INTERNATIONAL,ITALY,EUROPEAN UNION,ID-64,ID-6401,ID,IT,143.816797781042,0.0,0.0,0.0,0.0,0.0,0.0,690.0155182712199,245.023249707776,710018.436797058
2022,INDONESIA,REFINED PALM OIL,3,NDPE COMMITMENT,KALIMANTAN TIMUR,PASER,MULTI MAKMUR MITRA ALAM (PASER),ID-PALM-MILL-00533,PADASA ENAM UTAMA,SMART TBK (TARJUN REFINERY & KERNEL CRUSHING PLANT),ID-PALM-REFINERY-0020,SINAR MAS,SINAR MAS AGRO RESOURCES AND TECHNOLOGY,SINAR MAS,TARJUN,GOLDEN AGRI INTERNATIONAL,GOLDEN AGRI INTERNATIONAL,NETHERLANDS,EUROPEAN UNION,ID-64,ID-6401,ID,NL,13.8467509735529,0.0,0.0,0.0,0.0,0.0,0.0,66.43502843065063,23.5909572023686,83940.6584221271
2022,INDONESIA,REFINED PALM OIL,3,NDPE COMMITMENT,KALIMANTAN TIMUR,PASER,MULTI MAKMUR MITRA ALAM (PASER),ID-PALM-MILL-00533,PADASA ENAM UTAMA,SMART TBK (TARJUN REFINERY & KERNEL CRUSHING PLANT),ID-PALM-REFINERY-0020,SINAR MAS,SINAR MAS AGRO RESOURCES AND TECHNOLOGY,SINAR MAS,TARJUN,GOLDEN AGRI INTERNATIONAL,GOLDEN AGRI INTERNATIONAL,SPAIN,EUROPEAN UNION,ID-64,ID-6401,ID,ES,2.76934964078748,0.0,0.0,0.0,0.0,0.0,0.0,13.28700302847442,4.71819049674502,12811.9926702064
2022,INDONESIA,REFINED PALM OIL,3,NDPE COMMITMENT,KALIMANTAN TIMUR,PASER,MULTI MAKMUR MITRA ALAM (PASER),ID-PALM-MILL-00533,PADASA ENAM UTAMA,SMART TBK (TARJUN REFINERY & KERNEL CRUSHING PLANT),ID-PALM-REFINERY-0020,SINAR MAS,SINAR MAS AGRO RESOURCES AND TECHNOLOGY,SINAR MAS,TARJUN,ITAL BI OIL SRL,ITAL BI OIL SRL,ITALY,EUROPEAN UNION,ID-64,ID-6401,ID,IT,18.0018445063264,0.0,0.0,0.0,0.0,0.0,0.0,86.37066224894168,30.6700643438719,82052.1291364946
2022,INDONESIA,REFINED PALM OIL,3,NDPE COMMITMENT,KALIMANTAN TIMUR,PASER,PERKEBUNAN NUSANTARA XIII (LONG PINANG),ID-PALM-MILL-01054,PTPN III,KUTAI REFINERY NUSANTARA,ID-PALM-REFINERY-0039,ROYAL GOLDEN EAGLE,KUTAI REFINERY NUSANTARA,ROYAL GOLDEN EAGLE,BALIKPAPAN,AAA OILS & FATS,AAA OILS & FATS,NETHERLANDS,EUROPEAN UNION,ID-64,ID-6401,ID,NL,0.00224714880695659,0.0,0.0,0.0,0.0,0.0,0.0,9.514415770776631,2.53833814226225,14686.270449885931
2022,INDONESIA,REFINED PALM OIL,3,NDPE COMMITMENT,KALIMANTAN TIMUR,PASER,PERKEBUNAN NUSANTARA XIII (LONG PINANG),ID-PALM-MILL-01054,PTPN III,KUTAI REFINERY NUSANTARA,ID-PALM-REFINERY-0039,ROYAL GOLDEN EAGLE,KUTAI REFINERY NUSANTARA,ROYAL GOLDEN EAGLE,BALIKPAPAN,AAA OILS & FATS,AAA OILS & FATS,SPAIN,EUROPEAN UNION,ID-64,ID-6401,ID,ES,0.0017977629113751,0.0,0.0,0.0,0.0,0.0,0.0,7.611718344220453,2.030720063825312,9265.2576018556
2022,INDONESIA,REFINED PALM OIL,3,NDPE COMMITMENT,KALIMANTAN TIMUR,PASER,PERKEBUNAN NUSANTARA XIII (LONG PINANG),ID-PALM-MILL-01054,PTPN III,KUTAI REFINERY NUSANTARA,ID-PALM-REFINERY-0039,ROYAL GOLDEN EAGLE,KUTAI REFINERY NUSANTARA,ROYAL GOLDEN EAGLE,BALIKPAPAN,APICAL (MALAYSIA) SDN BHD,APICAL (MALAYSIA) SDN BHD,ITALY,EUROPEAN UNION,ID-64,ID-6401,ID,IT,0.0017977745969392,0.0,0.0,0.0,0.0,0.0,0.0,7.611767820834979,2.030733263624525,8003.61401322971
2022,INDONESIA,REFINED PALM OIL,3,NDPE COMMITMENT,KALIMANTAN TIMUR,PASER,PERKEBUNAN NUSANTARA XIII (LONG PINANG),ID-PALM-MILL-01054,PTPN III,KUTAI REFINERY NUSANTARA,ID-PALM-REFINERY-0039,ROYAL GOLDEN EAGLE,KUTAI REFINERY NUSANTARA,ROYAL GOLDEN EAGLE,BALIKPAPAN,APICAL (MALAYSIA) SDN BHD,APICAL (MALAYSIA) SDN BHD,SPAIN,EUROPEAN UNION,ID-64,ID-6401,ID,ES,0.000449368816680121,0.0,0.0,0.0,0.0,0.0,0.0,1.902625114581101,0.507598786422709,2599.08580075398
2022,INDONESIA,REFINED PALM OIL,3,NDPE COMMITMENT,KALIMANTAN TIMUR,PASER,PERKEBUNAN NUSANTARA XIII (LONG PINANG),ID-PALM-MILL-01054,PTPN III,KUTAI REFINERY NUSANTARA,ID-PALM-REFINERY-0039,ROYAL GOLDEN EAGLE,KUTAI REFINERY NUSANTARA,ROYAL GOLDEN EAGLE,BALIKPAPAN,APICAL MIDDLE EAST FZCO,APICAL MIDDLE EAST FZCO,BELGIUM,EUROPEAN UNION,ID-64,ID-6401,ID,BE,0.00337079849243434,0.0,0.0,0.0,0.0,0.0,0.0,14.271942399739306,3.80759225056139,11253.42658219444
2022,INDONESIA,REFINED PALM OIL,3,NDPE COMMITMENT,KALIMANTAN TIMUR,PASER,PERKEBUNAN NUSANTARA XIII (LONG PINANG),ID-PALM-MILL-01054,PTPN III,KUTAI REFINERY NUSANTARA,ID-PALM-REFINERY-0039,ROYAL GOLDEN EAGLE,KUTAI REFINERY NUSANTARA,ROYAL GOLDEN EAGLE,BALIKPAPAN,APICAL MIDDLE EAST FZCO,APICAL MIDDLE EAST FZCO,SPAIN,EUROPEAN UNION,ID-64,ID-6401,ID,ES,0.00519088307845288,0.0,0.0,0.0,0.0,0.0,0.0,21.97817059243983,5.86352646930656,16744.07251779586
2022,INDONESIA,REFINED PALM OIL,3,NDPE COMMITMENT,KALIMANTAN TIMUR,PASER,PUCUK JAYA,ID-PALM-MILL-00170,CHELLAM PLANTATIONS,KUTAI REFINERY NUSANTARA,ID-PALM-REFINERY-0039,ROYAL GOLDEN EAGLE,KUTAI REFINERY NUSANTARA,ROYAL GOLDEN EAGLE,BALIKPAPAN,AAA OILS & FATS,AAA OILS & FATS,NETHERLANDS,EUROPEAN UNION,ID-64,ID-6401,ID,NL,4.7748547588864,0.0,0.0,0.0,0.0,0.0,0.0,21.199422127306104,7.49733193129499,32723.0230677107
2022,INDONESIA,REFINED PALM OIL,3,NDPE COMMITMENT,KALIMANTAN TIMUR,PASER,PUCUK JAYA,ID-PALM-MILL-00170,CHELLAM PLANTATIONS,KUTAI REFINERY NUSANTARA,ID-PALM-REFINERY-0039,ROYAL GOLDEN EAGLE,KUTAI REFINERY NUSANTARA,ROYAL GOLDEN EAGLE,BALIKPAPAN,AAA OILS & FATS,AAA OILS & FATS,SPAIN,EUROPEAN UNION,ID-64,ID-6401,ID,ES,3.81997701538717,0.0,0.0,0.0,0.0,0.0,0.0,16.959951528386632,5.99801189784348,20644.2635840304
2022,INDONESIA,REFINED PALM OIL,3,NDPE COMMITMENT,KALIMANTAN TIMUR,PASER,PUCUK JAYA,ID-PALM-MILL-00170,CHELLAM PLANTATIONS,KUTAI REFINERY NUSANTARA,ID-PALM-REFINERY-0039,ROYAL GOLDEN EAGLE,KUTAI REFINERY NUSANTARA,ROYAL GOLDEN EAGLE,BALIKPAPAN,APICAL (MALAYSIA) SDN BHD,APICAL (MALAYSIA) SDN BHD,ITALY,EUROPEAN UNION,ID-64,ID-6401,ID,IT,3.82000184546124,0.0,0.0,0.0,0.0,0.0,0.0,16.96006176906379,5.9980508852717,17833.1487816229
2022,INDONESIA,REFINED PALM OIL,3,NDPE COMMITMENT,KALIMANTAN TIMUR,PASER,PUCUK JAYA,ID-PALM-MILL-00170,CHELLAM PLANTATIONS,KUTAI REFINERY NUSANTARA,ID-PALM-REFINERY-0039,ROYAL GOLDEN EAGLE,KUTAI REFINERY NUSANTARA,ROYAL GOLDEN EAGLE,BALIKPAPAN,APICAL (MALAYSIA) SDN BHD,APICAL (MALAYSIA) SDN BHD,SPAIN,EUROPEAN UNION,ID-64,ID-6401,ID,ES,0.954841453390973,0.0,0.0,0.0,0.0,0.0,0.0,4.239309477929884,1.49926305182565,5791.1193248993
2022,INDONESIA,REFINED PALM OIL,3,NDPE COMMITMENT,KALIMANTAN TIMUR,PASER,PUCUK JAYA,ID-PALM-MILL-00170,CHELLAM PLANTATIONS,KUTAI REFINERY NUSANTARA,ID-PALM-REFINERY-0039,ROYAL GOLDEN EAGLE,KUTAI REFINERY NUSANTARA,ROYAL GOLDEN EAGLE,BALIKPAPAN,APICAL MIDDLE EAST FZCO,APICAL MIDDLE EAST FZCO,BELGIUM,EUROPEAN UNION,ID-64,ID-6401,ID,BE,7.16244210130678,0.0,0.0,0.0,0.0,0.0,0.0,31.799843395321265,11.2462490659512,25074.1765172108
2022,INDONESIA,REFINED PALM OIL,3,NDPE COMMITMENT,KALIMANTAN TIMUR,PASER,PUCUK JAYA,ID-PALM-MILL-00170,CHELLAM PLANTATIONS,KUTAI REFINERY NUSANTARA,ID-PALM-REFINERY-0039,ROYAL GOLDEN EAGLE,KUTAI REFINERY NUSANTARA,ROYAL GOLDEN EAGLE,BALIKPAPAN,APICAL MIDDLE EAST FZCO,APICAL MIDDLE EAST FZCO,SPAIN,EUROPEAN UNION,ID-64,ID-6401,ID,ES,11.0298493331832,0.0,0.0,0.0,0.0,0.0,0.0,48.97037581710031,17.3187344492827,37308.0880620384
2022,INDONESIA,REFINED PALM OIL,3,NDPE COMMITMENT,KALIMANTAN TIMUR,PASER,SARASWANTI SAWIT MAKMUR,ID-PALM-MILL-00708,SARASWANTI,KUTAI REFINERY NUSANTARA,ID-PALM-REFINERY-0039,ROYAL GOLDEN EAGLE,KUTAI REFINERY NUSANTARA,ROYAL GOLDEN EAGLE,BALIKPAPAN,AAA OILS & FATS,AAA OILS & FATS,NETHERLANDS,EUROPEAN UNION,ID-64,ID-6401,ID,NL,2.22763903902208,0.0,0.0,0.0,0.0,0.0,0.0,10.687941393134315,3.79526845916917,16497.7021851641
2022,INDONESIA,REFINED PALM OIL,3,NDPE COMMITMENT,KALIMANTAN TIMUR,PASER,SARASWANTI SAWIT MAKMUR,ID-PALM-MILL-00708,SARASWANTI,KUTAI REFINERY NUSANTARA,ID-PALM-REFINERY-0039,ROYAL GOLDEN EAGLE,KUTAI REFINERY NUSANTARA,ROYAL GOLDEN EAGLE,BALIKPAPAN,AAA OILS & FATS,AAA OILS & FATS,SPAIN,EUROPEAN UNION,ID-64,ID-6401,ID,ES,1.78215471618411,0.0,0.0,0.0,0.0,0.0,0.0,8.550561750091884,3.03628885345014,10408.0515952523
2022,INDONESIA,REFINED PALM OIL,3,NDPE COMMITMENT,KALIMANTAN TIMUR,PASER,SARASWANTI SAWIT MAKMUR,ID-PALM-MILL-00708,SARASWANTI,KUTAI REFINERY NUSANTARA,ID-PALM-REFINERY-0039,ROYAL GOLDEN EAGLE,KUTAI REFINERY NUSANTARA,ROYAL GOLDEN EAGLE,BALIKPAPAN,APICAL (MALAYSIA) SDN BHD,APICAL (MALAYSIA) SDN BHD,ITALY,EUROPEAN UNION,ID-64,ID-6401,ID,IT,1.78216630029402,0.0,0.0,0.0,0.0,0.0,0.0,8.550617329243474,3.03630858950531,8990.7945550802
2022,INDONESIA,REFINED PALM OIL,3,NDPE COMMITMENT,KALIMANTAN TIMUR,PASER,SARASWANTI SAWIT MAKMUR,ID-PALM-MILL-00708,SARASWANTI,KUTAI REFINERY NUSANTARA,ID-PALM-REFINERY-0039,ROYAL GOLDEN EAGLE,KUTAI REFINERY NUSANTARA,ROYAL GOLDEN EAGLE,BALIKPAPAN,APICAL (MALAYSIA) SDN BHD,APICAL (MALAYSIA) SDN BHD,SPAIN,EUROPEAN UNION,ID-64,ID-6401,ID,ES,0.445467392215798,0.0,0.0,0.0,0.0,0.0,0.0,2.1372984119747365,0.758950760715323,2919.66184613338
2022,INDONESIA,REFINED PALM OIL,3,NDPE COMMITMENT,KALIMANTAN TIMUR,PASER,SARASWANTI SAWIT MAKMUR,ID-PALM-MILL-00708,SARASWANTI,KUTAI REFINERY NUSANTARA,ID-PALM-REFINERY-0039,ROYAL GOLDEN EAGLE,KUTAI REFINERY NUSANTARA,ROYAL GOLDEN EAGLE,BALIKPAPAN,APICAL MIDDLE EAST FZCO,APICAL MIDDLE EAST FZCO,BELGIUM,EUROPEAN UNION,ID-64,ID-6401,ID,BE,3.34153318693352,0.0,0.0,0.0,0.0,0.0,0.0,16.03227014769726,5.69302983449381,12641.4450114593
2022,INDONESIA,REFINED PALM OIL,3,NDPE COMMITMENT,KALIMANTAN TIMUR,PASER,SARASWANTI SAWIT MAKMUR,ID-PALM-MILL-00708,SARASWANTI,KUTAI REFINERY NUSANTARA,ID-PALM-REFINERY-0039,ROYAL GOLDEN EAGLE,KUTAI REFINERY NUSANTARA,ROYAL GOLDEN EAGLE,BALIKPAPAN,APICAL MIDDLE EAST FZCO,APICAL MIDDLE EAST FZCO,SPAIN,EUROPEAN UNION,ID-64,ID-6401,ID,ES,5.14581578076335,0.0,0.0,0.0,0.0,0.0,0.0,24.688998765620525,8.76701834871755,18809.3173626347
2022,INDONESIA,REFINED PALM OIL,3,NDPE COMMITMENT,KALIMANTAN TIMUR,PASER,SUMBER BUNGA SAWIT LESTARI (BABULU),ID-PALM-MILL-00818,SUPERVENTURE,KUTAI REFINERY NUSANTARA,ID-PALM-REFINERY-0039,ROYAL GOLDEN EAGLE,KUTAI REFINERY NUSANTARA,ROYAL GOLDEN EAGLE,BALIKPAPAN,AAA OILS & FATS,AAA OILS & FATS,NETHERLANDS,EUROPEAN UNION,ID-64,ID-6401,ID,NL,0.0125896248427114,0.0,0.0,0.0,0.0,0.0,0.0,3.457746300399621,0.772941365558573,5337.31114323756
2022,INDONESIA,REFINED PALM OIL,3,NDPE COMMITMENT,KALIMANTAN TIMUR,PASER,SUMBER BUNGA SAWIT LESTARI (BABULU),ID-PALM-MILL-00818,SUPERVENTURE,KUTAI REFINERY NUSANTARA,ID-PALM-REFINERY-0039,ROYAL GOLDEN EAGLE,KUTAI REFINERY NUSANTARA,ROYAL GOLDEN EAGLE,BALIKPAPAN,AAA OILS & FATS,AAA OILS & FATS,SPAIN,EUROPEAN UNION,ID-64,ID-6401,ID,ES,0.0100719456318543,0.0,0.0,0.0,0.0,0.0,0.0,2.7662645377818946,0.618368180766264,3367.19678505815
2022,INDONESIA,REFINED PALM OIL,3,NDPE COMMITMENT,KALIMANTAN TIMUR,PASER,SUMBER BUNGA SAWIT LESTARI (BABULU),ID-PALM-MILL-00818,SUPERVENTURE,KUTAI REFINERY NUSANTARA,ID-PALM-REFINERY-0039,ROYAL GOLDEN EAGLE,KUTAI REFINERY NUSANTARA,ROYAL GOLDEN EAGLE,BALIKPAPAN,APICAL (MALAYSIA) SDN BHD,APICAL (MALAYSIA) SDN BHD,ITALY,EUROPEAN UNION,ID-64,ID-6401,ID,IT,0.0100720111000902,0.0,0.0,0.0,0.0,0.0,0.0,2.766282518663221,0.618372200195614,2908.68797525889
2022,INDONESIA,REFINED PALM OIL,3,NDPE COMMITMENT,KALIMANTAN TIMUR,PASER,SUMBER BUNGA SAWIT LESTARI (BABULU),ID-PALM-MILL-00818,SUPERVENTURE,KUTAI REFINERY NUSANTARA,ID-PALM-REFINERY-0039,ROYAL GOLDEN EAGLE,KUTAI REFINERY NUSANTARA,ROYAL GOLDEN EAGLE,BALIKPAPAN,APICAL (MALAYSIA) SDN BHD,APICAL (MALAYSIA) SDN BHD,SPAIN,EUROPEAN UNION,ID-64,ID-6401,ID,ES,0.00251758352651238,0.0,0.0,0.0,0.0,0.0,0.0,0.6914554828680979,0.154567310241721,944.564493343
2022,INDONESIA,REFINED PALM OIL,3,NDPE COMMITMENT,KALIMANTAN TIMUR,PASER,SUMBER BUNGA SAWIT LESTARI (BABULU),ID-PALM-MILL-00818,SUPERVENTURE,KUTAI REFINERY NUSANTARA,ID-PALM-REFINERY-0039,ROYAL GOLDEN EAGLE,KUTAI REFINERY NUSANTARA,ROYAL GOLDEN EAGLE,BALIKPAPAN,APICAL MIDDLE EAST FZCO,APICAL MIDDLE EAST FZCO,BELGIUM,EUROPEAN UNION,ID-64,ID-6401,ID,BE,0.0188848590305863,0.0,0.0,0.0,0.0,0.0,0.0,5.186735288969494,1.15943794273848,4089.74077535244
2022,INDONESIA,REFINED PALM OIL,3,NDPE COMMITMENT,KALIMANTAN TIMUR,PASER,SUMBER BUNGA SAWIT LESTARI (BABULU),ID-PALM-MILL-00818,SUPERVENTURE,KUTAI REFINERY NUSANTARA,ID-PALM-REFINERY-0039,ROYAL GOLDEN EAGLE,KUTAI REFINERY NUSANTARA,ROYAL GOLDEN EAGLE,BALIKPAPAN,APICAL MIDDLE EAST FZCO,APICAL MIDDLE EAST FZCO,SPAIN,EUROPEAN UNION,ID-64,ID-6401,ID,ES,0.0290818615829044,0.0,0.0,0.0,0.0,0.0,0.0,7.987346767941094,1.78548400653013,6085.16131698392
2022,INDONESIA,REFINED PALM OIL,3,NDPE COMMITMENT,KALIMANTAN TIMUR,PASER,WARU KALTIM PLANTATION,ID-PALM-MILL-00943,ASTRA AGRO LESTARI,KUTAI REFINERY NUSANTARA,ID-PALM-REFINERY-0039,ROYAL GOLDEN EAGLE,KUTAI REFINERY NUSANTARA,ROYAL GOLDEN EAGLE,BALIKPAPAN,AAA OILS & FATS,AAA OILS & FATS,NETHERLANDS,EUROPEAN UNION,ID-64,ID-6401,ID,NL,0.163639077897544,0.0,0.0,0.0,0.0,0.0,0.0,3.354829337549958,1.19142880364372,5178.45048518924
2022,INDONESIA,REFINED PALM OIL,3,NDPE COMMITMENT,KALIMANTAN TIMUR,PASER,WARU KALTIM PLANTATION,ID-PALM-MILL-00943,ASTRA AGRO LESTARI,KUTAI REFINERY NUSANTARA,ID-PALM-REFINERY-0039,ROYAL GOLDEN EAGLE,KUTAI REFINERY NUSANTARA,ROYAL GOLDEN EAGLE,BALIKPAPAN,AAA OILS & FATS,AAA OILS & FATS,SPAIN,EUROPEAN UNION,ID-64,ID-6401,ID,ES,0.130914456659527,0.0,0.0,0.0,0.0,0.0,0.0,2.683928958495958,0.95316630038202,3266.97495374703
2022,INDONESIA,REFINED PALM OIL,3,NDPE COMMITMENT,KALIMANTAN TIMUR,PASER,WARU KALTIM PLANTATION,ID-PALM-MILL-00943,ASTRA AGRO LESTARI,KUTAI REFINERY NUSANTARA,ID-PALM-REFINERY-0039,ROYAL GOLDEN EAGLE,KUTAI REFINERY NUSANTARA,ROYAL GOLDEN EAGLE,BALIKPAPAN,APICAL (MALAYSIA) SDN BHD,APICAL (MALAYSIA) SDN BHD,ITALY,EUROPEAN UNION,ID-64,ID-6401,ID,IT,0.130915307611154,0.0,0.0,0.0,0.0,0.0,0.0,2.6839464041912,0.953172496018733,2822.11327998516
2022,INDONESIA,REFINED PALM OIL,3,NDPE COMMITMENT,KALIMANTAN TIMUR,PASER,WARU KALTIM PLANTATION,ID-PALM-MILL-00943,ASTRA AGRO LESTARI,KUTAI REFINERY NUSANTARA,ID-PALM-REFINERY-0039,ROYAL GOLDEN EAGLE,KUTAI REFINERY NUSANTARA,ROYAL GOLDEN EAGLE,BALIKPAPAN,APICAL (MALAYSIA) SDN BHD,APICAL (MALAYSIA) SDN BHD,SPAIN,EUROPEAN UNION,ID-64,ID-6401,ID,ES,0.0327233775394857,0.0,0.0,0.0,0.0,0.0,0.0,0.6708748814994252,0.238253448100347,916.450311322402
2022,INDONESIA,REFINED PALM OIL,3,NDPE COMMITMENT,KALIMANTAN TIMUR,PASER,WARU KALTIM PLANTATION,ID-PALM-MILL-00943,ASTRA AGRO LESTARI,KUTAI REFINERY NUSANTARA,ID-PALM-REFINERY-0039,ROYAL GOLDEN EAGLE,KUTAI REFINERY NUSANTARA,ROYAL GOLDEN EAGLE,BALIKPAPAN,APICAL MIDDLE EAST FZCO,APICAL MIDDLE EAST FZCO,BELGIUM,EUROPEAN UNION,ID-64,ID-6401,ID,BE,0.245464098938527,0.0,0.0,0.0,0.0,0.0,0.0,5.0323563968616,1.78718311966363,3968.01301892537
2022,INDONESIA,REFINED PALM OIL,3,NDPE COMMITMENT,KALIMANTAN TIMUR,PASER,WARU KALTIM PLANTATION,ID-PALM-MILL-00943,ASTRA AGRO LESTARI,KUTAI REFINERY NUSANTARA,ID-PALM-REFINERY-0039,ROYAL GOLDEN EAGLE,KUTAI REFINERY NUSANTARA,ROYAL GOLDEN EAGLE,BALIKPAPAN,APICAL MIDDLE EAST FZCO,APICAL MIDDLE EAST FZCO,SPAIN,EUROPEAN UNION,ID-64,ID-6401,ID,ES,0.378004036849884,0.0,0.0,0.0,0.0,0.0,0.0,7.749609988210167,2.75218427763649,5904.04151616979
2022,INDONESIA,REFINED PALM OIL,3,NDPE COMMITMENT,KALIMANTAN TIMUR,PENAJAM PASER UTARA,AGRO INDOMAS (BUMI JAYA),ID-PALM-MILL-00011,GOODHOPE,KUTAI REFINERY NUSANTARA,ID-PALM-REFINERY-0039,ROYAL GOLDEN EAGLE,KUTAI REFINERY NUSANTARA,ROYAL GOLDEN EAGLE,BALIKPAPAN,AAA OILS & FATS,AAA OILS & FATS,NETHERLANDS,EUROPEAN UNION,ID-64,ID-6409,ID,NL,0.0,0.0,0.0,0.0,0.0,0.0,0.0,16.8995430848464,3.372453891384768,26085.81190932076
2022,INDONESIA,REFINED PALM OIL,3,NDPE COMMITMENT,KALIMANTAN TIMUR,PENAJAM PASER UTARA,AGRO INDOMAS (BUMI JAYA),ID-PALM-MILL-00011,GOODHOPE,KUTAI REFINERY NUSANTARA,ID-PALM-REFINERY-0039,ROYAL GOLDEN EAGLE,KUTAI REFINERY NUSANTARA,ROYAL GOLDEN EAGLE,BALIKPAPAN,AAA OILS & FATS,AAA OILS & FATS,SPAIN,EUROPEAN UNION,ID-64,ID-6409,ID,ES,0.0,0.0,0.0,0.0,0.0,0.0,0.0,13.519964357976495,2.698028945606578,16456.98735551253
2022,INDONESIA,REFINED PALM OIL,3,NDPE COMMITMENT,KALIMANTAN TIMUR,PENAJAM PASER UTARA,AGRO INDOMAS (BUMI JAYA),ID-PALM-MILL-00011,GOODHOPE,KUTAI REFINERY NUSANTARA,ID-PALM-REFINERY-0039,ROYAL GOLDEN EAGLE,KUTAI REFINERY NUSANTARA,ROYAL GOLDEN EAGLE,BALIKPAPAN,APICAL (MALAYSIA) SDN BHD,APICAL (MALAYSIA) SDN BHD,ITALY,EUROPEAN UNION,ID-64,ID-6409,ID,IT,0.0,0.0,0.0,0.0,0.0,0.0,0.0,13.520052238535747,2.6980464829525688,14216.05100194349
2022,INDONESIA,REFINED PALM OIL,3,NDPE COMMITMENT,KALIMANTAN TIMUR,PENAJAM PASER UTARA,AGRO INDOMAS (BUMI JAYA),ID-PALM-MILL-00011,GOODHOPE,KUTAI REFINERY NUSANTARA,ID-PALM-REFINERY-0039,ROYAL GOLDEN EAGLE,KUTAI REFINERY NUSANTARA,ROYAL GOLDEN EAGLE,BALIKPAPAN,APICAL (MALAYSIA) SDN BHD,APICAL (MALAYSIA) SDN BHD,SPAIN,EUROPEAN UNION,ID-64,ID-6409,ID,ES,0.0,0.0,0.0,0.0,0.0,0.0,0.0,3.3794502860525797,0.674399314272522,4616.506523286962
2022,INDONESIA,REFINED PALM OIL,3,NDPE COMMITMENT,KALIMANTAN TIMUR,PENAJAM PASER UTARA,AGRO INDOMAS (BUMI JAYA),ID-PALM-MILL-00011,GOODHOPE,KUTAI REFINERY NUSANTARA,ID-PALM-REFINERY-0039,ROYAL GOLDEN EAGLE,KUTAI REFINERY NUSANTARA,ROYAL GOLDEN EAGLE,BALIKPAPAN,APICAL MIDDLE EAST FZCO,APICAL MIDDLE EAST FZCO,BELGIUM,EUROPEAN UNION,ID-64,ID-6409,ID,BE,0.0,0.0,0.0,0.0,0.0,0.0,0.0,25.349880780872557,5.058793818056082,19988.38099571802
2022,INDONESIA,REFINED PALM OIL,3,NDPE COMMITMENT,KALIMANTAN TIMUR,PENAJAM PASER UTARA,AGRO INDOMAS (BUMI JAYA),ID-PALM-MILL-00011,GOODHOPE,KUTAI REFINERY NUSANTARA,ID-PALM-REFINERY-0039,ROYAL GOLDEN EAGLE,KUTAI REFINERY NUSANTARA,ROYAL GOLDEN EAGLE,BALIKPAPAN,APICAL MIDDLE EAST FZCO,APICAL MIDDLE EAST FZCO,SPAIN,EUROPEAN UNION,ID-64,ID-6409,ID,ES,0.0,0.0,0.0,0.0,0.0,0.0,0.0,39.037713907127745,7.79032246705588,29740.888116264017
2022,INDONESIA,REFINED PALM OIL,3,NDPE COMMITMENT,KALIMANTAN TIMUR,PENAJAM PASER UTARA,ALAM PERMAI MAKMUR RAYA,ID-PALM-MILL-01232,PADASA ENAM UTAMA,KUTAI REFINERY NUSANTARA,ID-PALM-REFINERY-0039,ROYAL GOLDEN EAGLE,KUTAI REFINERY NUSANTARA,ROYAL GOLDEN EAGLE,BALIKPAPAN,AAA OILS & FATS,AAA OILS & FATS,NETHERLANDS,EUROPEAN UNION,ID-64,ID-6409,ID,NL,0.0,0.0,0.0,0.0,0.0,0.0,0.0,18.249197280547726,4.911298715421903,28169.112346198206
2022,INDONESIA,REFINED PALM OIL,3,NDPE COMMITMENT,KALIMANTAN TIMUR,PENAJAM PASER UTARA,ALAM PERMAI MAKMUR RAYA,ID-PALM-MILL-01232,PADASA ENAM UTAMA,KUTAI REFINERY NUSANTARA,ID-PALM-REFINERY-0039,ROYAL GOLDEN EAGLE,KUTAI REFINERY NUSANTARA,ROYAL GOLDEN EAGLE,BALIKPAPAN,AAA OILS & FATS,AAA OILS & FATS,SPAIN,EUROPEAN UNION,ID-64,ID-6409,ID,ES,0.0,0.0,0.0,0.0,0.0,0.0,0.0,14.599714060667388,3.929134844090572,17771.2975662357
2022,INDONESIA,REFINED PALM OIL,3,NDPE COMMITMENT,KALIMANTAN TIMUR,PENAJAM PASER UTARA,ALAM PERMAI MAKMUR RAYA,ID-PALM-MILL-01232,PADASA ENAM UTAMA,KUTAI REFINERY NUSANTARA,ID-PALM-REFINERY-0039,ROYAL GOLDEN EAGLE,KUTAI REFINERY NUSANTARA,ROYAL GOLDEN EAGLE,BALIKPAPAN,APICAL (MALAYSIA) SDN BHD,APICAL (MALAYSIA) SDN BHD,ITALY,EUROPEAN UNION,ID-64,ID-6409,ID,IT,0.0,0.0,0.0,0.0,0.0,0.0,0.0,14.599808959662873,3.9291603836969244,15351.39251885591
2022,INDONESIA,REFINED PALM OIL,3,NDPE COMMITMENT,KALIMANTAN TIMUR,PENAJAM PASER UTARA,ALAM PERMAI MAKMUR RAYA,ID-PALM-MILL-01232,PADASA ENAM UTAMA,KUTAI REFINERY NUSANTARA,ID-PALM-REFINERY-0039,ROYAL GOLDEN EAGLE,KUTAI REFINERY NUSANTARA,ROYAL GOLDEN EAGLE,BALIKPAPAN,APICAL (MALAYSIA) SDN BHD,APICAL (MALAYSIA) SDN BHD,SPAIN,EUROPEAN UNION,ID-64,ID-6409,ID,ES,0.0,0.0,0.0,0.0,0.0,0.0,0.0,3.649344521348481,0.982126544214379,4985.196219058889
2022,INDONESIA,REFINED PALM OIL,3,NDPE COMMITMENT,KALIMANTAN TIMUR,PENAJAM PASER UTARA,ALAM PERMAI MAKMUR RAYA,ID-PALM-MILL-01232,PADASA ENAM UTAMA,KUTAI REFINERY NUSANTARA,ID-PALM-REFINERY-0039,ROYAL GOLDEN EAGLE,KUTAI REFINERY NUSANTARA,ROYAL GOLDEN EAGLE,BALIKPAPAN,APICAL MIDDLE EAST FZCO,APICAL MIDDLE EAST FZCO,BELGIUM,EUROPEAN UNION,ID-64,ID-6409,ID,BE,0.0,0.0,0.0,0.0,0.0,0.0,0.0,27.374407289350167,7.36711260713527,21584.720147652602
2022,INDONESIA,REFINED PALM OIL,3,NDPE COMMITMENT,KALIMANTAN TIMUR,PENAJAM PASER UTARA,ALAM PERMAI MAKMUR RAYA,ID-PALM-MILL-01232,PADASA ENAM UTAMA,KUTAI REFINERY NUSANTARA,ID-PALM-REFINERY-0039,ROYAL GOLDEN EAGLE,KUTAI REFINERY NUSANTARA,ROYAL GOLDEN EAGLE,BALIKPAPAN,APICAL MIDDLE EAST FZCO,APICAL MIDDLE EAST FZCO,SPAIN,EUROPEAN UNION,ID-64,ID-6409,ID,ES,0.0,0.0,0.0,0.0,0.0,0.0,0.0,42.15539668120125,11.34503301080383,32116.09519899225
2022,INDONESIA,REFINED PALM OIL,3,NDPE COMMITMENT,KALIMANTAN TIMUR,PENAJAM PASER UTARA,MEGA HIJAU LESTARI,ID-PALM-MILL-00477,UNKNOWN AFFILIATION,KUTAI REFINERY NUSANTARA,ID-PALM-REFINERY-0039,ROYAL GOLDEN EAGLE,KUTAI REFINERY NUSANTARA,ROYAL GOLDEN EAGLE,BALIKPAPAN,AAA OILS & FATS,AAA OILS & FATS,NETHERLANDS,EUROPEAN UNION,ID-64,ID-6409,ID,NL,0.0,0.0,11.6113982108649,11.6113982108649,0.0,30.7462400016325,0.0,21.008253971467283,6.625786967097699,32427.93955384123
2022,INDONESIA,REFINED PALM OIL,3,NDPE COMMITMENT,KALIMANTAN TIMUR,PENAJAM PASER UTARA,MEGA HIJAU LESTARI,ID-PALM-MILL-00477,UNKNOWN AFFILIATION,KUTAI REFINERY NUSANTARA,ID-PALM-REFINERY-0039,ROYAL GOLDEN EAGLE,KUTAI REFINERY NUSANTARA,ROYAL GOLDEN EAGLE,BALIKPAPAN,AAA OILS & FATS,AAA OILS & FATS,SPAIN,EUROPEAN UNION,ID-64,ID-6409,ID,ES,0.0,0.0,9.28934523075551,9.28934523075551,0.0,24.5975921879571,0.0,16.807013271988545,5.3007589133597,20458.10163233617
2022,INDONESIA,REFINED PALM OIL,3,NDPE COMMITMENT,KALIMANTAN TIMUR,PENAJAM PASER UTARA,MEGA HIJAU LESTARI,ID-PALM-MILL-00477,UNKNOWN AFFILIATION,KUTAI REFINERY NUSANTARA,ID-PALM-REFINERY-0039,ROYAL GOLDEN EAGLE,KUTAI REFINERY NUSANTARA,ROYAL GOLDEN EAGLE,BALIKPAPAN,APICAL (MALAYSIA) SDN BHD,APICAL (MALAYSIA) SDN BHD,ITALY,EUROPEAN UNION,ID-64,ID-6409,ID,IT,0.0,0.0,9.28940561204295,9.28940561204295,0.0,24.5977520737453,0.0,16.807122518557968,5.30079336860273,17672.336371505822
2022,INDONESIA,REFINED PALM OIL,3,NDPE COMMITMENT,KALIMANTAN TIMUR,PENAJAM PASER UTARA,MEGA HIJAU LESTARI,ID-PALM-MILL-00477,UNKNOWN AFFILIATION,KUTAI REFINERY NUSANTARA,ID-PALM-REFINERY-0039,ROYAL GOLDEN EAGLE,KUTAI REFINERY NUSANTARA,ROYAL GOLDEN EAGLE,BALIKPAPAN,APICAL (MALAYSIA) SDN BHD,APICAL (MALAYSIA) SDN BHD,SPAIN,EUROPEAN UNION,ID-64,ID-6409,ID,ES,0.0,0.0,2.32196473053545,2.32196473053545,0.0,6.14841413444654,0.0,4.201081031415663,1.324977696075101,5738.89725983849
2022,INDONESIA,REFINED PALM OIL,3,NDPE COMMITMENT,KALIMANTAN TIMUR,PENAJAM PASER UTARA,MEGA HIJAU LESTARI,ID-PALM-MILL-00477,UNKNOWN AFFILIATION,KUTAI REFINERY NUSANTARA,ID-PALM-REFINERY-0039,ROYAL GOLDEN EAGLE,KUTAI REFINERY NUSANTARA,ROYAL GOLDEN EAGLE,BALIKPAPAN,APICAL MIDDLE EAST FZCO,APICAL MIDDLE EAST FZCO,BELGIUM,EUROPEAN UNION,ID-64,ID-6409,ID,BE,0.0,0.0,17.4174863111299,17.4174863111299,0.0,46.1203900358919,0.0,31.51308475721585,9.93890242192378,24848.06733106472
2022,INDONESIA,REFINED PALM OIL,3,NDPE COMMITMENT,KALIMANTAN TIMUR,PENAJAM PASER UTARA,MEGA HIJAU LESTARI,ID-PALM-MILL-00477,UNKNOWN AFFILIATION,KUTAI REFINERY NUSANTARA,ID-PALM-REFINERY-0039,ROYAL GOLDEN EAGLE,KUTAI REFINERY NUSANTARA,ROYAL GOLDEN EAGLE,BALIKPAPAN,APICAL MIDDLE EAST FZCO,APICAL MIDDLE EAST FZCO,SPAIN,EUROPEAN UNION,ID-64,ID-6409,ID,ES,0.0,0.0,26.8221714126656,26.8221714126656,0.0,71.0233948265661,0.0,48.52877998588031,15.30547747548679,36971.65821268375
2022,INDONESIA,REFINED PALM OIL,3,NDPE COMMITMENT,KALIMANTAN TIMUR,PENAJAM PASER UTARA,MUARATOYU SUBUR LESTARI,ID-PALM-MILL-00910,TRIPUTRA AGRO PERSADA,KUTAI REFINERY NUSANTARA,ID-PALM-REFINERY-0039,ROYAL GOLDEN EAGLE,KUTAI REFINERY NUSANTARA,ROYAL GOLDEN EAGLE,BALIKPAPAN,AAA OILS & FATS,AAA OILS & FATS,NETHERLANDS,EUROPEAN UNION,ID-64,ID-6409,ID,NL,2.55814286530058,0.0,0.0,0.0,0.0,0.0,0.0,10.690512332021157,3.7863572411176,16501.6706373226
2022,INDONESIA,REFINED PALM OIL,3,NDPE COMMITMENT,KALIMANTAN TIMUR,PENAJAM PASER UTARA,MUARATOYU SUBUR LESTARI,ID-PALM-MILL-00910,TRIPUTRA AGRO PERSADA,KUTAI REFINERY NUSANTARA,ID-PALM-REFINERY-0039,ROYAL GOLDEN EAGLE,KUTAI REFINERY NUSANTARA,ROYAL GOLDEN EAGLE,BALIKPAPAN,AAA OILS & FATS,AAA OILS & FATS,SPAIN,EUROPEAN UNION,ID-64,ID-6409,ID,ES,2.04656422885708,0.0,0.0,0.0,0.0,0.0,0.0,8.552618551387758,3.0291597050561,10410.5552078375
2022,INDONESIA,REFINED PALM OIL,3,NDPE COMMITMENT,KALIMANTAN TIMUR,PENAJAM PASER UTARA,MUARATOYU SUBUR LESTARI,ID-PALM-MILL-00910,TRIPUTRA AGRO PERSADA,KUTAI REFINERY NUSANTARA,ID-PALM-REFINERY-0039,ROYAL GOLDEN EAGLE,KUTAI REFINERY NUSANTARA,ROYAL GOLDEN EAGLE,BALIKPAPAN,APICAL (MALAYSIA) SDN BHD,APICAL (MALAYSIA) SDN BHD,ITALY,EUROPEAN UNION,ID-64,ID-6409,ID,IT,2.04657753164429,0.0,0.0,0.0,0.0,0.0,0.0,8.552674143908673,3.02917939477138,8992.95725250667
2022,INDONESIA,REFINED PALM OIL,3,NDPE COMMITMENT,KALIMANTAN TIMUR,PENAJAM PASER UTARA,MUARATOYU SUBUR LESTARI,ID-PALM-MILL-00910,TRIPUTRA AGRO PERSADA,KUTAI REFINERY NUSANTARA,ID-PALM-REFINERY-0039,ROYAL GOLDEN EAGLE,KUTAI REFINERY NUSANTARA,ROYAL GOLDEN EAGLE,BALIKPAPAN,APICAL (MALAYSIA) SDN BHD,APICAL (MALAYSIA) SDN BHD,SPAIN,EUROPEAN UNION,ID-64,ID-6409,ID,ES,0.511559193908345,0.0,0.0,0.0,0.0,0.0,0.0,2.137812530025916,0.757168758785314,2920.36415838422
2022,INDONESIA,REFINED PALM OIL,3,NDPE COMMITMENT,KALIMANTAN TIMUR,PENAJAM PASER UTARA,MUARATOYU SUBUR LESTARI,ID-PALM-MILL-00910,TRIPUTRA AGRO PERSADA,KUTAI REFINERY NUSANTARA,ID-PALM-REFINERY-0039,ROYAL GOLDEN EAGLE,KUTAI REFINERY NUSANTARA,ROYAL GOLDEN EAGLE,BALIKPAPAN,APICAL MIDDLE EAST FZCO,APICAL MIDDLE EAST FZCO,BELGIUM,EUROPEAN UNION,ID-64,ID-6409,ID,BE,3.83729999859926,0.0,0.0,0.0,0.0,0.0,0.0,16.03612664215684,5.67966270888068,12644.4858573407
2022,INDONESIA,REFINED PALM OIL,3,NDPE COMMITMENT,KALIMANTAN TIMUR,PENAJAM PASER UTARA,MUARATOYU SUBUR LESTARI,ID-PALM-MILL-00910,TRIPUTRA AGRO PERSADA,KUTAI REFINERY NUSANTARA,ID-PALM-REFINERY-0039,ROYAL GOLDEN EAGLE,KUTAI REFINERY NUSANTARA,ROYAL GOLDEN EAGLE,BALIKPAPAN,APICAL MIDDLE EAST FZCO,APICAL MIDDLE EAST FZCO,SPAIN,EUROPEAN UNION,ID-64,ID-6409,ID,ES,5.90927510926082,0.0,0.0,0.0,0.0,0.0,0.0,24.694937599364945,8.74643355662496,18813.8418640015
2022,INDONESIA,REFINED PALM OIL,3,NDPE COMMITMENT,KALIMANTAN TIMUR,PENAJAM PASER UTARA,MUARATOYU SUBUR LESTARI,ID-PALM-MILL-00910,TRIPUTRA AGRO PERSADA,LDC EAST INDONESIA,ID-PALM-REFINERY-0075,LOUIS DREYFUS,LDC EAST INDONESIA,LOUIS DREYFUS,BALIKPAPAN,LOUIS DREYFUS,LOUIS DREYFUS,GREECE,EUROPEAN UNION,ID-64,ID-6409,ID,GR,15.8204423540136,0.0,0.0,0.0,0.0,0.0,0.0,66.11383452336631,23.4161458600807,12820.3133167713
2022,INDONESIA,REFINED PALM OIL,3,NDPE COMMITMENT,KALIMANTAN TIMUR,PENAJAM PASER UTARA,MUARATOYU SUBUR LESTARI,ID-PALM-MILL-00910,TRIPUTRA AGRO PERSADA,LDC EAST INDONESIA,ID-PALM-REFINERY-0075,LOUIS DREYFUS,LDC EAST INDONESIA,LOUIS DREYFUS,BALIKPAPAN,LOUIS DREYFUS,LOUIS DREYFUS,ITALY,EUROPEAN UNION,ID-64,ID-6409,ID,IT,216.6176812181574,0.0,0.0,0.0,0.0,0.0,0.0,905.2481094031621,320.6200626868049,481519.3240821233
2022,INDONESIA,REFINED PALM OIL,3,NDPE COMMITMENT,KALIMANTAN TIMUR,PENAJAM PASER UTARA,MUARATOYU SUBUR LESTARI,ID-PALM-MILL-00910,TRIPUTRA AGRO PERSADA,LDC EAST INDONESIA,ID-PALM-REFINERY-0075,LOUIS DREYFUS,LDC EAST INDONESIA,LOUIS DREYFUS,BALIKPAPAN,LOUIS DREYFUS,LOUIS DREYFUS,SPAIN,EUROPEAN UNION,ID-64,ID-6409,ID,ES,355.95072569230376,0.0,0.0,0.0,0.0,0.0,0.0,1487.5227158817568,526.8496243847426,520169.871609219
2022,INDONESIA,REFINED PALM OIL,3,NDPE COMMITMENT,KALIMANTAN TIMUR,PENAJAM PASER UTARA,PERKEBUNAN NUSANTARA XIII (LONG PINANG),ID-PALM-MILL-01054,PTPN III,KUTAI REFINERY NUSANTARA,ID-PALM-REFINERY-0039,ROYAL GOLDEN EAGLE,KUTAI REFINERY NUSANTARA,ROYAL GOLDEN EAGLE,BALIKPAPAN,AAA OILS & FATS,AAA OILS & FATS,NETHERLANDS,EUROPEAN UNION,ID-64,ID-6409,ID,NL,0.0,0.0,0.0,0.0,0.0,0.0,0.0,1.7069839216738525,0.609160832196716,2634.86777657003
2022,INDONESIA,REFINED PALM OIL,3,NDPE COMMITMENT,KALIMANTAN TIMUR,PENAJAM PASER UTARA,PERKEBUNAN NUSANTARA XIII (LONG PINANG),ID-PALM-MILL-01054,PTPN III,KUTAI REFINERY NUSANTARA,ID-PALM-REFINERY-0039,ROYAL GOLDEN EAGLE,KUTAI REFINERY NUSANTARA,ROYAL GOLDEN EAGLE,BALIKPAPAN,AAA OILS & FATS,AAA OILS & FATS,SPAIN,EUROPEAN UNION,ID-64,ID-6409,ID,ES,0.0,0.0,0.0,0.0,0.0,0.0,0.0,1.3656204587781684,0.487340556973984,1662.28238680839
2022,INDONESIA,REFINED PALM OIL,3,NDPE COMMITMENT,KALIMANTAN TIMUR,PENAJAM PASER UTARA,PERKEBUNAN NUSANTARA XIII (LONG PINANG),ID-PALM-MILL-01054,PTPN III,KUTAI REFINERY NUSANTARA,ID-PALM-REFINERY-0039,ROYAL GOLDEN EAGLE,KUTAI REFINERY NUSANTARA,ROYAL GOLDEN EAGLE,BALIKPAPAN,APICAL (MALAYSIA) SDN BHD,APICAL (MALAYSIA) SDN BHD,ITALY,EUROPEAN UNION,ID-64,ID-6409,ID,IT,0.0,0.0,0.0,0.0,0.0,0.0,0.0,1.365629335391042,0.487343724716114,1435.93056736383
2022,INDONESIA,REFINED PALM OIL,3,NDPE COMMITMENT,KALIMANTAN TIMUR,PENAJAM PASER UTARA,PERKEBUNAN NUSANTARA XIII (LONG PINANG),ID-PALM-MILL-01054,PTPN III,KUTAI REFINERY NUSANTARA,ID-PALM-REFINERY-0039,ROYAL GOLDEN EAGLE,KUTAI REFINERY NUSANTARA,ROYAL GOLDEN EAGLE,BALIKPAPAN,APICAL (MALAYSIA) SDN BHD,APICAL (MALAYSIA) SDN BHD,SPAIN,EUROPEAN UNION,ID-64,ID-6409,ID,ES,0.0,0.0,0.0,0.0,0.0,0.0,0.0,0.34135048938456314,0.121815645445773,466.302690551405
2022,INDONESIA,REFINED PALM OIL,3,NDPE COMMITMENT,KALIMANTAN TIMUR,PENAJAM PASER UTARA,PERKEBUNAN NUSANTARA XIII (LONG PINANG),ID-PALM-MILL-01054,PTPN III,KUTAI REFINERY NUSANTARA,ID-PALM-REFINERY-0039,ROYAL GOLDEN EAGLE,KUTAI REFINERY NUSANTARA,ROYAL GOLDEN EAGLE,BALIKPAPAN,APICAL MIDDLE EAST FZCO,APICAL MIDDLE EAST FZCO,BELGIUM,EUROPEAN UNION,ID-64,ID-6409,ID,BE,0.0,0.0,0.0,0.0,0.0,0.0,0.0,2.560533068382158,0.913761655864566,2018.98032441933
2022,INDONESIA,REFINED PALM OIL,3,NDPE COMMITMENT,KALIMANTAN TIMUR,PENAJAM PASER UTARA,PERKEBUNAN NUSANTARA XIII (LONG PINANG),ID-PALM-MILL-01054,PTPN III,KUTAI REFINERY NUSANTARA,ID-PALM-REFINERY-0039,ROYAL GOLDEN EAGLE,KUTAI REFINERY NUSANTARA,ROYAL GOLDEN EAGLE,BALIKPAPAN,APICAL MIDDLE EAST FZCO,APICAL MIDDLE EAST FZCO,SPAIN,EUROPEAN UNION,ID-64,ID-6409,ID,ES,0.0,0.0,0.0,0.0,0.0,0.0,0.0,3.9431095647859684,1.40715320948805,3004.05860536464
2022,INDONESIA,REFINED PALM OIL,3,NDPE COMMITMENT,KALIMANTAN TIMUR,PENAJAM PASER UTARA,SUMBER BUNGA SAWIT LESTARI (BABULU),ID-PALM-MILL-00818,SUPERVENTURE,KUTAI REFINERY NUSANTARA,ID-PALM-REFINERY-0039,ROYAL GOLDEN EAGLE,KUTAI REFINERY NUSANTARA,ROYAL GOLDEN EAGLE,BALIKPAPAN,AAA OILS & FATS,AAA OILS & FATS,NETHERLANDS,EUROPEAN UNION,ID-64,ID-6409,ID,NL,0.00661854050467383,0.0,0.0,0.0,0.0,0.0,0.0,20.459550506984314,4.02685048143312,31580.9713667942
2022,INDONESIA,REFINED PALM OIL,3,NDPE COMMITMENT,KALIMANTAN TIMUR,PENAJAM PASER UTARA,SUMBER BUNGA SAWIT LESTARI (BABULU),ID-PALM-MILL-00818,SUPERVENTURE,KUTAI REFINERY NUSANTARA,ID-PALM-REFINERY-0039,ROYAL GOLDEN EAGLE,KUTAI REFINERY NUSANTARA,ROYAL GOLDEN EAGLE,BALIKPAPAN,AAA OILS & FATS,AAA OILS & FATS,SPAIN,EUROPEAN UNION,ID-64,ID-6409,ID,ES,0.00529496160196493,0.0,0.0,0.0,0.0,0.0,0.0,16.368039789352736,3.22155899189336,19923.7673055685
2022,INDONESIA,REFINED PALM OIL,3,NDPE COMMITMENT,KALIMANTAN TIMUR,PENAJAM PASER UTARA,SUMBER BUNGA SAWIT LESTARI (BABULU),ID-PALM-MILL-00818,SUPERVENTURE,KUTAI REFINERY NUSANTARA,ID-PALM-REFINERY-0039,ROYAL GOLDEN EAGLE,KUTAI REFINERY NUSANTARA,ROYAL GOLDEN EAGLE,BALIKPAPAN,APICAL (MALAYSIA) SDN BHD,APICAL (MALAYSIA) SDN BHD,ITALY,EUROPEAN UNION,ID-64,ID-6409,ID,IT,0.0052949960195251,0.0,0.0,0.0,0.0,0.0,0.0,16.368146182568946,3.22157993221527,17210.761972904
2022,INDONESIA,REFINED PALM OIL,3,NDPE COMMITMENT,KALIMANTAN TIMUR,PENAJAM PASER UTARA,SUMBER BUNGA SAWIT LESTARI (BABULU),ID-PALM-MILL-00818,SUPERVENTURE,KUTAI REFINERY NUSANTARA,ID-PALM-REFINERY-0039,ROYAL GOLDEN EAGLE,KUTAI REFINERY NUSANTARA,ROYAL GOLDEN EAGLE,BALIKPAPAN,APICAL (MALAYSIA) SDN BHD,APICAL (MALAYSIA) SDN BHD,SPAIN,EUROPEAN UNION,ID-64,ID-6409,ID,ES,0.00132352860012095,0.0,0.0,0.0,0.0,0.0,0.0,4.091355219854063,0.805260884453893,5589.00604027012
2022,INDONESIA,REFINED PALM OIL,3,NDPE COMMITMENT,KALIMANTAN TIMUR,PENAJAM PASER UTARA,SUMBER BUNGA SAWIT LESTARI (BABULU),ID-PALM-MILL-00818,SUPERVENTURE,KUTAI REFINERY NUSANTARA,ID-PALM-REFINERY-0039,ROYAL GOLDEN EAGLE,KUTAI REFINERY NUSANTARA,ROYAL GOLDEN EAGLE,BALIKPAPAN,APICAL MIDDLE EAST FZCO,APICAL MIDDLE EAST FZCO,BELGIUM,EUROPEAN UNION,ID-64,ID-6409,ID,BE,0.00992803248552338,0.0,0.0,0.0,0.0,0.0,0.0,30.690011178311366,6.0404106261466,24199.0738140985
2022,INDONESIA,REFINED PALM OIL,3,NDPE COMMITMENT,KALIMANTAN TIMUR,PENAJAM PASER UTARA,SUMBER BUNGA SAWIT LESTARI (BABULU),ID-PALM-MILL-00818,SUPERVENTURE,KUTAI REFINERY NUSANTARA,ID-PALM-REFINERY-0039,ROYAL GOLDEN EAGLE,KUTAI REFINERY NUSANTARA,ROYAL GOLDEN EAGLE,BALIKPAPAN,APICAL MIDDLE EAST FZCO,APICAL MIDDLE EAST FZCO,SPAIN,EUROPEAN UNION,ID-64,ID-6409,ID,ES,0.0152887382461761,0.0,0.0,0.0,0.0,0.0,0.0,47.26128247078221,9.30196965987344,36006.0150432641
2022,INDONESIA,REFINED PALM OIL,3,NDPE COMMITMENT,KALIMANTAN TIMUR,PENAJAM PASER UTARA,WARU KALTIM PLANTATION,ID-PALM-MILL-00943,ASTRA AGRO LESTARI,KUTAI REFINERY NUSANTARA,ID-PALM-REFINERY-0039,ROYAL GOLDEN EAGLE,KUTAI REFINERY NUSANTARA,ROYAL GOLDEN EAGLE,BALIKPAPAN,AAA OILS & FATS,AAA OILS & FATS,NETHERLANDS,EUROPEAN UNION,ID-64,ID-6409,ID,NL,0.163980060298402,0.0,0.0,0.0,0.0,0.0,0.0,19.702130074153146,6.410224556744821,30411.83165408647
2022,INDONESIA,REFINED PALM OIL,3,NDPE COMMITMENT,KALIMANTAN TIMUR,PENAJAM PASER UTARA,WARU KALTIM PLANTATION,ID-PALM-MILL-00943,ASTRA AGRO LESTARI,KUTAI REFINERY NUSANTARA,ID-PALM-REFINERY-0039,ROYAL GOLDEN EAGLE,KUTAI REFINERY NUSANTARA,ROYAL GOLDEN EAGLE,BALIKPAPAN,AAA OILS & FATS,AAA OILS & FATS,SPAIN,EUROPEAN UNION,ID-64,ID-6409,ID,ES,0.131187249236412,0.0,0.0,0.0,0.0,0.0,0.0,15.762088657747146,5.128304777158608,19186.1817730291
2022,INDONESIA,REFINED PALM OIL,3,NDPE COMMITMENT,KALIMANTAN TIMUR,PENAJAM PASER UTARA,WARU KALTIM PLANTATION,ID-PALM-MILL-00943,ASTRA AGRO LESTARI,KUTAI REFINERY NUSANTARA,ID-PALM-REFINERY-0039,ROYAL GOLDEN EAGLE,KUTAI REFINERY NUSANTARA,ROYAL GOLDEN EAGLE,BALIKPAPAN,APICAL (MALAYSIA) SDN BHD,APICAL (MALAYSIA) SDN BHD,ITALY,EUROPEAN UNION,ID-64,ID-6409,ID,IT,0.131188101961207,0.0,0.0,0.0,0.0,0.0,0.0,15.762191112245514,5.128338111439679,16573.612941774452
2022,INDONESIA,REFINED PALM OIL,3,NDPE COMMITMENT,KALIMANTAN TIMUR,PENAJAM PASER UTARA,WARU KALTIM PLANTATION,ID-PALM-MILL-00943,ASTRA AGRO LESTARI,KUTAI REFINERY NUSANTARA,ID-PALM-REFINERY-0039,ROYAL GOLDEN EAGLE,KUTAI REFINERY NUSANTARA,ROYAL GOLDEN EAGLE,BALIKPAPAN,APICAL (MALAYSIA) SDN BHD,APICAL (MALAYSIA) SDN BHD,SPAIN,EUROPEAN UNION,ID-64,ID-6409,ID,ES,0.0327915647719057,0.0,0.0,0.0,0.0,0.0,0.0,3.9398916752160744,1.281871060252361,5382.09888594764
2022,INDONESIA,REFINED PALM OIL,3,NDPE COMMITMENT,KALIMANTAN TIMUR,PENAJAM PASER UTARA,WARU KALTIM PLANTATION,ID-PALM-MILL-00943,ASTRA AGRO LESTARI,KUTAI REFINERY NUSANTARA,ID-PALM-REFINERY-0039,ROYAL GOLDEN EAGLE,KUTAI REFINERY NUSANTARA,ROYAL GOLDEN EAGLE,BALIKPAPAN,APICAL MIDDLE EAST FZCO,APICAL MIDDLE EAST FZCO,BELGIUM,EUROPEAN UNION,ID-64,ID-6409,ID,BE,0.245975583963107,0.0,0.0,0.0,0.0,0.0,0.0,29.55385515463273,9.615551584812529,23303.21478942785
2022,INDONESIA,REFINED PALM OIL,3,NDPE COMMITMENT,KALIMANTAN TIMUR,PENAJAM PASER UTARA,WARU KALTIM PLANTATION,ID-PALM-MILL-00943,ASTRA AGRO LESTARI,KUTAI REFINERY NUSANTARA,ID-PALM-REFINERY-0039,ROYAL GOLDEN EAGLE,KUTAI REFINERY NUSANTARA,ROYAL GOLDEN EAGLE,BALIKPAPAN,APICAL MIDDLE EAST FZCO,APICAL MIDDLE EAST FZCO,SPAIN,EUROPEAN UNION,ID-64,ID-6409,ID,ES,0.378791701542666,0.0,0.0,0.0,0.0,0.0,0.0,45.511651607046765,14.807531249234522,34673.05851084743
2022,INDONESIA,REFINED PALM OIL,4,NDPE COMMITMENT,KALIMANTAN TIMUR,BERAU,CAHAYA ANUGERAH PLANTATION (FELIZA),ID-PALM-MILL-00154,TELADAN PRIMA,WILMAR NABATI INDONESIA (WINA GRESIK),ID-PALM-REFINERY-0010,WILMAR,WILMAR NABATI INDONESIA,WILMAR,TANJUNG PERAK,WILMAR,WILMAR,GREECE,EUROPEAN UNION,ID-64,ID-6403,ID,GR,0.0,0.0,0.0,0.0,0.0,0.0,0.0,0.4808094286080252,0.171177876938915,494.680780623367
2022,INDONESIA,REFINED PALM OIL,4,NDPE COMMITMENT,KALIMANTAN TIMUR,BERAU,DWIWIRA LESTARI JAYA,ID-PALM-MILL-00914,TRIPUTRA AGRO PERSADA,WILMAR NABATI INDONESIA (WINA GRESIK),ID-PALM-REFINERY-0010,WILMAR,WILMAR NABATI INDONESIA,WILMAR,TANJUNG PERAK,WILMAR,WILMAR,GREECE,EUROPEAN UNION,ID-64,ID-6405,ID,GR,0.0982611785151057,0.0,0.0,0.0,0.0,0.0,0.0,0.8183305220010515,0.2446235091958821,841.939357560782
2022,INDONESIA,REFINED PALM OIL,4,NDPE COMMITMENT,KALIMANTAN TIMUR,BERAU,HUTAN HIJAU MAS (BERAU),ID-PALM-MILL-00311,KUALA LUMPUR KEPONG (KLK),WILMAR NABATI INDONESIA (WINA GRESIK),ID-PALM-REFINERY-0010,WILMAR,WILMAR NABATI INDONESIA,WILMAR,TANJUNG PERAK,WILMAR,WILMAR,GREECE,EUROPEAN UNION,ID-64,ID-6405,ID,GR,0.04140650670854083,0.00144729583607242,1.40974081664768,1.02469273804234,0.385048078605342,2.06600321081071,0.0,0.9291969709421559,0.3305701398752322,956.0043035538386
2022,INDONESIA,REFINED PALM OIL,4,NDPE COMMITMENT,KALIMANTAN TIMUR,BERAU,JABONTARA EKA KARSA (JABON),ID-PALM-MILL-00419,KUALA LUMPUR KEPONG (KLK),WILMAR NABATI INDONESIA (WINA GRESIK),ID-PALM-REFINERY-0010,WILMAR,WILMAR NABATI INDONESIA,WILMAR,TANJUNG PERAK,WILMAR,WILMAR,GREECE,EUROPEAN UNION,ID-64,ID-6405,ID,GR,0.08563802242462829,0.004562394528567313,1.5701773790828766,1.5701773790828766,0.0,2.4540640198697283,0.0,0.2771262120571803,0.09889632340223688,285.1213032750301
2022,INDONESIA,REFINED PALM OIL,4,NDPE COMMITMENT,KALIMANTAN TIMUR,BERAU,PRIMA MITRAJAYA MANDIRI (BUMI PERMAI),ID-PALM-MILL-00495,MP EVANS,WILMAR NABATI INDONESIA (WINA GRESIK),ID-PALM-REFINERY-0010,WILMAR,WILMAR NABATI INDONESIA,WILMAR,TANJUNG PERAK,WILMAR,WILMAR,GREECE,EUROPEAN UNION,ID-64,ID-6403,ID,GR,0.000205800060313989,0.0,0.025029793686045,0.0,0.025029793686045,0.0,0.0,0.9271809356646583,0.3180148494884471,953.9301056585837
2022,INDONESIA,REFINED PALM OIL,4,NDPE COMMITMENT,KALIMANTAN TIMUR,BERAU,SATU SEMBILAN DELAPAN,ID-PALM-MILL-00420,KUALA LUMPUR KEPONG (KLK),WILMAR NABATI INDONESIA (WINA GRESIK),ID-PALM-REFINERY-0010,WILMAR,WILMAR NABATI INDONESIA,WILMAR,TANJUNG PERAK,WILMAR,WILMAR,GREECE,EUROPEAN UNION,ID-64,ID-6405,ID,GR,0.04273629159427093,0.0009361110441872395,1.5228158807316476,0.6628928992901111,0.8599229814415367,1.3496239521219122,0.0,0.5837962797192676,0.19209347523015496,600.6388023891683
2022,INDONESIA,REFINED PALM OIL,4,NDPE COMMITMENT,KALIMANTAN TIMUR,BERAU,SAWIT SUKSES SEJAHTERA,ID-PALM-MILL-00218,EAGLE HIGH PLANTATIONS,WILMAR NABATI INDONESIA (WINA GRESIK),ID-PALM-REFINERY-0010,WILMAR,WILMAR NABATI INDONESIA,WILMAR,TANJUNG PERAK,WILMAR,WILMAR,GREECE,EUROPEAN UNION,ID-64,ID-6403,ID,GR,0.0,0.0,0.0,0.0,0.0,0.0,0.0,0.10482254094876062,0.0370216860162959,107.846671255132
2022,INDONESIA,REFINED PALM OIL,4,NDPE COMMITMENT,KALIMANTAN TIMUR,BERAU,TANJUNG BUYU PERKASA PLANTATION (TALISAYAN),ID-PALM-MILL-00880,TELADAN PRIMA,WILMAR NABATI INDONESIA (WINA GRESIK),ID-PALM-REFINERY-0010,WILMAR,WILMAR NABATI INDONESIA,WILMAR,TANJUNG PERAK,WILMAR,WILMAR,GREECE,EUROPEAN UNION,ID-64,ID-6405,ID,GR,0.00646942474140599,0.0,0.000638124806278273,0.0,0.000638124806278273,0.0,0.0,0.9377156172718643,0.3157876115358166,964.7687128301561
2022,INDONESIA,REFINED PALM OIL,4,NDPE COMMITMENT,KALIMANTAN TIMUR,BERAU,TELEN (PENGADAN BAAY),ID-PALM-MILL-00879,TELADAN PRIMA,WILMAR NABATI INDONESIA (WINA GRESIK),ID-PALM-REFINERY-0010,WILMAR,WILMAR NABATI INDONESIA,WILMAR,TANJUNG PERAK,WILMAR,WILMAR,GREECE,EUROPEAN UNION,ID-64,ID-6405,ID,GR,0.0160261133592839,0.0,0.0,0.0,0.0,0.0,0.0,0.11016917137583052,0.0393153932298998,113.347551970024
2022,INDONESIA,REFINED PALM OIL,4,NDPE COMMITMENT,KALIMANTAN TIMUR,BERAU,YUDHA WAHANA ABADI,ID-PALM-MILL-00990,TRIPUTRA AGRO PERSADA,WILMAR NABATI INDONESIA (WINA GRESIK),ID-PALM-REFINERY-0010,WILMAR,WILMAR NABATI INDONESIA,WILMAR,TANJUNG PERAK,WILMAR,WILMAR,GREECE,EUROPEAN UNION,ID-64,ID-6405,ID,GR,0.0244983762163217,3.53451480328586e-06,0.00342482879859342,0.00342482879859342,0.0,0.00648895608404093,0.0,0.31999163766661576,0.113820235904322,329.223396413298
2022,INDONESIA,REFINED PALM OIL,4,NDPE COMMITMENT,KALIMANTAN TIMUR,KUTAI KARTANEGARA,FARINDA BERSAUDARA,ID-PALM-MILL-00886,TSH RESOURCES,WILMAR NABATI INDONESIA (WINA GRESIK),ID-PALM-REFINERY-0010,WILMAR,WILMAR NABATI INDONESIA,WILMAR,TANJUNG PERAK,WILMAR,WILMAR,GREECE,EUROPEAN UNION,ID-64,ID-6402,ID,GR,0.01302870407660838,0.0,0.0,0.0,0.0,0.0,0.0,0.7777848160306925,0.262349308951578,800.2239079731784
2022,INDONESIA,REFINED PALM OIL,4,NDPE COMMITMENT,KALIMANTAN TIMUR,KUTAI KARTANEGARA,KETAPANG AGRO LESTARI,ID-PALM-MILL-01032,FIRST RESOURCES,WILMAR NABATI INDONESIA (WINA GRESIK),ID-PALM-REFINERY-0010,WILMAR,WILMAR NABATI INDONESIA,WILMAR,TANJUNG PERAK,WILMAR,WILMAR,GREECE,EUROPEAN UNION,ID-64,ID-6402,ID,GR,0.027955350244686508,0.000290954666786933,2.126959270559165,2.126959270559165,0.0,4.389907796805797,0.0,0.4785844123534361,0.16705813376548384,492.39157264983265
2022,INDONESIA,REFINED PALM OIL,4,NDPE COMMITMENT,KALIMANTAN TIMUR,KUTAI TIMUR,DEWATA SAWIT NUSANTARA (POM 6),ID-PALM-MILL-01143,DHARMA SATYA NUSANTARA (DSN),WILMAR NABATI INDONESIA (WINA GRESIK),ID-PALM-REFINERY-0010,WILMAR,WILMAR NABATI INDONESIA,WILMAR,TANJUNG PERAK,WILMAR,WILMAR,GREECE,EUROPEAN UNION,ID-64,ID-6404,ID,GR,0.0,0.0,0.0,0.0,0.0,0.0,0.0,0.7825312613335283,0.27797160042543767,805.1072882230019
2022,INDONESIA,REFINED PALM OIL,4,NDPE COMMITMENT,KALIMANTAN TIMUR,KUTAI TIMUR,DHARMA AGROTAMA NUSANTARA (POM 2),ID-PALM-MILL-00199,DHARMA SATYA NUSANTARA (DSN),WILMAR NABATI INDONESIA (WINA GRESIK),ID-PALM-REFINERY-0010,WILMAR,WILMAR NABATI INDONESIA,WILMAR,TANJUNG PERAK,WILMAR,WILMAR,GREECE,EUROPEAN UNION,ID-64,ID-6404,ID,GR,0.0,0.0,0.0,0.0,0.0,0.0,0.0,0.8521400130172179,0.30409793868867996,876.7242523927646
2022,INDONESIA,REFINED PALM OIL,4,NDPE COMMITMENT,KALIMANTAN TIMUR,KUTAI TIMUR,DHARMA INTISAWIT NUGRAHA (POM 3),ID-PALM-MILL-00200,DHARMA SATYA NUSANTARA (DSN),WILMAR NABATI INDONESIA (WINA GRESIK),ID-PALM-REFINERY-0010,WILMAR,WILMAR NABATI INDONESIA,WILMAR,TANJUNG PERAK,WILMAR,WILMAR,GREECE,EUROPEAN UNION,ID-64,ID-6404,ID,GR,0.0,0.0,0.0,0.0,0.0,0.0,0.0,0.663457815522758,0.23617317558325204,682.5985735005893
2022,INDONESIA,REFINED PALM OIL,4,NDPE COMMITMENT,KALIMANTAN TIMUR,KUTAI TIMUR,HAMPARAN PERKASA MANDIRI,ID-PALM-MILL-01019,TRIPUTRA AGRO PERSADA,WILMAR NABATI INDONESIA (WINA GRESIK),ID-PALM-REFINERY-0010,WILMAR,WILMAR NABATI INDONESIA,WILMAR,TANJUNG PERAK,WILMAR,WILMAR,GREECE,EUROPEAN UNION,ID-64,ID-6404,ID,GR,0.0,0.0,0.0704853647185931,0.0704853647185931,0.0,0.185760557359358,0.0,0.9326263699530852,0.3279220581372892,959.532640726232
2022,INDONESIA,REFINED PALM OIL,4,NDPE COMMITMENT,KALIMANTAN TIMUR,KUTAI TIMUR,HANUSENTRA AGRO LESTARI,ID-PALM-MILL-01319,DHARMA AGUNG WIJAYA (DAW),WILMAR NABATI INDONESIA (WINA GRESIK),ID-PALM-REFINERY-0010,WILMAR,WILMAR NABATI INDONESIA,WILMAR,TANJUNG PERAK,WILMAR,WILMAR,GREECE,EUROPEAN UNION,ID-64,ID-6404,ID,GR,0.015200983071482339,0.0,0.0,0.0,0.0,0.0,0.0,0.7405073743582736,0.259707977416533,761.8710121085101
2022,INDONESIA,REFINED PALM OIL,4,NDPE COMMITMENT,KALIMANTAN TIMUR,KUTAI TIMUR,JABONTARA EKA KARSA (JABON),ID-PALM-MILL-00419,KUALA LUMPUR KEPONG (KLK),WILMAR NABATI INDONESIA (WINA GRESIK),ID-PALM-REFINERY-0010,WILMAR,WILMAR NABATI INDONESIA,WILMAR,TANJUNG PERAK,WILMAR,WILMAR,GREECE,EUROPEAN UNION,ID-64,ID-6404,ID,GR,0.14735367718501013,0.0,0.0,0.0,0.0,0.0,0.0,0.5070281236173986,0.1809399523226239,521.6558849837604
2022,INDONESIA,REFINED PALM OIL,4,NDPE COMMITMENT,KALIMANTAN TIMUR,KUTAI TIMUR,KARYA PRIMA AGRO SEJAHTERA (POM 7),ID-PALM-MILL-01290,DHARMA SATYA NUSANTARA (DSN),WILMAR NABATI INDONESIA (WINA GRESIK),ID-PALM-REFINERY-0010,WILMAR,WILMAR NABATI INDONESIA,WILMAR,TANJUNG PERAK,WILMAR,WILMAR,GREECE,EUROPEAN UNION,ID-64,ID-6404,ID,GR,0.00138483244771719,0.0,0.0,0.0,0.0,0.0,0.0,1.0916483668445158,0.3044726225861094,1123.14242222798
2022,INDONESIA,REFINED PALM OIL,4,NDPE COMMITMENT,KALIMANTAN TIMUR,KUTAI TIMUR,SAWIT SUKSES SEJAHTERA,ID-PALM-MILL-00218,EAGLE HIGH PLANTATIONS,WILMAR NABATI INDONESIA (WINA GRESIK),ID-PALM-REFINERY-0010,WILMAR,WILMAR NABATI INDONESIA,WILMAR,TANJUNG PERAK,WILMAR,WILMAR,GREECE,EUROPEAN UNION,ID-64,ID-6404,ID,GR,3.63733494537951e-05,0.0,0.0,0.0,0.0,0.0,0.0,0.5071681107916568,0.181180442888488,521.799910787997
2022,INDONESIA,REFINED PALM OIL,4,NDPE COMMITMENT,KALIMANTAN TIMUR,KUTAI TIMUR,SIMA AGUNG PRIMA SAWIT (SANDARAN),ID-PALM-MILL-01025,TELADAN PRIMA,WILMAR NABATI INDONESIA (WINA GRESIK),ID-PALM-REFINERY-0010,WILMAR,WILMAR NABATI INDONESIA,WILMAR,TANJUNG PERAK,WILMAR,WILMAR,GREECE,EUROPEAN UNION,ID-64,ID-6404,ID,GR,4.38571486870356e-05,0.0,0.0,0.0,0.0,0.0,0.0,0.2350578146498642,0.0843349148800704,241.839232602513
2022,INDONESIA,REFINED PALM OIL,4,NDPE COMMITMENT,KALIMANTAN TIMUR,KUTAI TIMUR,SWAKARSA SINARSENTOSA (POM 1),ID-PALM-MILL-00196,DHARMA SATYA NUSANTARA (DSN),WILMAR NABATI INDONESIA (WINA GRESIK),ID-PALM-REFINERY-0010,WILMAR,WILMAR NABATI INDONESIA,WILMAR,TANJUNG PERAK,WILMAR,WILMAR,GREECE,EUROPEAN UNION,ID-64,ID-6404,ID,GR,0.0,0.0,0.0,0.0,0.0,0.0,0.0,0.22431149179500726,0.07966243504526828,230.78287833329262
2022,INDONESIA,REFINED PALM OIL,4,NDPE COMMITMENT,KALIMANTAN TIMUR,KUTAI TIMUR,SWAKARSA SINARSENTOSA (POM 4),ID-PALM-MILL-00197,DHARMA SATYA NUSANTARA (DSN),WILMAR NABATI INDONESIA (WINA GRESIK),ID-PALM-REFINERY-0010,WILMAR,WILMAR NABATI INDONESIA,WILMAR,TANJUNG PERAK,WILMAR,WILMAR,GREECE,EUROPEAN UNION,ID-64,ID-6404,ID,GR,0.0,0.0,0.0,0.0,0.0,0.0,0.0,0.9036335500706123,0.3209182392358723,929.7033779901493
2022,INDONESIA,REFINED PALM OIL,4,NDPE COMMITMENT,KALIMANTAN TIMUR,KUTAI TIMUR,TELEN (PENGADAN BAAY),ID-PALM-MILL-00879,TELADAN PRIMA,WILMAR NABATI INDONESIA (WINA GRESIK),ID-PALM-REFINERY-0010,WILMAR,WILMAR NABATI INDONESIA,WILMAR,TANJUNG PERAK,WILMAR,WILMAR,GREECE,EUROPEAN UNION,ID-64,ID-6404,ID,GR,0.005534079175458338,0.0,0.0,0.0,0.0,0.0,0.0,0.5331834652126257,0.1879473164170201,548.5658081840097
2022,INDONESIA,REFINED PALM OIL,4,NDPE COMMITMENT,KALIMANTAN TIMUR,KUTAI TIMUR,TELEN PRIMA SAWIT (MUARA BENGKAL),ID-PALM-MILL-00876,TELADAN PRIMA,WILMAR NABATI INDONESIA (WINA GRESIK),ID-PALM-REFINERY-0010,WILMAR,WILMAR NABATI INDONESIA,WILMAR,TANJUNG PERAK,WILMAR,WILMAR,GREECE,EUROPEAN UNION,ID-64,ID-6404,ID,GR,0.0,0.0,0.0,0.0,0.0,0.0,0.0,0.8604257403947462,0.2953865655966672,885.2490230051351
2022,INDONESIA,REFINED PALM OIL,4,NDPE COMMITMENT,KALIMANTAN TIMUR,KUTAI TIMUR,YUDHA WAHANA ABADI,ID-PALM-MILL-00990,TRIPUTRA AGRO PERSADA,WILMAR NABATI INDONESIA (WINA GRESIK),ID-PALM-REFINERY-0010,WILMAR,WILMAR NABATI INDONESIA,WILMAR,TANJUNG PERAK,WILMAR,WILMAR,GREECE,EUROPEAN UNION,ID-64,ID-6404,ID,GR,0.006353987809038696,0.0012197163755739,0.760422176979395,0.760422176979395,0.0,1.5642063424014,0.0,0.2905330114431758,0.098807528762834,298.9148888233119
2022,INDONESIA,REFINED PALM OIL,4,NDPE COMMITMENT,KALIMANTAN TIMUR,MAHAKAM ULU,BORNEO BHAKTI SEJAHTERA,ID-PALM-MILL-01302,FANGIONO AGRO PLANTATION (FAP AGRI),WILMAR NABATI INDONESIA (WINA GRESIK),ID-PALM-REFINERY-0010,WILMAR,WILMAR NABATI INDONESIA,WILMAR,TANJUNG PERAK,WILMAR,WILMAR,GREECE,EUROPEAN UNION,ID-64,ID-6411,ID,GR,0.2038711143764452,0.0,0.0,0.0,0.0,0.0,0.0,0.6834190120558379,0.24338027313773702,703.1356505536489
2022,INDONESIA,REFINED PALM OIL,4,NDPE COMMITMENT,KALIMANTAN TIMUR,PASER,MULTI JAYANTARA ABADI (TANJUNG HARAPAN),ID-PALM-MILL-01109,TELADAN PRIMA,WILMAR NABATI INDONESIA (WINA GRESIK),ID-PALM-REFINERY-0010,WILMAR,WILMAR NABATI INDONESIA,WILMAR,TANJUNG PERAK,WILMAR,WILMAR,GREECE,EUROPEAN UNION,ID-64,ID-6401,ID,GR,0.0,0.0,0.0,0.0,0.0,0.0,0.0,0.2937049422235884,0.090139041263232,302.178329806739
2022,INDONESIA,REFINED PALM OIL,4,NDPE COMMITMENT,KALIMANTAN TIMUR,PASER,MULTI MAKMUR MITRA ALAM (PASER),ID-PALM-MILL-00533,PADASA ENAM UTAMA,WILMAR NABATI INDONESIA (WINA GRESIK),ID-PALM-REFINERY-0010,WILMAR,WILMAR NABATI INDONESIA,WILMAR,TANJUNG PERAK,WILMAR,WILMAR,GREECE,EUROPEAN UNION,ID-64,ID-6401,ID,GR,0.127682332371679,0.0,0.0,0.0,0.0,0.0,0.0,0.5668846067220525,0.200482920610484,583.239227625983
2022,INDONESIA,REFINED PALM OIL,4,NDPE COMMITMENT,KALIMANTAN TIMUR,PASER,PUCUK JAYA,ID-PALM-MILL-00170,CHELLAM PLANTATIONS,WILMAR NABATI INDONESIA (WINA GRESIK),ID-PALM-REFINERY-0010,WILMAR,WILMAR NABATI INDONESIA,WILMAR,TANJUNG PERAK,WILMAR,WILMAR,GREECE,EUROPEAN UNION,ID-64,ID-6401,ID,GR,0.0971375621397556,0.0,0.0,0.0,0.0,0.0,0.0,0.4312717953118168,0.152522450029117,443.713986606563
